TypeError: Cannot read properties of undefined (reading 'image_url')
    at /home/eskillzs/eSKILLZ/routes/api/nft.js:539:41
    at Array.map (<anonymous>)
    at /home/eskillzs/eSKILLZ/routes/api/nft.js:534:54
    at runMicrotasks (<anonymous>)
    at processTicksAndRejections (node:internal/process/task_queues:96:5)
TypeError: Cannot read properties of undefined (reading 'image_url')
    at /home/eskillzs/eSKILLZ/routes/api/nft.js:539:41
    at Array.map (<anonymous>)
    at /home/eskillzs/eSKILLZ/routes/api/nft.js:534:54
    at runMicrotasks (<anonymous>)
    at processTicksAndRejections (node:internal/process/task_queues:96:5)
TypeError: Cannot read properties of undefined (reading 'image_url')
    at /home/eskillzs/eSKILLZ/routes/api/nft.js:539:41
    at Array.map (<anonymous>)
    at /home/eskillzs/eSKILLZ/routes/api/nft.js:534:54
    at runMicrotasks (<anonymous>)
    at processTicksAndRejections (node:internal/process/task_queues:96:5)
TypeError: Cannot read properties of undefined (reading 'image_url')
    at /home/eskillzs/eSKILLZ/routes/api/nft.js:539:41
    at Array.map (<anonymous>)
    at /home/eskillzs/eSKILLZ/routes/api/nft.js:534:54
    at runMicrotasks (<anonymous>)
    at processTicksAndRejections (node:internal/process/task_queues:96:5)
TypeError: Cannot read properties of undefined (reading 'image_url')
    at /home/eskillzs/eSKILLZ/routes/api/nft.js:539:41
    at Array.map (<anonymous>)
    at /home/eskillzs/eSKILLZ/routes/api/nft.js:534:54
    at runMicrotasks (<anonymous>)
    at processTicksAndRejections (node:internal/process/task_queues:96:5)
TypeError: Cannot read properties of undefined (reading 'image_url')
    at /home/eskillzs/eSKILLZ/routes/api/nft.js:539:41
    at Array.map (<anonymous>)
    at /home/eskillzs/eSKILLZ/routes/api/nft.js:534:54
    at runMicrotasks (<anonymous>)
    at processTicksAndRejections (node:internal/process/task_queues:96:5)
TypeError: Cannot read properties of undefined (reading 'image_url')
    at /home/eskillzs/eSKILLZ/routes/api/nft.js:539:41
    at Array.map (<anonymous>)
    at /home/eskillzs/eSKILLZ/routes/api/nft.js:534:54
    at runMicrotasks (<anonymous>)
    at processTicksAndRejections (node:internal/process/task_queues:96:5)
TypeError: Cannot read properties of undefined (reading 'image_url')
    at /home/eskillzs/eSKILLZ/routes/api/nft.js:539:41
    at Array.map (<anonymous>)
    at /home/eskillzs/eSKILLZ/routes/api/nft.js:534:54
    at runMicrotasks (<anonymous>)
    at processTicksAndRejections (node:internal/process/task_queues:96:5)
TypeError: Cannot read properties of undefined (reading 'image_url')
    at /home/eskillzs/eSKILLZ/routes/api/nft.js:539:41
    at Array.map (<anonymous>)
    at /home/eskillzs/eSKILLZ/routes/api/nft.js:534:54
    at runMicrotasks (<anonymous>)
    at processTicksAndRejections (node:internal/process/task_queues:96:5)
TypeError: Cannot read properties of undefined (reading 'image_url')
    at /home/eskillzs/eSKILLZ/routes/api/nft.js:539:41
    at Array.map (<anonymous>)
    at /home/eskillzs/eSKILLZ/routes/api/nft.js:534:54
    at runMicrotasks (<anonymous>)
    at processTicksAndRejections (node:internal/process/task_queues:96:5)
TypeError: Cannot read properties of undefined (reading 'image_url')
    at /home/eskillzs/eSKILLZ/routes/api/nft.js:539:41
    at Array.map (<anonymous>)
    at /home/eskillzs/eSKILLZ/routes/api/nft.js:534:54
    at runMicrotasks (<anonymous>)
    at processTicksAndRejections (node:internal/process/task_queues:96:5)
TypeError: Cannot read properties of undefined (reading 'image_url')
    at /home/eskillzs/eSKILLZ/routes/api/nft.js:539:41
    at Array.map (<anonymous>)
    at /home/eskillzs/eSKILLZ/routes/api/nft.js:534:54
    at runMicrotasks (<anonymous>)
    at processTicksAndRejections (node:internal/process/task_queues:96:5)
TypeError: Cannot read properties of undefined (reading 'image_url')
    at /home/eskillzs/eSKILLZ/routes/api/nft.js:539:41
    at Array.map (<anonymous>)
    at /home/eskillzs/eSKILLZ/routes/api/nft.js:534:54
    at runMicrotasks (<anonymous>)
    at processTicksAndRejections (node:internal/process/task_queues:96:5)
TypeError: Cannot read properties of undefined (reading 'image_url')
    at /home/eskillzs/eSKILLZ/routes/api/nft.js:539:41
    at Array.map (<anonymous>)
    at /home/eskillzs/eSKILLZ/routes/api/nft.js:534:54
    at runMicrotasks (<anonymous>)
    at processTicksAndRejections (node:internal/process/task_queues:96:5)
TypeError: Cannot read properties of undefined (reading 'image_url')
    at /home/eskillzs/eSKILLZ/routes/api/nft.js:539:41
    at Array.map (<anonymous>)
    at /home/eskillzs/eSKILLZ/routes/api/nft.js:534:54
    at runMicrotasks (<anonymous>)
    at processTicksAndRejections (node:internal/process/task_queues:96:5)
TypeError: Cannot read properties of undefined (reading 'image_url')
    at /home/eskillzs/eSKILLZ/routes/api/nft.js:539:41
    at Array.map (<anonymous>)
    at /home/eskillzs/eSKILLZ/routes/api/nft.js:534:54
    at runMicrotasks (<anonymous>)
    at processTicksAndRejections (node:internal/process/task_queues:96:5)
TypeError: Cannot read properties of undefined (reading 'image_url')
    at /home/eskillzs/eSKILLZ/routes/api/nft.js:539:41
    at Array.map (<anonymous>)
    at /home/eskillzs/eSKILLZ/routes/api/nft.js:534:54
    at runMicrotasks (<anonymous>)
    at processTicksAndRejections (node:internal/process/task_queues:96:5)
TypeError: Cannot read properties of undefined (reading 'image_url')
    at /home/eskillzs/eSKILLZ/routes/api/nft.js:539:41
    at Array.map (<anonymous>)
    at /home/eskillzs/eSKILLZ/routes/api/nft.js:534:54
    at runMicrotasks (<anonymous>)
    at processTicksAndRejections (node:internal/process/task_queues:96:5)
TypeError: Cannot read properties of undefined (reading 'image_url')
    at /home/eskillzs/eSKILLZ/routes/api/nft.js:539:41
    at Array.map (<anonymous>)
    at /home/eskillzs/eSKILLZ/routes/api/nft.js:534:54
    at runMicrotasks (<anonymous>)
    at processTicksAndRejections (node:internal/process/task_queues:96:5)
TypeError: Cannot read properties of undefined (reading 'image_url')
    at /home/eskillzs/eSKILLZ/routes/api/nft.js:539:41
    at Array.map (<anonymous>)
    at /home/eskillzs/eSKILLZ/routes/api/nft.js:534:54
    at runMicrotasks (<anonymous>)
    at processTicksAndRejections (node:internal/process/task_queues:96:5)
TypeError: Cannot read properties of undefined (reading 'image_url')
    at /home/eskillzs/eSKILLZ/routes/api/nft.js:539:41
    at Array.map (<anonymous>)
    at /home/eskillzs/eSKILLZ/routes/api/nft.js:534:54
    at processTicksAndRejections (node:internal/process/task_queues:96:5)
TypeError: Cannot read properties of undefined (reading 'image_url')
    at /home/eskillzs/eSKILLZ/routes/api/nft.js:539:41
    at Array.map (<anonymous>)
    at /home/eskillzs/eSKILLZ/routes/api/nft.js:534:54
    at processTicksAndRejections (node:internal/process/task_queues:96:5)
TypeError: Cannot read properties of undefined (reading 'image_url')
    at /home/eskillzs/eSKILLZ/routes/api/nft.js:539:41
    at Array.map (<anonymous>)
    at /home/eskillzs/eSKILLZ/routes/api/nft.js:534:54
    at processTicksAndRejections (node:internal/process/task_queues:96:5)
TypeError: Cannot read properties of undefined (reading 'image_url')
    at /home/eskillzs/eSKILLZ/routes/api/nft.js:539:41
    at Array.map (<anonymous>)
    at /home/eskillzs/eSKILLZ/routes/api/nft.js:534:54
    at processTicksAndRejections (node:internal/process/task_queues:96:5)
TypeError: Cannot read properties of undefined (reading 'image_url')
    at /home/eskillzs/eSKILLZ/routes/api/nft.js:539:41
    at Array.map (<anonymous>)
    at /home/eskillzs/eSKILLZ/routes/api/nft.js:534:54
    at processTicksAndRejections (node:internal/process/task_queues:96:5)
MoralisError [Moralis SDK Core Error]: [C0005] Invalid address provided: 1dieynxkrdyqnva3tui02idmgnk2ijtqr2
    at Function.EvmAddress.parse (/home/eskillzs/eSKILLZ/node_modules/@moralisweb3/common-evm-utils/lib/cjs/index.cjs:187:19)
    at new EvmAddress (/home/eskillzs/eSKILLZ/node_modules/@moralisweb3/common-evm-utils/lib/cjs/index.cjs:153:34)
    at Function.EvmAddress.create (/home/eskillzs/eSKILLZ/node_modules/@moralisweb3/common-evm-utils/lib/cjs/index.cjs:180:16)
    at Object.getRequestUrlParams$l [as getRequestUrlParams] (/home/eskillzs/eSKILLZ/node_modules/@moralisweb3/common-evm-utils/lib/cjs/index.cjs:9355:29)
    at OperationRequestBuilder.prepareUrl (/home/eskillzs/eSKILLZ/node_modules/@moralisweb3/api-utils/lib/cjs/index.cjs:165:40)
    at PaginatedOperationResolver.<anonymous> (/home/eskillzs/eSKILLZ/node_modules/@moralisweb3/api-utils/lib/cjs/index.cjs:362:50)
    at step (/home/eskillzs/eSKILLZ/node_modules/@moralisweb3/api-utils/lib/cjs/index.cjs:151:23)
    at Object.next (/home/eskillzs/eSKILLZ/node_modules/@moralisweb3/api-utils/lib/cjs/index.cjs:132:53)
    at /home/eskillzs/eSKILLZ/node_modules/@moralisweb3/api-utils/lib/cjs/index.cjs:125:71
    at new Promise (<anonymous>)
    at __awaiter (/home/eskillzs/eSKILLZ/node_modules/@moralisweb3/api-utils/lib/cjs/index.cjs:121:12)
    at PaginatedOperationResolver.fetch (/home/eskillzs/eSKILLZ/node_modules/@moralisweb3/api-utils/lib/cjs/index.cjs:355:50)
    at Object.getWalletNFTs (/home/eskillzs/eSKILLZ/node_modules/@moralisweb3/evm-api/lib/cjs/index.cjs:115:130)
    at /home/eskillzs/eSKILLZ/routes/api/nft.js:524:54
    at Layer.handle [as handle_request] (/home/eskillzs/eSKILLZ/node_modules/express/lib/router/layer.js:95:5)
    at next (/home/eskillzs/eSKILLZ/node_modules/express/lib/router/route.js:137:13) {
  isMoralisError: true,
  code: 'C0005',
  details: undefined,
  [cause]: undefined
}
MoralisError [Moralis SDK Core Error]: [C0005] Invalid address provided: 1dieynxkrdyqnva3tui02idmgnk2ijtqr2
    at Function.EvmAddress.parse (/home/eskillzs/eSKILLZ/node_modules/@moralisweb3/common-evm-utils/lib/cjs/index.cjs:187:19)
    at new EvmAddress (/home/eskillzs/eSKILLZ/node_modules/@moralisweb3/common-evm-utils/lib/cjs/index.cjs:153:34)
    at Function.EvmAddress.create (/home/eskillzs/eSKILLZ/node_modules/@moralisweb3/common-evm-utils/lib/cjs/index.cjs:180:16)
    at Object.getRequestUrlParams$l [as getRequestUrlParams] (/home/eskillzs/eSKILLZ/node_modules/@moralisweb3/common-evm-utils/lib/cjs/index.cjs:9355:29)
    at OperationRequestBuilder.prepareUrl (/home/eskillzs/eSKILLZ/node_modules/@moralisweb3/api-utils/lib/cjs/index.cjs:165:40)
    at PaginatedOperationResolver.<anonymous> (/home/eskillzs/eSKILLZ/node_modules/@moralisweb3/api-utils/lib/cjs/index.cjs:362:50)
    at step (/home/eskillzs/eSKILLZ/node_modules/@moralisweb3/api-utils/lib/cjs/index.cjs:151:23)
    at Object.next (/home/eskillzs/eSKILLZ/node_modules/@moralisweb3/api-utils/lib/cjs/index.cjs:132:53)
    at /home/eskillzs/eSKILLZ/node_modules/@moralisweb3/api-utils/lib/cjs/index.cjs:125:71
    at new Promise (<anonymous>)
    at __awaiter (/home/eskillzs/eSKILLZ/node_modules/@moralisweb3/api-utils/lib/cjs/index.cjs:121:12)
    at PaginatedOperationResolver.fetch (/home/eskillzs/eSKILLZ/node_modules/@moralisweb3/api-utils/lib/cjs/index.cjs:355:50)
    at Object.getWalletNFTs (/home/eskillzs/eSKILLZ/node_modules/@moralisweb3/evm-api/lib/cjs/index.cjs:115:130)
    at /home/eskillzs/eSKILLZ/routes/api/nft.js:524:54
    at Layer.handle [as handle_request] (/home/eskillzs/eSKILLZ/node_modules/express/lib/router/layer.js:95:5)
    at next (/home/eskillzs/eSKILLZ/node_modules/express/lib/router/route.js:137:13) {
  isMoralisError: true,
  code: 'C0005',
  details: undefined,
  [cause]: undefined
}
MoralisError [Moralis SDK Core Error]: [C0005] Invalid address provided: 1dieynxkrdyqnva3tui02idmgnk2ijtqr2
    at Function.EvmAddress.parse (/home/eskillzs/eSKILLZ/node_modules/@moralisweb3/common-evm-utils/lib/cjs/index.cjs:187:19)
    at new EvmAddress (/home/eskillzs/eSKILLZ/node_modules/@moralisweb3/common-evm-utils/lib/cjs/index.cjs:153:34)
    at Function.EvmAddress.create (/home/eskillzs/eSKILLZ/node_modules/@moralisweb3/common-evm-utils/lib/cjs/index.cjs:180:16)
    at Object.getRequestUrlParams$l [as getRequestUrlParams] (/home/eskillzs/eSKILLZ/node_modules/@moralisweb3/common-evm-utils/lib/cjs/index.cjs:9355:29)
    at OperationRequestBuilder.prepareUrl (/home/eskillzs/eSKILLZ/node_modules/@moralisweb3/api-utils/lib/cjs/index.cjs:165:40)
    at PaginatedOperationResolver.<anonymous> (/home/eskillzs/eSKILLZ/node_modules/@moralisweb3/api-utils/lib/cjs/index.cjs:362:50)
    at step (/home/eskillzs/eSKILLZ/node_modules/@moralisweb3/api-utils/lib/cjs/index.cjs:151:23)
    at Object.next (/home/eskillzs/eSKILLZ/node_modules/@moralisweb3/api-utils/lib/cjs/index.cjs:132:53)
    at /home/eskillzs/eSKILLZ/node_modules/@moralisweb3/api-utils/lib/cjs/index.cjs:125:71
    at new Promise (<anonymous>)
    at __awaiter (/home/eskillzs/eSKILLZ/node_modules/@moralisweb3/api-utils/lib/cjs/index.cjs:121:12)
    at PaginatedOperationResolver.fetch (/home/eskillzs/eSKILLZ/node_modules/@moralisweb3/api-utils/lib/cjs/index.cjs:355:50)
    at Object.getWalletNFTs (/home/eskillzs/eSKILLZ/node_modules/@moralisweb3/evm-api/lib/cjs/index.cjs:115:130)
    at /home/eskillzs/eSKILLZ/routes/api/nft.js:524:54
    at Layer.handle [as handle_request] (/home/eskillzs/eSKILLZ/node_modules/express/lib/router/layer.js:95:5)
    at next (/home/eskillzs/eSKILLZ/node_modules/express/lib/router/route.js:137:13) {
  isMoralisError: true,
  code: 'C0005',
  details: undefined,
  [cause]: undefined
}
MoralisError [Moralis SDK Core Error]: [C0005] Invalid address provided: 1dieynxkrdyqnva3tui02idmgnk2ijtqr2
    at Function.EvmAddress.parse (/home/eskillzs/eSKILLZ/node_modules/@moralisweb3/common-evm-utils/lib/cjs/index.cjs:187:19)
    at new EvmAddress (/home/eskillzs/eSKILLZ/node_modules/@moralisweb3/common-evm-utils/lib/cjs/index.cjs:153:34)
    at Function.EvmAddress.create (/home/eskillzs/eSKILLZ/node_modules/@moralisweb3/common-evm-utils/lib/cjs/index.cjs:180:16)
    at Object.getRequestUrlParams$l [as getRequestUrlParams] (/home/eskillzs/eSKILLZ/node_modules/@moralisweb3/common-evm-utils/lib/cjs/index.cjs:9355:29)
    at OperationRequestBuilder.prepareUrl (/home/eskillzs/eSKILLZ/node_modules/@moralisweb3/api-utils/lib/cjs/index.cjs:165:40)
    at PaginatedOperationResolver.<anonymous> (/home/eskillzs/eSKILLZ/node_modules/@moralisweb3/api-utils/lib/cjs/index.cjs:362:50)
    at step (/home/eskillzs/eSKILLZ/node_modules/@moralisweb3/api-utils/lib/cjs/index.cjs:151:23)
    at Object.next (/home/eskillzs/eSKILLZ/node_modules/@moralisweb3/api-utils/lib/cjs/index.cjs:132:53)
    at /home/eskillzs/eSKILLZ/node_modules/@moralisweb3/api-utils/lib/cjs/index.cjs:125:71
    at new Promise (<anonymous>)
    at __awaiter (/home/eskillzs/eSKILLZ/node_modules/@moralisweb3/api-utils/lib/cjs/index.cjs:121:12)
    at PaginatedOperationResolver.fetch (/home/eskillzs/eSKILLZ/node_modules/@moralisweb3/api-utils/lib/cjs/index.cjs:355:50)
    at Object.getWalletNFTs (/home/eskillzs/eSKILLZ/node_modules/@moralisweb3/evm-api/lib/cjs/index.cjs:115:130)
    at /home/eskillzs/eSKILLZ/routes/api/nft.js:524:54
    at Layer.handle [as handle_request] (/home/eskillzs/eSKILLZ/node_modules/express/lib/router/layer.js:95:5)
    at next (/home/eskillzs/eSKILLZ/node_modules/express/lib/router/route.js:137:13) {
  isMoralisError: true,
  code: 'C0005',
  details: undefined,
  [cause]: undefined
}
MoralisError [Moralis SDK Core Error]: [C0005] Invalid address provided: 1dieynxkrdyqnva3tui02idmgnk2ijtqr2
    at Function.EvmAddress.parse (/home/eskillzs/eSKILLZ/node_modules/@moralisweb3/common-evm-utils/lib/cjs/index.cjs:187:19)
    at new EvmAddress (/home/eskillzs/eSKILLZ/node_modules/@moralisweb3/common-evm-utils/lib/cjs/index.cjs:153:34)
    at Function.EvmAddress.create (/home/eskillzs/eSKILLZ/node_modules/@moralisweb3/common-evm-utils/lib/cjs/index.cjs:180:16)
    at Object.getRequestUrlParams$l [as getRequestUrlParams] (/home/eskillzs/eSKILLZ/node_modules/@moralisweb3/common-evm-utils/lib/cjs/index.cjs:9355:29)
    at OperationRequestBuilder.prepareUrl (/home/eskillzs/eSKILLZ/node_modules/@moralisweb3/api-utils/lib/cjs/index.cjs:165:40)
    at PaginatedOperationResolver.<anonymous> (/home/eskillzs/eSKILLZ/node_modules/@moralisweb3/api-utils/lib/cjs/index.cjs:362:50)
    at step (/home/eskillzs/eSKILLZ/node_modules/@moralisweb3/api-utils/lib/cjs/index.cjs:151:23)
    at Object.next (/home/eskillzs/eSKILLZ/node_modules/@moralisweb3/api-utils/lib/cjs/index.cjs:132:53)
    at /home/eskillzs/eSKILLZ/node_modules/@moralisweb3/api-utils/lib/cjs/index.cjs:125:71
    at new Promise (<anonymous>)
    at __awaiter (/home/eskillzs/eSKILLZ/node_modules/@moralisweb3/api-utils/lib/cjs/index.cjs:121:12)
    at PaginatedOperationResolver.fetch (/home/eskillzs/eSKILLZ/node_modules/@moralisweb3/api-utils/lib/cjs/index.cjs:355:50)
    at Object.getWalletNFTs (/home/eskillzs/eSKILLZ/node_modules/@moralisweb3/evm-api/lib/cjs/index.cjs:115:130)
    at /home/eskillzs/eSKILLZ/routes/api/nft.js:524:54
    at Layer.handle [as handle_request] (/home/eskillzs/eSKILLZ/node_modules/express/lib/router/layer.js:95:5)
    at next (/home/eskillzs/eSKILLZ/node_modules/express/lib/router/route.js:137:13) {
  isMoralisError: true,
  code: 'C0005',
  details: undefined,
  [cause]: undefined
}
MoralisError [Moralis SDK Core Error]: [C0005] Invalid address provided: 1dieynxkrdyqnva3tui02idmgnk2ijtqr2
    at Function.EvmAddress.parse (/home/eskillzs/eSKILLZ/node_modules/@moralisweb3/common-evm-utils/lib/cjs/index.cjs:187:19)
    at new EvmAddress (/home/eskillzs/eSKILLZ/node_modules/@moralisweb3/common-evm-utils/lib/cjs/index.cjs:153:34)
    at Function.EvmAddress.create (/home/eskillzs/eSKILLZ/node_modules/@moralisweb3/common-evm-utils/lib/cjs/index.cjs:180:16)
    at Object.getRequestUrlParams$l [as getRequestUrlParams] (/home/eskillzs/eSKILLZ/node_modules/@moralisweb3/common-evm-utils/lib/cjs/index.cjs:9355:29)
    at OperationRequestBuilder.prepareUrl (/home/eskillzs/eSKILLZ/node_modules/@moralisweb3/api-utils/lib/cjs/index.cjs:165:40)
    at PaginatedOperationResolver.<anonymous> (/home/eskillzs/eSKILLZ/node_modules/@moralisweb3/api-utils/lib/cjs/index.cjs:362:50)
    at step (/home/eskillzs/eSKILLZ/node_modules/@moralisweb3/api-utils/lib/cjs/index.cjs:151:23)
    at Object.next (/home/eskillzs/eSKILLZ/node_modules/@moralisweb3/api-utils/lib/cjs/index.cjs:132:53)
    at /home/eskillzs/eSKILLZ/node_modules/@moralisweb3/api-utils/lib/cjs/index.cjs:125:71
    at new Promise (<anonymous>)
    at __awaiter (/home/eskillzs/eSKILLZ/node_modules/@moralisweb3/api-utils/lib/cjs/index.cjs:121:12)
    at PaginatedOperationResolver.fetch (/home/eskillzs/eSKILLZ/node_modules/@moralisweb3/api-utils/lib/cjs/index.cjs:355:50)
    at Object.getWalletNFTs (/home/eskillzs/eSKILLZ/node_modules/@moralisweb3/evm-api/lib/cjs/index.cjs:115:130)
    at /home/eskillzs/eSKILLZ/routes/api/nft.js:524:54
    at Layer.handle [as handle_request] (/home/eskillzs/eSKILLZ/node_modules/express/lib/router/layer.js:95:5)
    at next (/home/eskillzs/eSKILLZ/node_modules/express/lib/router/route.js:137:13) {
  isMoralisError: true,
  code: 'C0005',
  details: undefined,
  [cause]: undefined
}
MoralisError [Moralis SDK Core Error]: [C0005] Invalid address provided: 1dieynxkrdyqnva3tui02idmgnk2ijtqr2
    at Function.EvmAddress.parse (/home/eskillzs/eSKILLZ/node_modules/@moralisweb3/common-evm-utils/lib/cjs/index.cjs:187:19)
    at new EvmAddress (/home/eskillzs/eSKILLZ/node_modules/@moralisweb3/common-evm-utils/lib/cjs/index.cjs:153:34)
    at Function.EvmAddress.create (/home/eskillzs/eSKILLZ/node_modules/@moralisweb3/common-evm-utils/lib/cjs/index.cjs:180:16)
    at Object.getRequestUrlParams$l [as getRequestUrlParams] (/home/eskillzs/eSKILLZ/node_modules/@moralisweb3/common-evm-utils/lib/cjs/index.cjs:9355:29)
    at OperationRequestBuilder.prepareUrl (/home/eskillzs/eSKILLZ/node_modules/@moralisweb3/api-utils/lib/cjs/index.cjs:165:40)
    at PaginatedOperationResolver.<anonymous> (/home/eskillzs/eSKILLZ/node_modules/@moralisweb3/api-utils/lib/cjs/index.cjs:362:50)
    at step (/home/eskillzs/eSKILLZ/node_modules/@moralisweb3/api-utils/lib/cjs/index.cjs:151:23)
    at Object.next (/home/eskillzs/eSKILLZ/node_modules/@moralisweb3/api-utils/lib/cjs/index.cjs:132:53)
    at /home/eskillzs/eSKILLZ/node_modules/@moralisweb3/api-utils/lib/cjs/index.cjs:125:71
    at new Promise (<anonymous>)
    at __awaiter (/home/eskillzs/eSKILLZ/node_modules/@moralisweb3/api-utils/lib/cjs/index.cjs:121:12)
    at PaginatedOperationResolver.fetch (/home/eskillzs/eSKILLZ/node_modules/@moralisweb3/api-utils/lib/cjs/index.cjs:355:50)
    at Object.getWalletNFTs (/home/eskillzs/eSKILLZ/node_modules/@moralisweb3/evm-api/lib/cjs/index.cjs:115:130)
    at /home/eskillzs/eSKILLZ/routes/api/nft.js:524:54
    at Layer.handle [as handle_request] (/home/eskillzs/eSKILLZ/node_modules/express/lib/router/layer.js:95:5)
    at next (/home/eskillzs/eSKILLZ/node_modules/express/lib/router/route.js:137:13) {
  isMoralisError: true,
  code: 'C0005',
  details: undefined,
  [cause]: undefined
}
MoralisError [Moralis SDK Core Error]: [C0005] Invalid address provided: 1dieynxkrdyqnva3tui02idmgnk2ijtqr2
    at Function.EvmAddress.parse (/home/eskillzs/eSKILLZ/node_modules/@moralisweb3/common-evm-utils/lib/cjs/index.cjs:187:19)
    at new EvmAddress (/home/eskillzs/eSKILLZ/node_modules/@moralisweb3/common-evm-utils/lib/cjs/index.cjs:153:34)
    at Function.EvmAddress.create (/home/eskillzs/eSKILLZ/node_modules/@moralisweb3/common-evm-utils/lib/cjs/index.cjs:180:16)
    at Object.getRequestUrlParams$l [as getRequestUrlParams] (/home/eskillzs/eSKILLZ/node_modules/@moralisweb3/common-evm-utils/lib/cjs/index.cjs:9355:29)
    at OperationRequestBuilder.prepareUrl (/home/eskillzs/eSKILLZ/node_modules/@moralisweb3/api-utils/lib/cjs/index.cjs:165:40)
    at PaginatedOperationResolver.<anonymous> (/home/eskillzs/eSKILLZ/node_modules/@moralisweb3/api-utils/lib/cjs/index.cjs:362:50)
    at step (/home/eskillzs/eSKILLZ/node_modules/@moralisweb3/api-utils/lib/cjs/index.cjs:151:23)
    at Object.next (/home/eskillzs/eSKILLZ/node_modules/@moralisweb3/api-utils/lib/cjs/index.cjs:132:53)
    at /home/eskillzs/eSKILLZ/node_modules/@moralisweb3/api-utils/lib/cjs/index.cjs:125:71
    at new Promise (<anonymous>)
    at __awaiter (/home/eskillzs/eSKILLZ/node_modules/@moralisweb3/api-utils/lib/cjs/index.cjs:121:12)
    at PaginatedOperationResolver.fetch (/home/eskillzs/eSKILLZ/node_modules/@moralisweb3/api-utils/lib/cjs/index.cjs:355:50)
    at Object.getWalletNFTs (/home/eskillzs/eSKILLZ/node_modules/@moralisweb3/evm-api/lib/cjs/index.cjs:115:130)
    at /home/eskillzs/eSKILLZ/routes/api/nft.js:524:54
    at Layer.handle [as handle_request] (/home/eskillzs/eSKILLZ/node_modules/express/lib/router/layer.js:95:5)
    at next (/home/eskillzs/eSKILLZ/node_modules/express/lib/router/route.js:137:13) {
  isMoralisError: true,
  code: 'C0005',
  details: undefined,
  [cause]: undefined
}
MoralisError [Moralis SDK Core Error]: [C0005] Invalid address provided: 1dieynxkrdyqnva3tui02idmgnk2ijtqr2
    at Function.EvmAddress.parse (/home/eskillzs/eSKILLZ/node_modules/@moralisweb3/common-evm-utils/lib/cjs/index.cjs:187:19)
    at new EvmAddress (/home/eskillzs/eSKILLZ/node_modules/@moralisweb3/common-evm-utils/lib/cjs/index.cjs:153:34)
    at Function.EvmAddress.create (/home/eskillzs/eSKILLZ/node_modules/@moralisweb3/common-evm-utils/lib/cjs/index.cjs:180:16)
    at Object.getRequestUrlParams$l [as getRequestUrlParams] (/home/eskillzs/eSKILLZ/node_modules/@moralisweb3/common-evm-utils/lib/cjs/index.cjs:9355:29)
    at OperationRequestBuilder.prepareUrl (/home/eskillzs/eSKILLZ/node_modules/@moralisweb3/api-utils/lib/cjs/index.cjs:165:40)
    at PaginatedOperationResolver.<anonymous> (/home/eskillzs/eSKILLZ/node_modules/@moralisweb3/api-utils/lib/cjs/index.cjs:362:50)
    at step (/home/eskillzs/eSKILLZ/node_modules/@moralisweb3/api-utils/lib/cjs/index.cjs:151:23)
    at Object.next (/home/eskillzs/eSKILLZ/node_modules/@moralisweb3/api-utils/lib/cjs/index.cjs:132:53)
    at /home/eskillzs/eSKILLZ/node_modules/@moralisweb3/api-utils/lib/cjs/index.cjs:125:71
    at new Promise (<anonymous>)
    at __awaiter (/home/eskillzs/eSKILLZ/node_modules/@moralisweb3/api-utils/lib/cjs/index.cjs:121:12)
    at PaginatedOperationResolver.fetch (/home/eskillzs/eSKILLZ/node_modules/@moralisweb3/api-utils/lib/cjs/index.cjs:355:50)
    at Object.getWalletNFTs (/home/eskillzs/eSKILLZ/node_modules/@moralisweb3/evm-api/lib/cjs/index.cjs:115:130)
    at /home/eskillzs/eSKILLZ/routes/api/nft.js:524:54
    at Layer.handle [as handle_request] (/home/eskillzs/eSKILLZ/node_modules/express/lib/router/layer.js:95:5)
    at next (/home/eskillzs/eSKILLZ/node_modules/express/lib/router/route.js:137:13) {
  isMoralisError: true,
  code: 'C0005',
  details: undefined,
  [cause]: undefined
}
MoralisError [Moralis SDK Core Error]: [C0005] Invalid address provided: 1dieynxkrdyqnva3tui02idmgnk2ijtqr2
    at Function.EvmAddress.parse (/home/eskillzs/eSKILLZ/node_modules/@moralisweb3/common-evm-utils/lib/cjs/index.cjs:187:19)
    at new EvmAddress (/home/eskillzs/eSKILLZ/node_modules/@moralisweb3/common-evm-utils/lib/cjs/index.cjs:153:34)
    at Function.EvmAddress.create (/home/eskillzs/eSKILLZ/node_modules/@moralisweb3/common-evm-utils/lib/cjs/index.cjs:180:16)
    at Object.getRequestUrlParams$l [as getRequestUrlParams] (/home/eskillzs/eSKILLZ/node_modules/@moralisweb3/common-evm-utils/lib/cjs/index.cjs:9355:29)
    at OperationRequestBuilder.prepareUrl (/home/eskillzs/eSKILLZ/node_modules/@moralisweb3/api-utils/lib/cjs/index.cjs:165:40)
    at PaginatedOperationResolver.<anonymous> (/home/eskillzs/eSKILLZ/node_modules/@moralisweb3/api-utils/lib/cjs/index.cjs:362:50)
    at step (/home/eskillzs/eSKILLZ/node_modules/@moralisweb3/api-utils/lib/cjs/index.cjs:151:23)
    at Object.next (/home/eskillzs/eSKILLZ/node_modules/@moralisweb3/api-utils/lib/cjs/index.cjs:132:53)
    at /home/eskillzs/eSKILLZ/node_modules/@moralisweb3/api-utils/lib/cjs/index.cjs:125:71
    at new Promise (<anonymous>)
    at __awaiter (/home/eskillzs/eSKILLZ/node_modules/@moralisweb3/api-utils/lib/cjs/index.cjs:121:12)
    at PaginatedOperationResolver.fetch (/home/eskillzs/eSKILLZ/node_modules/@moralisweb3/api-utils/lib/cjs/index.cjs:355:50)
    at Object.getWalletNFTs (/home/eskillzs/eSKILLZ/node_modules/@moralisweb3/evm-api/lib/cjs/index.cjs:115:130)
    at /home/eskillzs/eSKILLZ/routes/api/nft.js:524:54
    at Layer.handle [as handle_request] (/home/eskillzs/eSKILLZ/node_modules/express/lib/router/layer.js:95:5)
    at next (/home/eskillzs/eSKILLZ/node_modules/express/lib/router/route.js:137:13) {
  isMoralisError: true,
  code: 'C0005',
  details: undefined,
  [cause]: undefined
}
MoralisError [Moralis SDK Core Error]: [C0005] Invalid address provided: 1dieynxkrdyqnva3tui02idmgnk2ijtqr2
    at Function.EvmAddress.parse (/home/eskillzs/eSKILLZ/node_modules/@moralisweb3/common-evm-utils/lib/cjs/index.cjs:187:19)
    at new EvmAddress (/home/eskillzs/eSKILLZ/node_modules/@moralisweb3/common-evm-utils/lib/cjs/index.cjs:153:34)
    at Function.EvmAddress.create (/home/eskillzs/eSKILLZ/node_modules/@moralisweb3/common-evm-utils/lib/cjs/index.cjs:180:16)
    at Object.getRequestUrlParams$l [as getRequestUrlParams] (/home/eskillzs/eSKILLZ/node_modules/@moralisweb3/common-evm-utils/lib/cjs/index.cjs:9355:29)
    at OperationRequestBuilder.prepareUrl (/home/eskillzs/eSKILLZ/node_modules/@moralisweb3/api-utils/lib/cjs/index.cjs:165:40)
    at PaginatedOperationResolver.<anonymous> (/home/eskillzs/eSKILLZ/node_modules/@moralisweb3/api-utils/lib/cjs/index.cjs:362:50)
    at step (/home/eskillzs/eSKILLZ/node_modules/@moralisweb3/api-utils/lib/cjs/index.cjs:151:23)
    at Object.next (/home/eskillzs/eSKILLZ/node_modules/@moralisweb3/api-utils/lib/cjs/index.cjs:132:53)
    at /home/eskillzs/eSKILLZ/node_modules/@moralisweb3/api-utils/lib/cjs/index.cjs:125:71
    at new Promise (<anonymous>)
    at __awaiter (/home/eskillzs/eSKILLZ/node_modules/@moralisweb3/api-utils/lib/cjs/index.cjs:121:12)
    at PaginatedOperationResolver.fetch (/home/eskillzs/eSKILLZ/node_modules/@moralisweb3/api-utils/lib/cjs/index.cjs:355:50)
    at Object.getWalletNFTs (/home/eskillzs/eSKILLZ/node_modules/@moralisweb3/evm-api/lib/cjs/index.cjs:115:130)
    at /home/eskillzs/eSKILLZ/routes/api/nft.js:524:54
    at Layer.handle [as handle_request] (/home/eskillzs/eSKILLZ/node_modules/express/lib/router/layer.js:95:5)
    at next (/home/eskillzs/eSKILLZ/node_modules/express/lib/router/route.js:137:13) {
  isMoralisError: true,
  code: 'C0005',
  details: undefined,
  [cause]: undefined
}
MoralisError [Moralis SDK Core Error]: [C0005] Invalid address provided: 1dieynxkrdyqnva3tui02idmgnk2ijtqr2
    at Function.EvmAddress.parse (/home/eskillzs/eSKILLZ/node_modules/@moralisweb3/common-evm-utils/lib/cjs/index.cjs:187:19)
    at new EvmAddress (/home/eskillzs/eSKILLZ/node_modules/@moralisweb3/common-evm-utils/lib/cjs/index.cjs:153:34)
    at Function.EvmAddress.create (/home/eskillzs/eSKILLZ/node_modules/@moralisweb3/common-evm-utils/lib/cjs/index.cjs:180:16)
    at Object.getRequestUrlParams$l [as getRequestUrlParams] (/home/eskillzs/eSKILLZ/node_modules/@moralisweb3/common-evm-utils/lib/cjs/index.cjs:9355:29)
    at OperationRequestBuilder.prepareUrl (/home/eskillzs/eSKILLZ/node_modules/@moralisweb3/api-utils/lib/cjs/index.cjs:165:40)
    at PaginatedOperationResolver.<anonymous> (/home/eskillzs/eSKILLZ/node_modules/@moralisweb3/api-utils/lib/cjs/index.cjs:362:50)
    at step (/home/eskillzs/eSKILLZ/node_modules/@moralisweb3/api-utils/lib/cjs/index.cjs:151:23)
    at Object.next (/home/eskillzs/eSKILLZ/node_modules/@moralisweb3/api-utils/lib/cjs/index.cjs:132:53)
    at /home/eskillzs/eSKILLZ/node_modules/@moralisweb3/api-utils/lib/cjs/index.cjs:125:71
    at new Promise (<anonymous>)
    at __awaiter (/home/eskillzs/eSKILLZ/node_modules/@moralisweb3/api-utils/lib/cjs/index.cjs:121:12)
    at PaginatedOperationResolver.fetch (/home/eskillzs/eSKILLZ/node_modules/@moralisweb3/api-utils/lib/cjs/index.cjs:355:50)
    at Object.getWalletNFTs (/home/eskillzs/eSKILLZ/node_modules/@moralisweb3/evm-api/lib/cjs/index.cjs:115:130)
    at /home/eskillzs/eSKILLZ/routes/api/nft.js:524:54
    at Layer.handle [as handle_request] (/home/eskillzs/eSKILLZ/node_modules/express/lib/router/layer.js:95:5)
    at next (/home/eskillzs/eSKILLZ/node_modules/express/lib/router/route.js:137:13) {
  isMoralisError: true,
  code: 'C0005',
  details: undefined,
  [cause]: undefined
}
MoralisError [Moralis SDK Core Error]: [C0005] Invalid address provided: 1dieynxkrdyqnva3tui02idmgnk2ijtqr2
    at Function.EvmAddress.parse (/home/eskillzs/eSKILLZ/node_modules/@moralisweb3/common-evm-utils/lib/cjs/index.cjs:187:19)
    at new EvmAddress (/home/eskillzs/eSKILLZ/node_modules/@moralisweb3/common-evm-utils/lib/cjs/index.cjs:153:34)
    at Function.EvmAddress.create (/home/eskillzs/eSKILLZ/node_modules/@moralisweb3/common-evm-utils/lib/cjs/index.cjs:180:16)
    at Object.getRequestUrlParams$l [as getRequestUrlParams] (/home/eskillzs/eSKILLZ/node_modules/@moralisweb3/common-evm-utils/lib/cjs/index.cjs:9355:29)
    at OperationRequestBuilder.prepareUrl (/home/eskillzs/eSKILLZ/node_modules/@moralisweb3/api-utils/lib/cjs/index.cjs:165:40)
    at PaginatedOperationResolver.<anonymous> (/home/eskillzs/eSKILLZ/node_modules/@moralisweb3/api-utils/lib/cjs/index.cjs:362:50)
    at step (/home/eskillzs/eSKILLZ/node_modules/@moralisweb3/api-utils/lib/cjs/index.cjs:151:23)
    at Object.next (/home/eskillzs/eSKILLZ/node_modules/@moralisweb3/api-utils/lib/cjs/index.cjs:132:53)
    at /home/eskillzs/eSKILLZ/node_modules/@moralisweb3/api-utils/lib/cjs/index.cjs:125:71
    at new Promise (<anonymous>)
    at __awaiter (/home/eskillzs/eSKILLZ/node_modules/@moralisweb3/api-utils/lib/cjs/index.cjs:121:12)
    at PaginatedOperationResolver.fetch (/home/eskillzs/eSKILLZ/node_modules/@moralisweb3/api-utils/lib/cjs/index.cjs:355:50)
    at Object.getWalletNFTs (/home/eskillzs/eSKILLZ/node_modules/@moralisweb3/evm-api/lib/cjs/index.cjs:115:130)
    at /home/eskillzs/eSKILLZ/routes/api/nft.js:524:54
    at Layer.handle [as handle_request] (/home/eskillzs/eSKILLZ/node_modules/express/lib/router/layer.js:95:5)
    at next (/home/eskillzs/eSKILLZ/node_modules/express/lib/router/route.js:137:13) {
  isMoralisError: true,
  code: 'C0005',
  details: undefined,
  [cause]: undefined
}
MoralisError [Moralis SDK Core Error]: [C0005] Invalid address provided: 1dieynxkrdyqnva3tui02idmgnk2ijtqr2
    at Function.EvmAddress.parse (/home/eskillzs/eSKILLZ/node_modules/@moralisweb3/common-evm-utils/lib/cjs/index.cjs:187:19)
    at new EvmAddress (/home/eskillzs/eSKILLZ/node_modules/@moralisweb3/common-evm-utils/lib/cjs/index.cjs:153:34)
    at Function.EvmAddress.create (/home/eskillzs/eSKILLZ/node_modules/@moralisweb3/common-evm-utils/lib/cjs/index.cjs:180:16)
    at Object.getRequestUrlParams$l [as getRequestUrlParams] (/home/eskillzs/eSKILLZ/node_modules/@moralisweb3/common-evm-utils/lib/cjs/index.cjs:9355:29)
    at OperationRequestBuilder.prepareUrl (/home/eskillzs/eSKILLZ/node_modules/@moralisweb3/api-utils/lib/cjs/index.cjs:165:40)
    at PaginatedOperationResolver.<anonymous> (/home/eskillzs/eSKILLZ/node_modules/@moralisweb3/api-utils/lib/cjs/index.cjs:362:50)
    at step (/home/eskillzs/eSKILLZ/node_modules/@moralisweb3/api-utils/lib/cjs/index.cjs:151:23)
    at Object.next (/home/eskillzs/eSKILLZ/node_modules/@moralisweb3/api-utils/lib/cjs/index.cjs:132:53)
    at /home/eskillzs/eSKILLZ/node_modules/@moralisweb3/api-utils/lib/cjs/index.cjs:125:71
    at new Promise (<anonymous>)
    at __awaiter (/home/eskillzs/eSKILLZ/node_modules/@moralisweb3/api-utils/lib/cjs/index.cjs:121:12)
    at PaginatedOperationResolver.fetch (/home/eskillzs/eSKILLZ/node_modules/@moralisweb3/api-utils/lib/cjs/index.cjs:355:50)
    at Object.getWalletNFTs (/home/eskillzs/eSKILLZ/node_modules/@moralisweb3/evm-api/lib/cjs/index.cjs:115:130)
    at /home/eskillzs/eSKILLZ/routes/api/nft.js:524:54
    at Layer.handle [as handle_request] (/home/eskillzs/eSKILLZ/node_modules/express/lib/router/layer.js:95:5)
    at next (/home/eskillzs/eSKILLZ/node_modules/express/lib/router/route.js:137:13) {
  isMoralisError: true,
  code: 'C0005',
  details: undefined,
  [cause]: undefined
}
MoralisError [Moralis SDK Core Error]: [C0005] Invalid address provided: 1dieynxkrdyqnva3tui02idmgnk2ijtqr2
    at Function.EvmAddress.parse (/home/eskillzs/eSKILLZ/node_modules/@moralisweb3/common-evm-utils/lib/cjs/index.cjs:187:19)
    at new EvmAddress (/home/eskillzs/eSKILLZ/node_modules/@moralisweb3/common-evm-utils/lib/cjs/index.cjs:153:34)
    at Function.EvmAddress.create (/home/eskillzs/eSKILLZ/node_modules/@moralisweb3/common-evm-utils/lib/cjs/index.cjs:180:16)
    at Object.getRequestUrlParams$l [as getRequestUrlParams] (/home/eskillzs/eSKILLZ/node_modules/@moralisweb3/common-evm-utils/lib/cjs/index.cjs:9355:29)
    at OperationRequestBuilder.prepareUrl (/home/eskillzs/eSKILLZ/node_modules/@moralisweb3/api-utils/lib/cjs/index.cjs:165:40)
    at PaginatedOperationResolver.<anonymous> (/home/eskillzs/eSKILLZ/node_modules/@moralisweb3/api-utils/lib/cjs/index.cjs:362:50)
    at step (/home/eskillzs/eSKILLZ/node_modules/@moralisweb3/api-utils/lib/cjs/index.cjs:151:23)
    at Object.next (/home/eskillzs/eSKILLZ/node_modules/@moralisweb3/api-utils/lib/cjs/index.cjs:132:53)
    at /home/eskillzs/eSKILLZ/node_modules/@moralisweb3/api-utils/lib/cjs/index.cjs:125:71
    at new Promise (<anonymous>)
    at __awaiter (/home/eskillzs/eSKILLZ/node_modules/@moralisweb3/api-utils/lib/cjs/index.cjs:121:12)
    at PaginatedOperationResolver.fetch (/home/eskillzs/eSKILLZ/node_modules/@moralisweb3/api-utils/lib/cjs/index.cjs:355:50)
    at Object.getWalletNFTs (/home/eskillzs/eSKILLZ/node_modules/@moralisweb3/evm-api/lib/cjs/index.cjs:115:130)
    at /home/eskillzs/eSKILLZ/routes/api/nft.js:524:54
    at Layer.handle [as handle_request] (/home/eskillzs/eSKILLZ/node_modules/express/lib/router/layer.js:95:5)
    at next (/home/eskillzs/eSKILLZ/node_modules/express/lib/router/route.js:137:13) {
  isMoralisError: true,
  code: 'C0005',
  details: undefined,
  [cause]: undefined
}
MoralisError [Moralis SDK Core Error]: [C0005] Invalid address provided: 1dieynxkrdyqnva3tui02idmgnk2ijtqr2
    at Function.EvmAddress.parse (/home/eskillzs/eSKILLZ/node_modules/@moralisweb3/common-evm-utils/lib/cjs/index.cjs:187:19)
    at new EvmAddress (/home/eskillzs/eSKILLZ/node_modules/@moralisweb3/common-evm-utils/lib/cjs/index.cjs:153:34)
    at Function.EvmAddress.create (/home/eskillzs/eSKILLZ/node_modules/@moralisweb3/common-evm-utils/lib/cjs/index.cjs:180:16)
    at Object.getRequestUrlParams$l [as getRequestUrlParams] (/home/eskillzs/eSKILLZ/node_modules/@moralisweb3/common-evm-utils/lib/cjs/index.cjs:9355:29)
    at OperationRequestBuilder.prepareUrl (/home/eskillzs/eSKILLZ/node_modules/@moralisweb3/api-utils/lib/cjs/index.cjs:165:40)
    at PaginatedOperationResolver.<anonymous> (/home/eskillzs/eSKILLZ/node_modules/@moralisweb3/api-utils/lib/cjs/index.cjs:362:50)
    at step (/home/eskillzs/eSKILLZ/node_modules/@moralisweb3/api-utils/lib/cjs/index.cjs:151:23)
    at Object.next (/home/eskillzs/eSKILLZ/node_modules/@moralisweb3/api-utils/lib/cjs/index.cjs:132:53)
    at /home/eskillzs/eSKILLZ/node_modules/@moralisweb3/api-utils/lib/cjs/index.cjs:125:71
    at new Promise (<anonymous>)
    at __awaiter (/home/eskillzs/eSKILLZ/node_modules/@moralisweb3/api-utils/lib/cjs/index.cjs:121:12)
    at PaginatedOperationResolver.fetch (/home/eskillzs/eSKILLZ/node_modules/@moralisweb3/api-utils/lib/cjs/index.cjs:355:50)
    at Object.getWalletNFTs (/home/eskillzs/eSKILLZ/node_modules/@moralisweb3/evm-api/lib/cjs/index.cjs:115:130)
    at /home/eskillzs/eSKILLZ/routes/api/nft.js:524:54
    at Layer.handle [as handle_request] (/home/eskillzs/eSKILLZ/node_modules/express/lib/router/layer.js:95:5)
    at next (/home/eskillzs/eSKILLZ/node_modules/express/lib/router/route.js:137:13) {
  isMoralisError: true,
  code: 'C0005',
  details: undefined,
  [cause]: undefined
}
MoralisError [Moralis SDK Core Error]: [C0005] Invalid address provided: 1dieynxkrdyqnva3tui02idmgnk2ijtqr2
    at Function.EvmAddress.parse (/home/eskillzs/eSKILLZ/node_modules/@moralisweb3/common-evm-utils/lib/cjs/index.cjs:187:19)
    at new EvmAddress (/home/eskillzs/eSKILLZ/node_modules/@moralisweb3/common-evm-utils/lib/cjs/index.cjs:153:34)
    at Function.EvmAddress.create (/home/eskillzs/eSKILLZ/node_modules/@moralisweb3/common-evm-utils/lib/cjs/index.cjs:180:16)
    at Object.getRequestUrlParams$l [as getRequestUrlParams] (/home/eskillzs/eSKILLZ/node_modules/@moralisweb3/common-evm-utils/lib/cjs/index.cjs:9355:29)
    at OperationRequestBuilder.prepareUrl (/home/eskillzs/eSKILLZ/node_modules/@moralisweb3/api-utils/lib/cjs/index.cjs:165:40)
    at PaginatedOperationResolver.<anonymous> (/home/eskillzs/eSKILLZ/node_modules/@moralisweb3/api-utils/lib/cjs/index.cjs:362:50)
    at step (/home/eskillzs/eSKILLZ/node_modules/@moralisweb3/api-utils/lib/cjs/index.cjs:151:23)
    at Object.next (/home/eskillzs/eSKILLZ/node_modules/@moralisweb3/api-utils/lib/cjs/index.cjs:132:53)
    at /home/eskillzs/eSKILLZ/node_modules/@moralisweb3/api-utils/lib/cjs/index.cjs:125:71
    at new Promise (<anonymous>)
    at __awaiter (/home/eskillzs/eSKILLZ/node_modules/@moralisweb3/api-utils/lib/cjs/index.cjs:121:12)
    at PaginatedOperationResolver.fetch (/home/eskillzs/eSKILLZ/node_modules/@moralisweb3/api-utils/lib/cjs/index.cjs:355:50)
    at Object.getWalletNFTs (/home/eskillzs/eSKILLZ/node_modules/@moralisweb3/evm-api/lib/cjs/index.cjs:115:130)
    at /home/eskillzs/eSKILLZ/routes/api/nft.js:524:54
    at Layer.handle [as handle_request] (/home/eskillzs/eSKILLZ/node_modules/express/lib/router/layer.js:95:5)
    at next (/home/eskillzs/eSKILLZ/node_modules/express/lib/router/route.js:137:13) {
  isMoralisError: true,
  code: 'C0005',
  details: undefined,
  [cause]: undefined
}
MoralisError [Moralis SDK Core Error]: [C0005] Invalid address provided: 1dieynxkrdyqnva3tui02idmgnk2ijtqr2
    at Function.EvmAddress.parse (/home/eskillzs/eSKILLZ/node_modules/@moralisweb3/common-evm-utils/lib/cjs/index.cjs:187:19)
    at new EvmAddress (/home/eskillzs/eSKILLZ/node_modules/@moralisweb3/common-evm-utils/lib/cjs/index.cjs:153:34)
    at Function.EvmAddress.create (/home/eskillzs/eSKILLZ/node_modules/@moralisweb3/common-evm-utils/lib/cjs/index.cjs:180:16)
    at Object.getRequestUrlParams$l [as getRequestUrlParams] (/home/eskillzs/eSKILLZ/node_modules/@moralisweb3/common-evm-utils/lib/cjs/index.cjs:9355:29)
    at OperationRequestBuilder.prepareUrl (/home/eskillzs/eSKILLZ/node_modules/@moralisweb3/api-utils/lib/cjs/index.cjs:165:40)
    at PaginatedOperationResolver.<anonymous> (/home/eskillzs/eSKILLZ/node_modules/@moralisweb3/api-utils/lib/cjs/index.cjs:362:50)
    at step (/home/eskillzs/eSKILLZ/node_modules/@moralisweb3/api-utils/lib/cjs/index.cjs:151:23)
    at Object.next (/home/eskillzs/eSKILLZ/node_modules/@moralisweb3/api-utils/lib/cjs/index.cjs:132:53)
    at /home/eskillzs/eSKILLZ/node_modules/@moralisweb3/api-utils/lib/cjs/index.cjs:125:71
    at new Promise (<anonymous>)
    at __awaiter (/home/eskillzs/eSKILLZ/node_modules/@moralisweb3/api-utils/lib/cjs/index.cjs:121:12)
    at PaginatedOperationResolver.fetch (/home/eskillzs/eSKILLZ/node_modules/@moralisweb3/api-utils/lib/cjs/index.cjs:355:50)
    at Object.getWalletNFTs (/home/eskillzs/eSKILLZ/node_modules/@moralisweb3/evm-api/lib/cjs/index.cjs:115:130)
    at /home/eskillzs/eSKILLZ/routes/api/nft.js:524:54
    at Layer.handle [as handle_request] (/home/eskillzs/eSKILLZ/node_modules/express/lib/router/layer.js:95:5)
    at next (/home/eskillzs/eSKILLZ/node_modules/express/lib/router/route.js:137:13) {
  isMoralisError: true,
  code: 'C0005',
  details: undefined,
  [cause]: undefined
}
MoralisError [Moralis SDK Core Error]: [C0005] Invalid address provided: 1dieynxkrdyqnva3tui02idmgnk2ijtqr2
    at Function.EvmAddress.parse (/home/eskillzs/eSKILLZ/node_modules/@moralisweb3/common-evm-utils/lib/cjs/index.cjs:187:19)
    at new EvmAddress (/home/eskillzs/eSKILLZ/node_modules/@moralisweb3/common-evm-utils/lib/cjs/index.cjs:153:34)
    at Function.EvmAddress.create (/home/eskillzs/eSKILLZ/node_modules/@moralisweb3/common-evm-utils/lib/cjs/index.cjs:180:16)
    at Object.getRequestUrlParams$l [as getRequestUrlParams] (/home/eskillzs/eSKILLZ/node_modules/@moralisweb3/common-evm-utils/lib/cjs/index.cjs:9355:29)
    at OperationRequestBuilder.prepareUrl (/home/eskillzs/eSKILLZ/node_modules/@moralisweb3/api-utils/lib/cjs/index.cjs:165:40)
    at PaginatedOperationResolver.<anonymous> (/home/eskillzs/eSKILLZ/node_modules/@moralisweb3/api-utils/lib/cjs/index.cjs:362:50)
    at step (/home/eskillzs/eSKILLZ/node_modules/@moralisweb3/api-utils/lib/cjs/index.cjs:151:23)
    at Object.next (/home/eskillzs/eSKILLZ/node_modules/@moralisweb3/api-utils/lib/cjs/index.cjs:132:53)
    at /home/eskillzs/eSKILLZ/node_modules/@moralisweb3/api-utils/lib/cjs/index.cjs:125:71
    at new Promise (<anonymous>)
    at __awaiter (/home/eskillzs/eSKILLZ/node_modules/@moralisweb3/api-utils/lib/cjs/index.cjs:121:12)
    at PaginatedOperationResolver.fetch (/home/eskillzs/eSKILLZ/node_modules/@moralisweb3/api-utils/lib/cjs/index.cjs:355:50)
    at Object.getWalletNFTs (/home/eskillzs/eSKILLZ/node_modules/@moralisweb3/evm-api/lib/cjs/index.cjs:115:130)
    at /home/eskillzs/eSKILLZ/routes/api/nft.js:524:54
    at Layer.handle [as handle_request] (/home/eskillzs/eSKILLZ/node_modules/express/lib/router/layer.js:95:5)
    at next (/home/eskillzs/eSKILLZ/node_modules/express/lib/router/route.js:137:13) {
  isMoralisError: true,
  code: 'C0005',
  details: undefined,
  [cause]: undefined
}
MoralisError [Moralis SDK Core Error]: [C0005] Invalid address provided: 1dieynxkrdyqnva3tui02idmgnk2ijtqr2
    at Function.EvmAddress.parse (/home/eskillzs/eSKILLZ/node_modules/@moralisweb3/common-evm-utils/lib/cjs/index.cjs:187:19)
    at new EvmAddress (/home/eskillzs/eSKILLZ/node_modules/@moralisweb3/common-evm-utils/lib/cjs/index.cjs:153:34)
    at Function.EvmAddress.create (/home/eskillzs/eSKILLZ/node_modules/@moralisweb3/common-evm-utils/lib/cjs/index.cjs:180:16)
    at Object.getRequestUrlParams$l [as getRequestUrlParams] (/home/eskillzs/eSKILLZ/node_modules/@moralisweb3/common-evm-utils/lib/cjs/index.cjs:9355:29)
    at OperationRequestBuilder.prepareUrl (/home/eskillzs/eSKILLZ/node_modules/@moralisweb3/api-utils/lib/cjs/index.cjs:165:40)
    at PaginatedOperationResolver.<anonymous> (/home/eskillzs/eSKILLZ/node_modules/@moralisweb3/api-utils/lib/cjs/index.cjs:362:50)
    at step (/home/eskillzs/eSKILLZ/node_modules/@moralisweb3/api-utils/lib/cjs/index.cjs:151:23)
    at Object.next (/home/eskillzs/eSKILLZ/node_modules/@moralisweb3/api-utils/lib/cjs/index.cjs:132:53)
    at /home/eskillzs/eSKILLZ/node_modules/@moralisweb3/api-utils/lib/cjs/index.cjs:125:71
    at new Promise (<anonymous>)
    at __awaiter (/home/eskillzs/eSKILLZ/node_modules/@moralisweb3/api-utils/lib/cjs/index.cjs:121:12)
    at PaginatedOperationResolver.fetch (/home/eskillzs/eSKILLZ/node_modules/@moralisweb3/api-utils/lib/cjs/index.cjs:355:50)
    at Object.getWalletNFTs (/home/eskillzs/eSKILLZ/node_modules/@moralisweb3/evm-api/lib/cjs/index.cjs:115:130)
    at /home/eskillzs/eSKILLZ/routes/api/nft.js:524:54
    at Layer.handle [as handle_request] (/home/eskillzs/eSKILLZ/node_modules/express/lib/router/layer.js:95:5)
    at next (/home/eskillzs/eSKILLZ/node_modules/express/lib/router/route.js:137:13) {
  isMoralisError: true,
  code: 'C0005',
  details: undefined,
  [cause]: undefined
}
MoralisError [Moralis SDK Core Error]: [C0005] Invalid address provided: 1dieynxkrdyqnva3tui02idmgnk2ijtqr2
    at Function.EvmAddress.parse (/home/eskillzs/eSKILLZ/node_modules/@moralisweb3/common-evm-utils/lib/cjs/index.cjs:187:19)
    at new EvmAddress (/home/eskillzs/eSKILLZ/node_modules/@moralisweb3/common-evm-utils/lib/cjs/index.cjs:153:34)
    at Function.EvmAddress.create (/home/eskillzs/eSKILLZ/node_modules/@moralisweb3/common-evm-utils/lib/cjs/index.cjs:180:16)
    at Object.getRequestUrlParams$l [as getRequestUrlParams] (/home/eskillzs/eSKILLZ/node_modules/@moralisweb3/common-evm-utils/lib/cjs/index.cjs:9355:29)
    at OperationRequestBuilder.prepareUrl (/home/eskillzs/eSKILLZ/node_modules/@moralisweb3/api-utils/lib/cjs/index.cjs:165:40)
    at PaginatedOperationResolver.<anonymous> (/home/eskillzs/eSKILLZ/node_modules/@moralisweb3/api-utils/lib/cjs/index.cjs:362:50)
    at step (/home/eskillzs/eSKILLZ/node_modules/@moralisweb3/api-utils/lib/cjs/index.cjs:151:23)
    at Object.next (/home/eskillzs/eSKILLZ/node_modules/@moralisweb3/api-utils/lib/cjs/index.cjs:132:53)
    at /home/eskillzs/eSKILLZ/node_modules/@moralisweb3/api-utils/lib/cjs/index.cjs:125:71
    at new Promise (<anonymous>)
    at __awaiter (/home/eskillzs/eSKILLZ/node_modules/@moralisweb3/api-utils/lib/cjs/index.cjs:121:12)
    at PaginatedOperationResolver.fetch (/home/eskillzs/eSKILLZ/node_modules/@moralisweb3/api-utils/lib/cjs/index.cjs:355:50)
    at Object.getWalletNFTs (/home/eskillzs/eSKILLZ/node_modules/@moralisweb3/evm-api/lib/cjs/index.cjs:115:130)
    at /home/eskillzs/eSKILLZ/routes/api/nft.js:524:54
    at Layer.handle [as handle_request] (/home/eskillzs/eSKILLZ/node_modules/express/lib/router/layer.js:95:5)
    at next (/home/eskillzs/eSKILLZ/node_modules/express/lib/router/route.js:137:13) {
  isMoralisError: true,
  code: 'C0005',
  details: undefined,
  [cause]: undefined
}
MoralisError [Moralis SDK Core Error]: [C0005] Invalid address provided: 1dieynxkrdyqnva3tui02idmgnk2ijtqr2
    at Function.EvmAddress.parse (/home/eskillzs/eSKILLZ/node_modules/@moralisweb3/common-evm-utils/lib/cjs/index.cjs:187:19)
    at new EvmAddress (/home/eskillzs/eSKILLZ/node_modules/@moralisweb3/common-evm-utils/lib/cjs/index.cjs:153:34)
    at Function.EvmAddress.create (/home/eskillzs/eSKILLZ/node_modules/@moralisweb3/common-evm-utils/lib/cjs/index.cjs:180:16)
    at Object.getRequestUrlParams$l [as getRequestUrlParams] (/home/eskillzs/eSKILLZ/node_modules/@moralisweb3/common-evm-utils/lib/cjs/index.cjs:9355:29)
    at OperationRequestBuilder.prepareUrl (/home/eskillzs/eSKILLZ/node_modules/@moralisweb3/api-utils/lib/cjs/index.cjs:165:40)
    at PaginatedOperationResolver.<anonymous> (/home/eskillzs/eSKILLZ/node_modules/@moralisweb3/api-utils/lib/cjs/index.cjs:362:50)
    at step (/home/eskillzs/eSKILLZ/node_modules/@moralisweb3/api-utils/lib/cjs/index.cjs:151:23)
    at Object.next (/home/eskillzs/eSKILLZ/node_modules/@moralisweb3/api-utils/lib/cjs/index.cjs:132:53)
    at /home/eskillzs/eSKILLZ/node_modules/@moralisweb3/api-utils/lib/cjs/index.cjs:125:71
    at new Promise (<anonymous>)
    at __awaiter (/home/eskillzs/eSKILLZ/node_modules/@moralisweb3/api-utils/lib/cjs/index.cjs:121:12)
    at PaginatedOperationResolver.fetch (/home/eskillzs/eSKILLZ/node_modules/@moralisweb3/api-utils/lib/cjs/index.cjs:355:50)
    at Object.getWalletNFTs (/home/eskillzs/eSKILLZ/node_modules/@moralisweb3/evm-api/lib/cjs/index.cjs:115:130)
    at /home/eskillzs/eSKILLZ/routes/api/nft.js:524:54
    at Layer.handle [as handle_request] (/home/eskillzs/eSKILLZ/node_modules/express/lib/router/layer.js:95:5)
    at next (/home/eskillzs/eSKILLZ/node_modules/express/lib/router/route.js:137:13) {
  isMoralisError: true,
  code: 'C0005',
  details: undefined,
  [cause]: undefined
}
MoralisError [Moralis SDK Core Error]: [C0005] Invalid address provided: 1dieynxkrdyqnva3tui02idmgnk2ijtqr2
    at Function.EvmAddress.parse (/home/eskillzs/eSKILLZ/node_modules/@moralisweb3/common-evm-utils/lib/cjs/index.cjs:187:19)
    at new EvmAddress (/home/eskillzs/eSKILLZ/node_modules/@moralisweb3/common-evm-utils/lib/cjs/index.cjs:153:34)
    at Function.EvmAddress.create (/home/eskillzs/eSKILLZ/node_modules/@moralisweb3/common-evm-utils/lib/cjs/index.cjs:180:16)
    at Object.getRequestUrlParams$l [as getRequestUrlParams] (/home/eskillzs/eSKILLZ/node_modules/@moralisweb3/common-evm-utils/lib/cjs/index.cjs:9355:29)
    at OperationRequestBuilder.prepareUrl (/home/eskillzs/eSKILLZ/node_modules/@moralisweb3/api-utils/lib/cjs/index.cjs:165:40)
    at PaginatedOperationResolver.<anonymous> (/home/eskillzs/eSKILLZ/node_modules/@moralisweb3/api-utils/lib/cjs/index.cjs:362:50)
    at step (/home/eskillzs/eSKILLZ/node_modules/@moralisweb3/api-utils/lib/cjs/index.cjs:151:23)
    at Object.next (/home/eskillzs/eSKILLZ/node_modules/@moralisweb3/api-utils/lib/cjs/index.cjs:132:53)
    at /home/eskillzs/eSKILLZ/node_modules/@moralisweb3/api-utils/lib/cjs/index.cjs:125:71
    at new Promise (<anonymous>)
    at __awaiter (/home/eskillzs/eSKILLZ/node_modules/@moralisweb3/api-utils/lib/cjs/index.cjs:121:12)
    at PaginatedOperationResolver.fetch (/home/eskillzs/eSKILLZ/node_modules/@moralisweb3/api-utils/lib/cjs/index.cjs:355:50)
    at Object.getWalletNFTs (/home/eskillzs/eSKILLZ/node_modules/@moralisweb3/evm-api/lib/cjs/index.cjs:115:130)
    at /home/eskillzs/eSKILLZ/routes/api/nft.js:524:54
    at Layer.handle [as handle_request] (/home/eskillzs/eSKILLZ/node_modules/express/lib/router/layer.js:95:5)
    at next (/home/eskillzs/eSKILLZ/node_modules/express/lib/router/route.js:137:13) {
  isMoralisError: true,
  code: 'C0005',
  details: undefined,
  [cause]: undefined
}
MoralisError [Moralis SDK Core Error]: [C0005] Invalid address provided: 1dieynxkrdyqnva3tui02idmgnk2ijtqr2
    at Function.EvmAddress.parse (/home/eskillzs/eSKILLZ/node_modules/@moralisweb3/common-evm-utils/lib/cjs/index.cjs:187:19)
    at new EvmAddress (/home/eskillzs/eSKILLZ/node_modules/@moralisweb3/common-evm-utils/lib/cjs/index.cjs:153:34)
    at Function.EvmAddress.create (/home/eskillzs/eSKILLZ/node_modules/@moralisweb3/common-evm-utils/lib/cjs/index.cjs:180:16)
    at Object.getRequestUrlParams$l [as getRequestUrlParams] (/home/eskillzs/eSKILLZ/node_modules/@moralisweb3/common-evm-utils/lib/cjs/index.cjs:9355:29)
    at OperationRequestBuilder.prepareUrl (/home/eskillzs/eSKILLZ/node_modules/@moralisweb3/api-utils/lib/cjs/index.cjs:165:40)
    at PaginatedOperationResolver.<anonymous> (/home/eskillzs/eSKILLZ/node_modules/@moralisweb3/api-utils/lib/cjs/index.cjs:362:50)
    at step (/home/eskillzs/eSKILLZ/node_modules/@moralisweb3/api-utils/lib/cjs/index.cjs:151:23)
    at Object.next (/home/eskillzs/eSKILLZ/node_modules/@moralisweb3/api-utils/lib/cjs/index.cjs:132:53)
    at /home/eskillzs/eSKILLZ/node_modules/@moralisweb3/api-utils/lib/cjs/index.cjs:125:71
    at new Promise (<anonymous>)
    at __awaiter (/home/eskillzs/eSKILLZ/node_modules/@moralisweb3/api-utils/lib/cjs/index.cjs:121:12)
    at PaginatedOperationResolver.fetch (/home/eskillzs/eSKILLZ/node_modules/@moralisweb3/api-utils/lib/cjs/index.cjs:355:50)
    at Object.getWalletNFTs (/home/eskillzs/eSKILLZ/node_modules/@moralisweb3/evm-api/lib/cjs/index.cjs:115:130)
    at /home/eskillzs/eSKILLZ/routes/api/nft.js:524:54
    at Layer.handle [as handle_request] (/home/eskillzs/eSKILLZ/node_modules/express/lib/router/layer.js:95:5)
    at next (/home/eskillzs/eSKILLZ/node_modules/express/lib/router/route.js:137:13) {
  isMoralisError: true,
  code: 'C0005',
  details: undefined,
  [cause]: undefined
}
MoralisError [Moralis SDK Core Error]: [C0005] Invalid address provided: 1dieynxkrdyqnva3tui02idmgnk2ijtqr2
    at Function.EvmAddress.parse (/home/eskillzs/eSKILLZ/node_modules/@moralisweb3/common-evm-utils/lib/cjs/index.cjs:187:19)
    at new EvmAddress (/home/eskillzs/eSKILLZ/node_modules/@moralisweb3/common-evm-utils/lib/cjs/index.cjs:153:34)
    at Function.EvmAddress.create (/home/eskillzs/eSKILLZ/node_modules/@moralisweb3/common-evm-utils/lib/cjs/index.cjs:180:16)
    at Object.getRequestUrlParams$l [as getRequestUrlParams] (/home/eskillzs/eSKILLZ/node_modules/@moralisweb3/common-evm-utils/lib/cjs/index.cjs:9355:29)
    at OperationRequestBuilder.prepareUrl (/home/eskillzs/eSKILLZ/node_modules/@moralisweb3/api-utils/lib/cjs/index.cjs:165:40)
    at PaginatedOperationResolver.<anonymous> (/home/eskillzs/eSKILLZ/node_modules/@moralisweb3/api-utils/lib/cjs/index.cjs:362:50)
    at step (/home/eskillzs/eSKILLZ/node_modules/@moralisweb3/api-utils/lib/cjs/index.cjs:151:23)
    at Object.next (/home/eskillzs/eSKILLZ/node_modules/@moralisweb3/api-utils/lib/cjs/index.cjs:132:53)
    at /home/eskillzs/eSKILLZ/node_modules/@moralisweb3/api-utils/lib/cjs/index.cjs:125:71
    at new Promise (<anonymous>)
    at __awaiter (/home/eskillzs/eSKILLZ/node_modules/@moralisweb3/api-utils/lib/cjs/index.cjs:121:12)
    at PaginatedOperationResolver.fetch (/home/eskillzs/eSKILLZ/node_modules/@moralisweb3/api-utils/lib/cjs/index.cjs:355:50)
    at Object.getWalletNFTs (/home/eskillzs/eSKILLZ/node_modules/@moralisweb3/evm-api/lib/cjs/index.cjs:115:130)
    at /home/eskillzs/eSKILLZ/routes/api/nft.js:524:54
    at Layer.handle [as handle_request] (/home/eskillzs/eSKILLZ/node_modules/express/lib/router/layer.js:95:5)
    at next (/home/eskillzs/eSKILLZ/node_modules/express/lib/router/route.js:137:13) {
  isMoralisError: true,
  code: 'C0005',
  details: undefined,
  [cause]: undefined
}
MoralisError [Moralis SDK Core Error]: [C0005] Invalid address provided: 1dieynxkrdyqnva3tui02idmgnk2ijtqr2
    at Function.EvmAddress.parse (/home/eskillzs/eSKILLZ/node_modules/@moralisweb3/common-evm-utils/lib/cjs/index.cjs:187:19)
    at new EvmAddress (/home/eskillzs/eSKILLZ/node_modules/@moralisweb3/common-evm-utils/lib/cjs/index.cjs:153:34)
    at Function.EvmAddress.create (/home/eskillzs/eSKILLZ/node_modules/@moralisweb3/common-evm-utils/lib/cjs/index.cjs:180:16)
    at Object.getRequestUrlParams$l [as getRequestUrlParams] (/home/eskillzs/eSKILLZ/node_modules/@moralisweb3/common-evm-utils/lib/cjs/index.cjs:9355:29)
    at OperationRequestBuilder.prepareUrl (/home/eskillzs/eSKILLZ/node_modules/@moralisweb3/api-utils/lib/cjs/index.cjs:165:40)
    at PaginatedOperationResolver.<anonymous> (/home/eskillzs/eSKILLZ/node_modules/@moralisweb3/api-utils/lib/cjs/index.cjs:362:50)
    at step (/home/eskillzs/eSKILLZ/node_modules/@moralisweb3/api-utils/lib/cjs/index.cjs:151:23)
    at Object.next (/home/eskillzs/eSKILLZ/node_modules/@moralisweb3/api-utils/lib/cjs/index.cjs:132:53)
    at /home/eskillzs/eSKILLZ/node_modules/@moralisweb3/api-utils/lib/cjs/index.cjs:125:71
    at new Promise (<anonymous>)
    at __awaiter (/home/eskillzs/eSKILLZ/node_modules/@moralisweb3/api-utils/lib/cjs/index.cjs:121:12)
    at PaginatedOperationResolver.fetch (/home/eskillzs/eSKILLZ/node_modules/@moralisweb3/api-utils/lib/cjs/index.cjs:355:50)
    at Object.getWalletNFTs (/home/eskillzs/eSKILLZ/node_modules/@moralisweb3/evm-api/lib/cjs/index.cjs:115:130)
    at /home/eskillzs/eSKILLZ/routes/api/nft.js:524:54
    at Layer.handle [as handle_request] (/home/eskillzs/eSKILLZ/node_modules/express/lib/router/layer.js:95:5)
    at next (/home/eskillzs/eSKILLZ/node_modules/express/lib/router/route.js:137:13) {
  isMoralisError: true,
  code: 'C0005',
  details: undefined,
  [cause]: undefined
}
MoralisError [Moralis SDK Core Error]: [C0005] Invalid address provided: 1dieynxkrdyqnva3tui02idmgnk2ijtqr2
    at Function.EvmAddress.parse (/home/eskillzs/eSKILLZ/node_modules/@moralisweb3/common-evm-utils/lib/cjs/index.cjs:187:19)
    at new EvmAddress (/home/eskillzs/eSKILLZ/node_modules/@moralisweb3/common-evm-utils/lib/cjs/index.cjs:153:34)
    at Function.EvmAddress.create (/home/eskillzs/eSKILLZ/node_modules/@moralisweb3/common-evm-utils/lib/cjs/index.cjs:180:16)
    at Object.getRequestUrlParams$l [as getRequestUrlParams] (/home/eskillzs/eSKILLZ/node_modules/@moralisweb3/common-evm-utils/lib/cjs/index.cjs:9355:29)
    at OperationRequestBuilder.prepareUrl (/home/eskillzs/eSKILLZ/node_modules/@moralisweb3/api-utils/lib/cjs/index.cjs:165:40)
    at PaginatedOperationResolver.<anonymous> (/home/eskillzs/eSKILLZ/node_modules/@moralisweb3/api-utils/lib/cjs/index.cjs:362:50)
    at step (/home/eskillzs/eSKILLZ/node_modules/@moralisweb3/api-utils/lib/cjs/index.cjs:151:23)
    at Object.next (/home/eskillzs/eSKILLZ/node_modules/@moralisweb3/api-utils/lib/cjs/index.cjs:132:53)
    at /home/eskillzs/eSKILLZ/node_modules/@moralisweb3/api-utils/lib/cjs/index.cjs:125:71
    at new Promise (<anonymous>)
    at __awaiter (/home/eskillzs/eSKILLZ/node_modules/@moralisweb3/api-utils/lib/cjs/index.cjs:121:12)
    at PaginatedOperationResolver.fetch (/home/eskillzs/eSKILLZ/node_modules/@moralisweb3/api-utils/lib/cjs/index.cjs:355:50)
    at Object.getWalletNFTs (/home/eskillzs/eSKILLZ/node_modules/@moralisweb3/evm-api/lib/cjs/index.cjs:115:130)
    at /home/eskillzs/eSKILLZ/routes/api/nft.js:524:54
    at Layer.handle [as handle_request] (/home/eskillzs/eSKILLZ/node_modules/express/lib/router/layer.js:95:5)
    at next (/home/eskillzs/eSKILLZ/node_modules/express/lib/router/route.js:137:13) {
  isMoralisError: true,
  code: 'C0005',
  details: undefined,
  [cause]: undefined
}
MoralisError [Moralis SDK Core Error]: [C0005] Invalid address provided: 1dieynxkrdyqnva3tui02idmgnk2ijtqr2
    at Function.EvmAddress.parse (/home/eskillzs/eSKILLZ/node_modules/@moralisweb3/common-evm-utils/lib/cjs/index.cjs:187:19)
    at new EvmAddress (/home/eskillzs/eSKILLZ/node_modules/@moralisweb3/common-evm-utils/lib/cjs/index.cjs:153:34)
    at Function.EvmAddress.create (/home/eskillzs/eSKILLZ/node_modules/@moralisweb3/common-evm-utils/lib/cjs/index.cjs:180:16)
    at Object.getRequestUrlParams$l [as getRequestUrlParams] (/home/eskillzs/eSKILLZ/node_modules/@moralisweb3/common-evm-utils/lib/cjs/index.cjs:9355:29)
    at OperationRequestBuilder.prepareUrl (/home/eskillzs/eSKILLZ/node_modules/@moralisweb3/api-utils/lib/cjs/index.cjs:165:40)
    at PaginatedOperationResolver.<anonymous> (/home/eskillzs/eSKILLZ/node_modules/@moralisweb3/api-utils/lib/cjs/index.cjs:362:50)
    at step (/home/eskillzs/eSKILLZ/node_modules/@moralisweb3/api-utils/lib/cjs/index.cjs:151:23)
    at Object.next (/home/eskillzs/eSKILLZ/node_modules/@moralisweb3/api-utils/lib/cjs/index.cjs:132:53)
    at /home/eskillzs/eSKILLZ/node_modules/@moralisweb3/api-utils/lib/cjs/index.cjs:125:71
    at new Promise (<anonymous>)
    at __awaiter (/home/eskillzs/eSKILLZ/node_modules/@moralisweb3/api-utils/lib/cjs/index.cjs:121:12)
    at PaginatedOperationResolver.fetch (/home/eskillzs/eSKILLZ/node_modules/@moralisweb3/api-utils/lib/cjs/index.cjs:355:50)
    at Object.getWalletNFTs (/home/eskillzs/eSKILLZ/node_modules/@moralisweb3/evm-api/lib/cjs/index.cjs:115:130)
    at /home/eskillzs/eSKILLZ/routes/api/nft.js:524:54
    at Layer.handle [as handle_request] (/home/eskillzs/eSKILLZ/node_modules/express/lib/router/layer.js:95:5)
    at next (/home/eskillzs/eSKILLZ/node_modules/express/lib/router/route.js:137:13) {
  isMoralisError: true,
  code: 'C0005',
  details: undefined,
  [cause]: undefined
}
MoralisError [Moralis SDK Core Error]: [C0005] Invalid address provided: 1dieynxkrdyqnva3tui02idmgnk2ijtqr2
    at Function.EvmAddress.parse (/home/eskillzs/eSKILLZ/node_modules/@moralisweb3/common-evm-utils/lib/cjs/index.cjs:187:19)
    at new EvmAddress (/home/eskillzs/eSKILLZ/node_modules/@moralisweb3/common-evm-utils/lib/cjs/index.cjs:153:34)
    at Function.EvmAddress.create (/home/eskillzs/eSKILLZ/node_modules/@moralisweb3/common-evm-utils/lib/cjs/index.cjs:180:16)
    at Object.getRequestUrlParams$l [as getRequestUrlParams] (/home/eskillzs/eSKILLZ/node_modules/@moralisweb3/common-evm-utils/lib/cjs/index.cjs:9355:29)
    at OperationRequestBuilder.prepareUrl (/home/eskillzs/eSKILLZ/node_modules/@moralisweb3/api-utils/lib/cjs/index.cjs:165:40)
    at PaginatedOperationResolver.<anonymous> (/home/eskillzs/eSKILLZ/node_modules/@moralisweb3/api-utils/lib/cjs/index.cjs:362:50)
    at step (/home/eskillzs/eSKILLZ/node_modules/@moralisweb3/api-utils/lib/cjs/index.cjs:151:23)
    at Object.next (/home/eskillzs/eSKILLZ/node_modules/@moralisweb3/api-utils/lib/cjs/index.cjs:132:53)
    at /home/eskillzs/eSKILLZ/node_modules/@moralisweb3/api-utils/lib/cjs/index.cjs:125:71
    at new Promise (<anonymous>)
    at __awaiter (/home/eskillzs/eSKILLZ/node_modules/@moralisweb3/api-utils/lib/cjs/index.cjs:121:12)
    at PaginatedOperationResolver.fetch (/home/eskillzs/eSKILLZ/node_modules/@moralisweb3/api-utils/lib/cjs/index.cjs:355:50)
    at Object.getWalletNFTs (/home/eskillzs/eSKILLZ/node_modules/@moralisweb3/evm-api/lib/cjs/index.cjs:115:130)
    at /home/eskillzs/eSKILLZ/routes/api/nft.js:524:54
    at Layer.handle [as handle_request] (/home/eskillzs/eSKILLZ/node_modules/express/lib/router/layer.js:95:5)
    at next (/home/eskillzs/eSKILLZ/node_modules/express/lib/router/route.js:137:13) {
  isMoralisError: true,
  code: 'C0005',
  details: undefined,
  [cause]: undefined
}
MoralisError [Moralis SDK Core Error]: [C0005] Invalid address provided: 1dieynxkrdyqnva3tui02idmgnk2ijtqr2
    at Function.EvmAddress.parse (/home/eskillzs/eSKILLZ/node_modules/@moralisweb3/common-evm-utils/lib/cjs/index.cjs:187:19)
    at new EvmAddress (/home/eskillzs/eSKILLZ/node_modules/@moralisweb3/common-evm-utils/lib/cjs/index.cjs:153:34)
    at Function.EvmAddress.create (/home/eskillzs/eSKILLZ/node_modules/@moralisweb3/common-evm-utils/lib/cjs/index.cjs:180:16)
    at Object.getRequestUrlParams$l [as getRequestUrlParams] (/home/eskillzs/eSKILLZ/node_modules/@moralisweb3/common-evm-utils/lib/cjs/index.cjs:9355:29)
    at OperationRequestBuilder.prepareUrl (/home/eskillzs/eSKILLZ/node_modules/@moralisweb3/api-utils/lib/cjs/index.cjs:165:40)
    at PaginatedOperationResolver.<anonymous> (/home/eskillzs/eSKILLZ/node_modules/@moralisweb3/api-utils/lib/cjs/index.cjs:362:50)
    at step (/home/eskillzs/eSKILLZ/node_modules/@moralisweb3/api-utils/lib/cjs/index.cjs:151:23)
    at Object.next (/home/eskillzs/eSKILLZ/node_modules/@moralisweb3/api-utils/lib/cjs/index.cjs:132:53)
    at /home/eskillzs/eSKILLZ/node_modules/@moralisweb3/api-utils/lib/cjs/index.cjs:125:71
    at new Promise (<anonymous>)
    at __awaiter (/home/eskillzs/eSKILLZ/node_modules/@moralisweb3/api-utils/lib/cjs/index.cjs:121:12)
    at PaginatedOperationResolver.fetch (/home/eskillzs/eSKILLZ/node_modules/@moralisweb3/api-utils/lib/cjs/index.cjs:355:50)
    at Object.getWalletNFTs (/home/eskillzs/eSKILLZ/node_modules/@moralisweb3/evm-api/lib/cjs/index.cjs:115:130)
    at /home/eskillzs/eSKILLZ/routes/api/nft.js:524:54
    at Layer.handle [as handle_request] (/home/eskillzs/eSKILLZ/node_modules/express/lib/router/layer.js:95:5)
    at next (/home/eskillzs/eSKILLZ/node_modules/express/lib/router/route.js:137:13) {
  isMoralisError: true,
  code: 'C0005',
  details: undefined,
  [cause]: undefined
}
MoralisError [Moralis SDK Core Error]: [C0005] Invalid address provided: 1dieynxkrdyqnva3tui02idmgnk2ijtqr2
    at Function.EvmAddress.parse (/home/eskillzs/eSKILLZ/node_modules/@moralisweb3/common-evm-utils/lib/cjs/index.cjs:187:19)
    at new EvmAddress (/home/eskillzs/eSKILLZ/node_modules/@moralisweb3/common-evm-utils/lib/cjs/index.cjs:153:34)
    at Function.EvmAddress.create (/home/eskillzs/eSKILLZ/node_modules/@moralisweb3/common-evm-utils/lib/cjs/index.cjs:180:16)
    at Object.getRequestUrlParams$l [as getRequestUrlParams] (/home/eskillzs/eSKILLZ/node_modules/@moralisweb3/common-evm-utils/lib/cjs/index.cjs:9355:29)
    at OperationRequestBuilder.prepareUrl (/home/eskillzs/eSKILLZ/node_modules/@moralisweb3/api-utils/lib/cjs/index.cjs:165:40)
    at PaginatedOperationResolver.<anonymous> (/home/eskillzs/eSKILLZ/node_modules/@moralisweb3/api-utils/lib/cjs/index.cjs:362:50)
    at step (/home/eskillzs/eSKILLZ/node_modules/@moralisweb3/api-utils/lib/cjs/index.cjs:151:23)
    at Object.next (/home/eskillzs/eSKILLZ/node_modules/@moralisweb3/api-utils/lib/cjs/index.cjs:132:53)
    at /home/eskillzs/eSKILLZ/node_modules/@moralisweb3/api-utils/lib/cjs/index.cjs:125:71
    at new Promise (<anonymous>)
    at __awaiter (/home/eskillzs/eSKILLZ/node_modules/@moralisweb3/api-utils/lib/cjs/index.cjs:121:12)
    at PaginatedOperationResolver.fetch (/home/eskillzs/eSKILLZ/node_modules/@moralisweb3/api-utils/lib/cjs/index.cjs:355:50)
    at Object.getWalletNFTs (/home/eskillzs/eSKILLZ/node_modules/@moralisweb3/evm-api/lib/cjs/index.cjs:115:130)
    at /home/eskillzs/eSKILLZ/routes/api/nft.js:524:54
    at Layer.handle [as handle_request] (/home/eskillzs/eSKILLZ/node_modules/express/lib/router/layer.js:95:5)
    at next (/home/eskillzs/eSKILLZ/node_modules/express/lib/router/route.js:137:13) {
  isMoralisError: true,
  code: 'C0005',
  details: undefined,
  [cause]: undefined
}
MoralisError [Moralis SDK Core Error]: [C0005] Invalid address provided: 1dieynxkrdyqnva3tui02idmgnk2ijtqr2
    at Function.EvmAddress.parse (/home/eskillzs/eSKILLZ/node_modules/@moralisweb3/common-evm-utils/lib/cjs/index.cjs:187:19)
    at new EvmAddress (/home/eskillzs/eSKILLZ/node_modules/@moralisweb3/common-evm-utils/lib/cjs/index.cjs:153:34)
    at Function.EvmAddress.create (/home/eskillzs/eSKILLZ/node_modules/@moralisweb3/common-evm-utils/lib/cjs/index.cjs:180:16)
    at Object.getRequestUrlParams$l [as getRequestUrlParams] (/home/eskillzs/eSKILLZ/node_modules/@moralisweb3/common-evm-utils/lib/cjs/index.cjs:9355:29)
    at OperationRequestBuilder.prepareUrl (/home/eskillzs/eSKILLZ/node_modules/@moralisweb3/api-utils/lib/cjs/index.cjs:165:40)
    at PaginatedOperationResolver.<anonymous> (/home/eskillzs/eSKILLZ/node_modules/@moralisweb3/api-utils/lib/cjs/index.cjs:362:50)
    at step (/home/eskillzs/eSKILLZ/node_modules/@moralisweb3/api-utils/lib/cjs/index.cjs:151:23)
    at Object.next (/home/eskillzs/eSKILLZ/node_modules/@moralisweb3/api-utils/lib/cjs/index.cjs:132:53)
    at /home/eskillzs/eSKILLZ/node_modules/@moralisweb3/api-utils/lib/cjs/index.cjs:125:71
    at new Promise (<anonymous>)
    at __awaiter (/home/eskillzs/eSKILLZ/node_modules/@moralisweb3/api-utils/lib/cjs/index.cjs:121:12)
    at PaginatedOperationResolver.fetch (/home/eskillzs/eSKILLZ/node_modules/@moralisweb3/api-utils/lib/cjs/index.cjs:355:50)
    at Object.getWalletNFTs (/home/eskillzs/eSKILLZ/node_modules/@moralisweb3/evm-api/lib/cjs/index.cjs:115:130)
    at /home/eskillzs/eSKILLZ/routes/api/nft.js:524:54
    at Layer.handle [as handle_request] (/home/eskillzs/eSKILLZ/node_modules/express/lib/router/layer.js:95:5)
    at next (/home/eskillzs/eSKILLZ/node_modules/express/lib/router/route.js:137:13) {
  isMoralisError: true,
  code: 'C0005',
  details: undefined,
  [cause]: undefined
}
MoralisError [Moralis SDK Core Error]: [C0005] Invalid address provided: 1dieynxkrdyqnva3tui02idmgnk2ijtqr2
    at Function.EvmAddress.parse (/home/eskillzs/eSKILLZ/node_modules/@moralisweb3/common-evm-utils/lib/cjs/index.cjs:187:19)
    at new EvmAddress (/home/eskillzs/eSKILLZ/node_modules/@moralisweb3/common-evm-utils/lib/cjs/index.cjs:153:34)
    at Function.EvmAddress.create (/home/eskillzs/eSKILLZ/node_modules/@moralisweb3/common-evm-utils/lib/cjs/index.cjs:180:16)
    at Object.getRequestUrlParams$l [as getRequestUrlParams] (/home/eskillzs/eSKILLZ/node_modules/@moralisweb3/common-evm-utils/lib/cjs/index.cjs:9355:29)
    at OperationRequestBuilder.prepareUrl (/home/eskillzs/eSKILLZ/node_modules/@moralisweb3/api-utils/lib/cjs/index.cjs:165:40)
    at PaginatedOperationResolver.<anonymous> (/home/eskillzs/eSKILLZ/node_modules/@moralisweb3/api-utils/lib/cjs/index.cjs:362:50)
    at step (/home/eskillzs/eSKILLZ/node_modules/@moralisweb3/api-utils/lib/cjs/index.cjs:151:23)
    at Object.next (/home/eskillzs/eSKILLZ/node_modules/@moralisweb3/api-utils/lib/cjs/index.cjs:132:53)
    at /home/eskillzs/eSKILLZ/node_modules/@moralisweb3/api-utils/lib/cjs/index.cjs:125:71
    at new Promise (<anonymous>)
    at __awaiter (/home/eskillzs/eSKILLZ/node_modules/@moralisweb3/api-utils/lib/cjs/index.cjs:121:12)
    at PaginatedOperationResolver.fetch (/home/eskillzs/eSKILLZ/node_modules/@moralisweb3/api-utils/lib/cjs/index.cjs:355:50)
    at Object.getWalletNFTs (/home/eskillzs/eSKILLZ/node_modules/@moralisweb3/evm-api/lib/cjs/index.cjs:115:130)
    at /home/eskillzs/eSKILLZ/routes/api/nft.js:524:54
    at Layer.handle [as handle_request] (/home/eskillzs/eSKILLZ/node_modules/express/lib/router/layer.js:95:5)
    at next (/home/eskillzs/eSKILLZ/node_modules/express/lib/router/route.js:137:13) {
  isMoralisError: true,
  code: 'C0005',
  details: undefined,
  [cause]: undefined
}
MoralisError [Moralis SDK Core Error]: [C0005] Invalid address provided: 1dieynxkrdyqnva3tui02idmgnk2ijtqr2
    at Function.EvmAddress.parse (/home/eskillzs/eSKILLZ/node_modules/@moralisweb3/common-evm-utils/lib/cjs/index.cjs:187:19)
    at new EvmAddress (/home/eskillzs/eSKILLZ/node_modules/@moralisweb3/common-evm-utils/lib/cjs/index.cjs:153:34)
    at Function.EvmAddress.create (/home/eskillzs/eSKILLZ/node_modules/@moralisweb3/common-evm-utils/lib/cjs/index.cjs:180:16)
    at Object.getRequestUrlParams$l [as getRequestUrlParams] (/home/eskillzs/eSKILLZ/node_modules/@moralisweb3/common-evm-utils/lib/cjs/index.cjs:9355:29)
    at OperationRequestBuilder.prepareUrl (/home/eskillzs/eSKILLZ/node_modules/@moralisweb3/api-utils/lib/cjs/index.cjs:165:40)
    at PaginatedOperationResolver.<anonymous> (/home/eskillzs/eSKILLZ/node_modules/@moralisweb3/api-utils/lib/cjs/index.cjs:362:50)
    at step (/home/eskillzs/eSKILLZ/node_modules/@moralisweb3/api-utils/lib/cjs/index.cjs:151:23)
    at Object.next (/home/eskillzs/eSKILLZ/node_modules/@moralisweb3/api-utils/lib/cjs/index.cjs:132:53)
    at /home/eskillzs/eSKILLZ/node_modules/@moralisweb3/api-utils/lib/cjs/index.cjs:125:71
    at new Promise (<anonymous>)
    at __awaiter (/home/eskillzs/eSKILLZ/node_modules/@moralisweb3/api-utils/lib/cjs/index.cjs:121:12)
    at PaginatedOperationResolver.fetch (/home/eskillzs/eSKILLZ/node_modules/@moralisweb3/api-utils/lib/cjs/index.cjs:355:50)
    at Object.getWalletNFTs (/home/eskillzs/eSKILLZ/node_modules/@moralisweb3/evm-api/lib/cjs/index.cjs:115:130)
    at /home/eskillzs/eSKILLZ/routes/api/nft.js:524:54
    at Layer.handle [as handle_request] (/home/eskillzs/eSKILLZ/node_modules/express/lib/router/layer.js:95:5)
    at next (/home/eskillzs/eSKILLZ/node_modules/express/lib/router/route.js:137:13) {
  isMoralisError: true,
  code: 'C0005',
  details: undefined,
  [cause]: undefined
}
MoralisError [Moralis SDK Core Error]: [C0005] Invalid address provided: 1dieynxkrdyqnva3tui02idmgnk2ijtqr2
    at Function.EvmAddress.parse (/home/eskillzs/eSKILLZ/node_modules/@moralisweb3/common-evm-utils/lib/cjs/index.cjs:187:19)
    at new EvmAddress (/home/eskillzs/eSKILLZ/node_modules/@moralisweb3/common-evm-utils/lib/cjs/index.cjs:153:34)
    at Function.EvmAddress.create (/home/eskillzs/eSKILLZ/node_modules/@moralisweb3/common-evm-utils/lib/cjs/index.cjs:180:16)
    at Object.getRequestUrlParams$l [as getRequestUrlParams] (/home/eskillzs/eSKILLZ/node_modules/@moralisweb3/common-evm-utils/lib/cjs/index.cjs:9355:29)
    at OperationRequestBuilder.prepareUrl (/home/eskillzs/eSKILLZ/node_modules/@moralisweb3/api-utils/lib/cjs/index.cjs:165:40)
    at PaginatedOperationResolver.<anonymous> (/home/eskillzs/eSKILLZ/node_modules/@moralisweb3/api-utils/lib/cjs/index.cjs:362:50)
    at step (/home/eskillzs/eSKILLZ/node_modules/@moralisweb3/api-utils/lib/cjs/index.cjs:151:23)
    at Object.next (/home/eskillzs/eSKILLZ/node_modules/@moralisweb3/api-utils/lib/cjs/index.cjs:132:53)
    at /home/eskillzs/eSKILLZ/node_modules/@moralisweb3/api-utils/lib/cjs/index.cjs:125:71
    at new Promise (<anonymous>)
    at __awaiter (/home/eskillzs/eSKILLZ/node_modules/@moralisweb3/api-utils/lib/cjs/index.cjs:121:12)
    at PaginatedOperationResolver.fetch (/home/eskillzs/eSKILLZ/node_modules/@moralisweb3/api-utils/lib/cjs/index.cjs:355:50)
    at Object.getWalletNFTs (/home/eskillzs/eSKILLZ/node_modules/@moralisweb3/evm-api/lib/cjs/index.cjs:115:130)
    at /home/eskillzs/eSKILLZ/routes/api/nft.js:524:54
    at Layer.handle [as handle_request] (/home/eskillzs/eSKILLZ/node_modules/express/lib/router/layer.js:95:5)
    at next (/home/eskillzs/eSKILLZ/node_modules/express/lib/router/route.js:137:13) {
  isMoralisError: true,
  code: 'C0005',
  details: undefined,
  [cause]: undefined
}
MoralisError [Moralis SDK Core Error]: [C0005] Invalid address provided: 1dieynxkrdyqnva3tui02idmgnk2ijtqr2
    at Function.EvmAddress.parse (/home/eskillzs/eSKILLZ/node_modules/@moralisweb3/common-evm-utils/lib/cjs/index.cjs:187:19)
    at new EvmAddress (/home/eskillzs/eSKILLZ/node_modules/@moralisweb3/common-evm-utils/lib/cjs/index.cjs:153:34)
    at Function.EvmAddress.create (/home/eskillzs/eSKILLZ/node_modules/@moralisweb3/common-evm-utils/lib/cjs/index.cjs:180:16)
    at Object.getRequestUrlParams$l [as getRequestUrlParams] (/home/eskillzs/eSKILLZ/node_modules/@moralisweb3/common-evm-utils/lib/cjs/index.cjs:9355:29)
    at OperationRequestBuilder.prepareUrl (/home/eskillzs/eSKILLZ/node_modules/@moralisweb3/api-utils/lib/cjs/index.cjs:165:40)
    at PaginatedOperationResolver.<anonymous> (/home/eskillzs/eSKILLZ/node_modules/@moralisweb3/api-utils/lib/cjs/index.cjs:362:50)
    at step (/home/eskillzs/eSKILLZ/node_modules/@moralisweb3/api-utils/lib/cjs/index.cjs:151:23)
    at Object.next (/home/eskillzs/eSKILLZ/node_modules/@moralisweb3/api-utils/lib/cjs/index.cjs:132:53)
    at /home/eskillzs/eSKILLZ/node_modules/@moralisweb3/api-utils/lib/cjs/index.cjs:125:71
    at new Promise (<anonymous>)
    at __awaiter (/home/eskillzs/eSKILLZ/node_modules/@moralisweb3/api-utils/lib/cjs/index.cjs:121:12)
    at PaginatedOperationResolver.fetch (/home/eskillzs/eSKILLZ/node_modules/@moralisweb3/api-utils/lib/cjs/index.cjs:355:50)
    at Object.getWalletNFTs (/home/eskillzs/eSKILLZ/node_modules/@moralisweb3/evm-api/lib/cjs/index.cjs:115:130)
    at /home/eskillzs/eSKILLZ/routes/api/nft.js:524:54
    at Layer.handle [as handle_request] (/home/eskillzs/eSKILLZ/node_modules/express/lib/router/layer.js:95:5)
    at next (/home/eskillzs/eSKILLZ/node_modules/express/lib/router/route.js:137:13) {
  isMoralisError: true,
  code: 'C0005',
  details: undefined,
  [cause]: undefined
}
MoralisError [Moralis SDK Core Error]: [C0005] Invalid address provided: 1dieynxkrdyqnva3tui02idmgnk2ijtqr2
    at Function.EvmAddress.parse (/home/eskillzs/eSKILLZ/node_modules/@moralisweb3/common-evm-utils/lib/cjs/index.cjs:187:19)
    at new EvmAddress (/home/eskillzs/eSKILLZ/node_modules/@moralisweb3/common-evm-utils/lib/cjs/index.cjs:153:34)
    at Function.EvmAddress.create (/home/eskillzs/eSKILLZ/node_modules/@moralisweb3/common-evm-utils/lib/cjs/index.cjs:180:16)
    at Object.getRequestUrlParams$l [as getRequestUrlParams] (/home/eskillzs/eSKILLZ/node_modules/@moralisweb3/common-evm-utils/lib/cjs/index.cjs:9355:29)
    at OperationRequestBuilder.prepareUrl (/home/eskillzs/eSKILLZ/node_modules/@moralisweb3/api-utils/lib/cjs/index.cjs:165:40)
    at PaginatedOperationResolver.<anonymous> (/home/eskillzs/eSKILLZ/node_modules/@moralisweb3/api-utils/lib/cjs/index.cjs:362:50)
    at step (/home/eskillzs/eSKILLZ/node_modules/@moralisweb3/api-utils/lib/cjs/index.cjs:151:23)
    at Object.next (/home/eskillzs/eSKILLZ/node_modules/@moralisweb3/api-utils/lib/cjs/index.cjs:132:53)
    at /home/eskillzs/eSKILLZ/node_modules/@moralisweb3/api-utils/lib/cjs/index.cjs:125:71
    at new Promise (<anonymous>)
    at __awaiter (/home/eskillzs/eSKILLZ/node_modules/@moralisweb3/api-utils/lib/cjs/index.cjs:121:12)
    at PaginatedOperationResolver.fetch (/home/eskillzs/eSKILLZ/node_modules/@moralisweb3/api-utils/lib/cjs/index.cjs:355:50)
    at Object.getWalletNFTs (/home/eskillzs/eSKILLZ/node_modules/@moralisweb3/evm-api/lib/cjs/index.cjs:115:130)
    at /home/eskillzs/eSKILLZ/routes/api/nft.js:524:54
    at Layer.handle [as handle_request] (/home/eskillzs/eSKILLZ/node_modules/express/lib/router/layer.js:95:5)
    at next (/home/eskillzs/eSKILLZ/node_modules/express/lib/router/route.js:137:13) {
  isMoralisError: true,
  code: 'C0005',
  details: undefined,
  [cause]: undefined
}
MoralisError [Moralis SDK Core Error]: [C0005] Invalid address provided: 1dieynxkrdyqnva3tui02idmgnk2ijtqr2
    at Function.EvmAddress.parse (/home/eskillzs/eSKILLZ/node_modules/@moralisweb3/common-evm-utils/lib/cjs/index.cjs:187:19)
    at new EvmAddress (/home/eskillzs/eSKILLZ/node_modules/@moralisweb3/common-evm-utils/lib/cjs/index.cjs:153:34)
    at Function.EvmAddress.create (/home/eskillzs/eSKILLZ/node_modules/@moralisweb3/common-evm-utils/lib/cjs/index.cjs:180:16)
    at Object.getRequestUrlParams$l [as getRequestUrlParams] (/home/eskillzs/eSKILLZ/node_modules/@moralisweb3/common-evm-utils/lib/cjs/index.cjs:9355:29)
    at OperationRequestBuilder.prepareUrl (/home/eskillzs/eSKILLZ/node_modules/@moralisweb3/api-utils/lib/cjs/index.cjs:165:40)
    at PaginatedOperationResolver.<anonymous> (/home/eskillzs/eSKILLZ/node_modules/@moralisweb3/api-utils/lib/cjs/index.cjs:362:50)
    at step (/home/eskillzs/eSKILLZ/node_modules/@moralisweb3/api-utils/lib/cjs/index.cjs:151:23)
    at Object.next (/home/eskillzs/eSKILLZ/node_modules/@moralisweb3/api-utils/lib/cjs/index.cjs:132:53)
    at /home/eskillzs/eSKILLZ/node_modules/@moralisweb3/api-utils/lib/cjs/index.cjs:125:71
    at new Promise (<anonymous>)
    at __awaiter (/home/eskillzs/eSKILLZ/node_modules/@moralisweb3/api-utils/lib/cjs/index.cjs:121:12)
    at PaginatedOperationResolver.fetch (/home/eskillzs/eSKILLZ/node_modules/@moralisweb3/api-utils/lib/cjs/index.cjs:355:50)
    at Object.getWalletNFTs (/home/eskillzs/eSKILLZ/node_modules/@moralisweb3/evm-api/lib/cjs/index.cjs:115:130)
    at /home/eskillzs/eSKILLZ/routes/api/nft.js:524:54
    at Layer.handle [as handle_request] (/home/eskillzs/eSKILLZ/node_modules/express/lib/router/layer.js:95:5)
    at next (/home/eskillzs/eSKILLZ/node_modules/express/lib/router/route.js:137:13) {
  isMoralisError: true,
  code: 'C0005',
  details: undefined,
  [cause]: undefined
}
MoralisError [Moralis SDK Core Error]: [C0005] Invalid address provided: 1dieynxkrdyqnva3tui02idmgnk2ijtqr2
    at Function.EvmAddress.parse (/home/eskillzs/eSKILLZ/node_modules/@moralisweb3/common-evm-utils/lib/cjs/index.cjs:187:19)
    at new EvmAddress (/home/eskillzs/eSKILLZ/node_modules/@moralisweb3/common-evm-utils/lib/cjs/index.cjs:153:34)
    at Function.EvmAddress.create (/home/eskillzs/eSKILLZ/node_modules/@moralisweb3/common-evm-utils/lib/cjs/index.cjs:180:16)
    at Object.getRequestUrlParams$l [as getRequestUrlParams] (/home/eskillzs/eSKILLZ/node_modules/@moralisweb3/common-evm-utils/lib/cjs/index.cjs:9355:29)
    at OperationRequestBuilder.prepareUrl (/home/eskillzs/eSKILLZ/node_modules/@moralisweb3/api-utils/lib/cjs/index.cjs:165:40)
    at PaginatedOperationResolver.<anonymous> (/home/eskillzs/eSKILLZ/node_modules/@moralisweb3/api-utils/lib/cjs/index.cjs:362:50)
    at step (/home/eskillzs/eSKILLZ/node_modules/@moralisweb3/api-utils/lib/cjs/index.cjs:151:23)
    at Object.next (/home/eskillzs/eSKILLZ/node_modules/@moralisweb3/api-utils/lib/cjs/index.cjs:132:53)
    at /home/eskillzs/eSKILLZ/node_modules/@moralisweb3/api-utils/lib/cjs/index.cjs:125:71
    at new Promise (<anonymous>)
    at __awaiter (/home/eskillzs/eSKILLZ/node_modules/@moralisweb3/api-utils/lib/cjs/index.cjs:121:12)
    at PaginatedOperationResolver.fetch (/home/eskillzs/eSKILLZ/node_modules/@moralisweb3/api-utils/lib/cjs/index.cjs:355:50)
    at Object.getWalletNFTs (/home/eskillzs/eSKILLZ/node_modules/@moralisweb3/evm-api/lib/cjs/index.cjs:115:130)
    at /home/eskillzs/eSKILLZ/routes/api/nft.js:524:54
    at Layer.handle [as handle_request] (/home/eskillzs/eSKILLZ/node_modules/express/lib/router/layer.js:95:5)
    at next (/home/eskillzs/eSKILLZ/node_modules/express/lib/router/route.js:137:13) {
  isMoralisError: true,
  code: 'C0005',
  details: undefined,
  [cause]: undefined
}
MoralisError [Moralis SDK Core Error]: [C0005] Invalid address provided: 1dieynxkrdyqnva3tui02idmgnk2ijtqr2
    at Function.EvmAddress.parse (/home/eskillzs/eSKILLZ/node_modules/@moralisweb3/common-evm-utils/lib/cjs/index.cjs:187:19)
    at new EvmAddress (/home/eskillzs/eSKILLZ/node_modules/@moralisweb3/common-evm-utils/lib/cjs/index.cjs:153:34)
    at Function.EvmAddress.create (/home/eskillzs/eSKILLZ/node_modules/@moralisweb3/common-evm-utils/lib/cjs/index.cjs:180:16)
    at Object.getRequestUrlParams$l [as getRequestUrlParams] (/home/eskillzs/eSKILLZ/node_modules/@moralisweb3/common-evm-utils/lib/cjs/index.cjs:9355:29)
    at OperationRequestBuilder.prepareUrl (/home/eskillzs/eSKILLZ/node_modules/@moralisweb3/api-utils/lib/cjs/index.cjs:165:40)
    at PaginatedOperationResolver.<anonymous> (/home/eskillzs/eSKILLZ/node_modules/@moralisweb3/api-utils/lib/cjs/index.cjs:362:50)
    at step (/home/eskillzs/eSKILLZ/node_modules/@moralisweb3/api-utils/lib/cjs/index.cjs:151:23)
    at Object.next (/home/eskillzs/eSKILLZ/node_modules/@moralisweb3/api-utils/lib/cjs/index.cjs:132:53)
    at /home/eskillzs/eSKILLZ/node_modules/@moralisweb3/api-utils/lib/cjs/index.cjs:125:71
    at new Promise (<anonymous>)
    at __awaiter (/home/eskillzs/eSKILLZ/node_modules/@moralisweb3/api-utils/lib/cjs/index.cjs:121:12)
    at PaginatedOperationResolver.fetch (/home/eskillzs/eSKILLZ/node_modules/@moralisweb3/api-utils/lib/cjs/index.cjs:355:50)
    at Object.getWalletNFTs (/home/eskillzs/eSKILLZ/node_modules/@moralisweb3/evm-api/lib/cjs/index.cjs:115:130)
    at /home/eskillzs/eSKILLZ/routes/api/nft.js:524:54
    at Layer.handle [as handle_request] (/home/eskillzs/eSKILLZ/node_modules/express/lib/router/layer.js:95:5)
    at next (/home/eskillzs/eSKILLZ/node_modules/express/lib/router/route.js:137:13) {
  isMoralisError: true,
  code: 'C0005',
  details: undefined,
  [cause]: undefined
}
TypeError: Cannot read properties of undefined (reading 'image_url')
    at /home/eskillzs/eSKILLZ/routes/api/nft.js:539:41
    at Array.map (<anonymous>)
    at /home/eskillzs/eSKILLZ/routes/api/nft.js:534:54
    at processTicksAndRejections (node:internal/process/task_queues:96:5)
TypeError: Cannot read properties of undefined (reading 'image_url')
    at /home/eskillzs/eSKILLZ/routes/api/nft.js:539:41
    at Array.map (<anonymous>)
    at /home/eskillzs/eSKILLZ/routes/api/nft.js:534:54
    at processTicksAndRejections (node:internal/process/task_queues:96:5)
TypeError: Cannot read properties of undefined (reading 'image_url')
    at /home/eskillzs/eSKILLZ/routes/api/nft.js:539:41
    at Array.map (<anonymous>)
    at /home/eskillzs/eSKILLZ/routes/api/nft.js:534:54
    at processTicksAndRejections (node:internal/process/task_queues:96:5)
TypeError: Cannot read properties of undefined (reading 'image_url')
    at /home/eskillzs/eSKILLZ/routes/api/nft.js:539:41
    at Array.map (<anonymous>)
    at /home/eskillzs/eSKILLZ/routes/api/nft.js:534:54
    at processTicksAndRejections (node:internal/process/task_queues:96:5)
TypeError: Cannot read properties of undefined (reading 'image_url')
    at /home/eskillzs/eSKILLZ/routes/api/nft.js:539:41
    at Array.map (<anonymous>)
    at /home/eskillzs/eSKILLZ/routes/api/nft.js:534:54
    at processTicksAndRejections (node:internal/process/task_queues:96:5)
TypeError: Cannot read properties of undefined (reading 'image_url')
    at /home/eskillzs/eSKILLZ/routes/api/nft.js:540:41
    at Array.map (<anonymous>)
    at /home/eskillzs/eSKILLZ/routes/api/nft.js:534:54
    at processTicksAndRejections (node:internal/process/task_queues:96:5)
TypeError: Cannot read properties of undefined (reading 'image_url')
    at /home/eskillzs/eSKILLZ/routes/api/nft.js:540:41
    at Array.map (<anonymous>)
    at /home/eskillzs/eSKILLZ/routes/api/nft.js:534:54
    at processTicksAndRejections (node:internal/process/task_queues:96:5)
TypeError: Cannot read properties of undefined (reading 'image_url')
    at /home/eskillzs/eSKILLZ/routes/api/nft.js:540:41
    at Array.map (<anonymous>)
    at /home/eskillzs/eSKILLZ/routes/api/nft.js:534:54
    at processTicksAndRejections (node:internal/process/task_queues:96:5)
TypeError: Cannot read properties of undefined (reading 'image_url')
    at /home/eskillzs/eSKILLZ/routes/api/nft.js:540:41
    at Array.map (<anonymous>)
    at /home/eskillzs/eSKILLZ/routes/api/nft.js:534:54
    at processTicksAndRejections (node:internal/process/task_queues:96:5)
TypeError: Cannot read properties of undefined (reading 'image_url')
    at /home/eskillzs/eSKILLZ/routes/api/nft.js:540:41
    at Array.map (<anonymous>)
    at /home/eskillzs/eSKILLZ/routes/api/nft.js:534:54
    at runMicrotasks (<anonymous>)
    at processTicksAndRejections (node:internal/process/task_queues:96:5)
TypeError: Cannot read properties of undefined (reading 'image_url')
    at /home/eskillzs/eSKILLZ/routes/api/nft.js:540:41
    at Array.map (<anonymous>)
    at /home/eskillzs/eSKILLZ/routes/api/nft.js:534:54
    at runMicrotasks (<anonymous>)
    at processTicksAndRejections (node:internal/process/task_queues:96:5)
TypeError: Cannot read properties of undefined (reading 'image_url')
    at /home/eskillzs/eSKILLZ/routes/api/nft.js:540:41
    at Array.map (<anonymous>)
    at /home/eskillzs/eSKILLZ/routes/api/nft.js:534:54
    at runMicrotasks (<anonymous>)
    at processTicksAndRejections (node:internal/process/task_queues:96:5)
TypeError: Cannot read properties of null (reading 'image_url')
    at /home/eskillzs/eSKILLZ/routes/api/nft.js:548:46
    at runMicrotasks (<anonymous>)
    at processTicksAndRejections (node:internal/process/task_queues:96:5)
    at async Promise.all (index 0)
    at async /home/eskillzs/eSKILLZ/routes/api/nft.js:533:21
TypeError: Cannot read properties of null (reading 'image_url')
    at /home/eskillzs/eSKILLZ/routes/api/nft.js:548:46
    at runMicrotasks (<anonymous>)
    at processTicksAndRejections (node:internal/process/task_queues:96:5)
    at async Promise.all (index 0)
    at async /home/eskillzs/eSKILLZ/routes/api/nft.js:533:21
TypeError: Cannot read properties of null (reading 'image_url')
    at /home/eskillzs/eSKILLZ/routes/api/nft.js:548:46
    at runMicrotasks (<anonymous>)
    at processTicksAndRejections (node:internal/process/task_queues:96:5)
    at async Promise.all (index 0)
    at async /home/eskillzs/eSKILLZ/routes/api/nft.js:533:21
TypeError: Cannot read properties of null (reading 'image_url')
    at /home/eskillzs/eSKILLZ/routes/api/nft.js:548:46
    at runMicrotasks (<anonymous>)
    at processTicksAndRejections (node:internal/process/task_queues:96:5)
    at async Promise.all (index 0)
    at async /home/eskillzs/eSKILLZ/routes/api/nft.js:533:21
TypeError: Cannot read properties of null (reading 'raw')
    at /home/eskillzs/eSKILLZ/routes/api/nft.js:542:31
    at runMicrotasks (<anonymous>)
    at processTicksAndRejections (node:internal/process/task_queues:96:5)
    at async Promise.all (index 0)
    at async /home/eskillzs/eSKILLZ/routes/api/nft.js:533:21
TypeError: Cannot read properties of null (reading 'image_url')
    at /home/eskillzs/eSKILLZ/routes/api/nft.js:548:46
    at runMicrotasks (<anonymous>)
    at processTicksAndRejections (node:internal/process/task_queues:96:5)
    at async Promise.all (index 0)
    at async /home/eskillzs/eSKILLZ/routes/api/nft.js:533:21
TypeError: Cannot read properties of null (reading 'image_url')
    at /home/eskillzs/eSKILLZ/routes/api/nft.js:548:46
    at runMicrotasks (<anonymous>)
    at processTicksAndRejections (node:internal/process/task_queues:96:5)
    at async Promise.all (index 0)
    at async /home/eskillzs/eSKILLZ/routes/api/nft.js:533:21
TypeError: Cannot read properties of null (reading 'image_url')
    at /home/eskillzs/eSKILLZ/routes/api/nft.js:548:46
    at runMicrotasks (<anonymous>)
    at processTicksAndRejections (node:internal/process/task_queues:96:5)
    at async Promise.all (index 0)
    at async /home/eskillzs/eSKILLZ/routes/api/nft.js:533:21
TypeError: Cannot read properties of null (reading 'image_url')
    at /home/eskillzs/eSKILLZ/routes/api/nft.js:548:46
    at runMicrotasks (<anonymous>)
    at processTicksAndRejections (node:internal/process/task_queues:96:5)
    at async Promise.all (index 0)
    at async /home/eskillzs/eSKILLZ/routes/api/nft.js:533:21
TypeError: Cannot read properties of null (reading 'image_url')
    at /home/eskillzs/eSKILLZ/routes/api/nft.js:548:46
    at runMicrotasks (<anonymous>)
    at processTicksAndRejections (node:internal/process/task_queues:96:5)
    at async Promise.all (index 0)
    at async /home/eskillzs/eSKILLZ/routes/api/nft.js:533:21
TypeError: Cannot read properties of null (reading 'image_url')
    at /home/eskillzs/eSKILLZ/routes/api/nft.js:548:46
    at runMicrotasks (<anonymous>)
    at processTicksAndRejections (node:internal/process/task_queues:96:5)
    at async Promise.all (index 0)
    at async /home/eskillzs/eSKILLZ/routes/api/nft.js:533:21
TypeError: Cannot read properties of null (reading 'image_url')
    at /home/eskillzs/eSKILLZ/routes/api/nft.js:548:46
    at runMicrotasks (<anonymous>)
    at processTicksAndRejections (node:internal/process/task_queues:96:5)
    at async Promise.all (index 0)
    at async /home/eskillzs/eSKILLZ/routes/api/nft.js:533:21
TypeError: Cannot read properties of null (reading 'image_url')
    at /home/eskillzs/eSKILLZ/routes/api/nft.js:548:46
    at runMicrotasks (<anonymous>)
    at processTicksAndRejections (node:internal/process/task_queues:96:5)
    at async Promise.all (index 0)
    at async /home/eskillzs/eSKILLZ/routes/api/nft.js:533:21
TypeError: Cannot read properties of null (reading 'image_url')
    at /home/eskillzs/eSKILLZ/routes/api/nft.js:548:46
    at runMicrotasks (<anonymous>)
    at processTicksAndRejections (node:internal/process/task_queues:96:5)
    at async Promise.all (index 0)
    at async /home/eskillzs/eSKILLZ/routes/api/nft.js:533:21
TypeError: Cannot read properties of null (reading 'image_url')
    at /home/eskillzs/eSKILLZ/routes/api/nft.js:548:46
    at runMicrotasks (<anonymous>)
    at processTicksAndRejections (node:internal/process/task_queues:96:5)
    at async Promise.all (index 0)
    at async /home/eskillzs/eSKILLZ/routes/api/nft.js:533:21
TypeError: Cannot read properties of null (reading 'image_url')
    at /home/eskillzs/eSKILLZ/routes/api/nft.js:549:46
    at processTicksAndRejections (node:internal/process/task_queues:96:5)
    at async Promise.all (index 0)
    at async /home/eskillzs/eSKILLZ/routes/api/nft.js:533:21
TypeError: Cannot read properties of null (reading 'image_url')
    at /home/eskillzs/eSKILLZ/routes/api/nft.js:549:46
    at runMicrotasks (<anonymous>)
    at processTicksAndRejections (node:internal/process/task_queues:96:5)
    at async Promise.all (index 0)
    at async /home/eskillzs/eSKILLZ/routes/api/nft.js:533:21
TypeError: Cannot read properties of null (reading 'image_url')
    at /home/eskillzs/eSKILLZ/routes/api/nft.js:549:46
    at runMicrotasks (<anonymous>)
    at processTicksAndRejections (node:internal/process/task_queues:96:5)
    at async Promise.all (index 0)
    at async /home/eskillzs/eSKILLZ/routes/api/nft.js:533:21
TypeError: Cannot read properties of null (reading 'image_url')
    at /home/eskillzs/eSKILLZ/routes/api/nft.js:549:46
    at runMicrotasks (<anonymous>)
    at processTicksAndRejections (node:internal/process/task_queues:96:5)
    at async Promise.all (index 0)
    at async /home/eskillzs/eSKILLZ/routes/api/nft.js:533:21
TypeError: Cannot read properties of null (reading 'image_url')
    at /home/eskillzs/eSKILLZ/routes/api/nft.js:549:46
    at runMicrotasks (<anonymous>)
    at processTicksAndRejections (node:internal/process/task_queues:96:5)
    at async Promise.all (index 0)
    at async /home/eskillzs/eSKILLZ/routes/api/nft.js:533:21
TypeError: Cannot read properties of null (reading 'image_url')
    at /home/eskillzs/eSKILLZ/routes/api/nft.js:549:46
    at runMicrotasks (<anonymous>)
    at processTicksAndRejections (node:internal/process/task_queues:96:5)
    at async Promise.all (index 0)
    at async /home/eskillzs/eSKILLZ/routes/api/nft.js:533:21
TypeError: Cannot read properties of null (reading 'image_url')
    at /home/eskillzs/eSKILLZ/routes/api/nft.js:549:46
    at runMicrotasks (<anonymous>)
    at processTicksAndRejections (node:internal/process/task_queues:96:5)
    at async Promise.all (index 0)
    at async /home/eskillzs/eSKILLZ/routes/api/nft.js:533:21
TypeError: Cannot read properties of null (reading 'image_url')
    at /home/eskillzs/eSKILLZ/routes/api/nft.js:549:46
    at runMicrotasks (<anonymous>)
    at processTicksAndRejections (node:internal/process/task_queues:96:5)
    at async Promise.all (index 0)
    at async /home/eskillzs/eSKILLZ/routes/api/nft.js:533:21
TypeError: Cannot read properties of null (reading 'image_url')
    at /home/eskillzs/eSKILLZ/routes/api/nft.js:549:46
    at runMicrotasks (<anonymous>)
    at processTicksAndRejections (node:internal/process/task_queues:96:5)
    at async Promise.all (index 0)
    at async /home/eskillzs/eSKILLZ/routes/api/nft.js:533:21
TypeError: Cannot read properties of null (reading 'image_url')
    at /home/eskillzs/eSKILLZ/routes/api/nft.js:549:46
    at runMicrotasks (<anonymous>)
    at processTicksAndRejections (node:internal/process/task_queues:96:5)
    at async Promise.all (index 1)
    at async /home/eskillzs/eSKILLZ/routes/api/nft.js:533:21
TypeError: Cannot read properties of null (reading 'image_url')
    at /home/eskillzs/eSKILLZ/routes/api/nft.js:549:46
    at runMicrotasks (<anonymous>)
    at processTicksAndRejections (node:internal/process/task_queues:96:5)
    at async Promise.all (index 1)
    at async /home/eskillzs/eSKILLZ/routes/api/nft.js:533:21
TypeError: Cannot read properties of null (reading 'image_url')
    at /home/eskillzs/eSKILLZ/routes/api/nft.js:549:46
    at runMicrotasks (<anonymous>)
    at processTicksAndRejections (node:internal/process/task_queues:96:5)
    at async Promise.all (index 0)
    at async /home/eskillzs/eSKILLZ/routes/api/nft.js:533:21
TypeError: Cannot read properties of null (reading 'image_url')
    at /home/eskillzs/eSKILLZ/routes/api/nft.js:549:46
    at runMicrotasks (<anonymous>)
    at processTicksAndRejections (node:internal/process/task_queues:96:5)
    at async Promise.all (index 0)
    at async /home/eskillzs/eSKILLZ/routes/api/nft.js:533:21
TypeError: Cannot read properties of null (reading 'image_url')
    at /home/eskillzs/eSKILLZ/routes/api/nft.js:549:46
    at runMicrotasks (<anonymous>)
    at processTicksAndRejections (node:internal/process/task_queues:96:5)
    at async Promise.all (index 1)
    at async /home/eskillzs/eSKILLZ/routes/api/nft.js:533:21
TypeError: Cannot read properties of null (reading 'image_url')
    at /home/eskillzs/eSKILLZ/routes/api/nft.js:549:46
    at runMicrotasks (<anonymous>)
    at processTicksAndRejections (node:internal/process/task_queues:96:5)
    at async Promise.all (index 1)
    at async /home/eskillzs/eSKILLZ/routes/api/nft.js:533:21
TypeError: Cannot read properties of null (reading 'image_url')
    at /home/eskillzs/eSKILLZ/routes/api/nft.js:549:46
    at runMicrotasks (<anonymous>)
    at processTicksAndRejections (node:internal/process/task_queues:96:5)
    at async Promise.all (index 0)
    at async /home/eskillzs/eSKILLZ/routes/api/nft.js:533:21
TypeError: Cannot read properties of null (reading 'image_url')
    at /home/eskillzs/eSKILLZ/routes/api/nft.js:549:46
    at runMicrotasks (<anonymous>)
    at processTicksAndRejections (node:internal/process/task_queues:96:5)
    at async Promise.all (index 0)
    at async /home/eskillzs/eSKILLZ/routes/api/nft.js:533:21
MoralisError [Moralis SDK Core Error]: [C0005] Invalid address provided:  0xebacaddb6b28241b59c53d01aeca53a4ae12eaa4
    at Function.EvmAddress.parse (/home/eskillzs/eSKILLZ/node_modules/@moralisweb3/common-evm-utils/lib/cjs/index.cjs:187:19)
    at new EvmAddress (/home/eskillzs/eSKILLZ/node_modules/@moralisweb3/common-evm-utils/lib/cjs/index.cjs:153:34)
    at Function.EvmAddress.create (/home/eskillzs/eSKILLZ/node_modules/@moralisweb3/common-evm-utils/lib/cjs/index.cjs:180:16)
    at Object.getRequestUrlParams$l [as getRequestUrlParams] (/home/eskillzs/eSKILLZ/node_modules/@moralisweb3/common-evm-utils/lib/cjs/index.cjs:9355:29)
    at OperationRequestBuilder.prepareUrl (/home/eskillzs/eSKILLZ/node_modules/@moralisweb3/api-utils/lib/cjs/index.cjs:165:40)
    at PaginatedOperationResolver.<anonymous> (/home/eskillzs/eSKILLZ/node_modules/@moralisweb3/api-utils/lib/cjs/index.cjs:362:50)
    at step (/home/eskillzs/eSKILLZ/node_modules/@moralisweb3/api-utils/lib/cjs/index.cjs:151:23)
    at Object.next (/home/eskillzs/eSKILLZ/node_modules/@moralisweb3/api-utils/lib/cjs/index.cjs:132:53)
    at /home/eskillzs/eSKILLZ/node_modules/@moralisweb3/api-utils/lib/cjs/index.cjs:125:71
    at new Promise (<anonymous>)
    at __awaiter (/home/eskillzs/eSKILLZ/node_modules/@moralisweb3/api-utils/lib/cjs/index.cjs:121:12)
    at PaginatedOperationResolver.fetch (/home/eskillzs/eSKILLZ/node_modules/@moralisweb3/api-utils/lib/cjs/index.cjs:355:50)
    at Object.getWalletNFTs (/home/eskillzs/eSKILLZ/node_modules/@moralisweb3/evm-api/lib/cjs/index.cjs:115:130)
    at /home/eskillzs/eSKILLZ/routes/api/nft.js:523:54
    at Layer.handle [as handle_request] (/home/eskillzs/eSKILLZ/node_modules/express/lib/router/layer.js:95:5)
    at next (/home/eskillzs/eSKILLZ/node_modules/express/lib/router/route.js:137:13) {
  isMoralisError: true,
  code: 'C0005',
  details: undefined,
  [cause]: undefined
}
TypeError: Cannot read properties of null (reading 'image_url')
    at /home/eskillzs/eSKILLZ/routes/api/nft.js:549:46
    at runMicrotasks (<anonymous>)
    at processTicksAndRejections (node:internal/process/task_queues:96:5)
    at async Promise.all (index 0)
    at async /home/eskillzs/eSKILLZ/routes/api/nft.js:533:21
TypeError: Cannot read properties of null (reading 'image_url')
    at /home/eskillzs/eSKILLZ/routes/api/nft.js:549:46
    at runMicrotasks (<anonymous>)
    at processTicksAndRejections (node:internal/process/task_queues:96:5)
    at async Promise.all (index 2)
    at async /home/eskillzs/eSKILLZ/routes/api/nft.js:533:21
TypeError: Cannot read properties of null (reading 'image_url')
    at /home/eskillzs/eSKILLZ/routes/api/nft.js:549:46
    at runMicrotasks (<anonymous>)
    at processTicksAndRejections (node:internal/process/task_queues:96:5)
    at async Promise.all (index 0)
    at async /home/eskillzs/eSKILLZ/routes/api/nft.js:533:21
TypeError: Cannot read properties of null (reading 'image_url')
    at /home/eskillzs/eSKILLZ/routes/api/nft.js:549:46
    at runMicrotasks (<anonymous>)
    at processTicksAndRejections (node:internal/process/task_queues:96:5)
    at async Promise.all (index 0)
    at async /home/eskillzs/eSKILLZ/routes/api/nft.js:533:21
TypeError: Cannot read properties of null (reading 'image_url')
    at /home/eskillzs/eSKILLZ/routes/api/nft.js:549:46
    at runMicrotasks (<anonymous>)
    at processTicksAndRejections (node:internal/process/task_queues:96:5)
    at async Promise.all (index 0)
    at async /home/eskillzs/eSKILLZ/routes/api/nft.js:533:21
TypeError: Cannot read properties of null (reading 'image_url')
    at /home/eskillzs/eSKILLZ/routes/api/nft.js:549:46
    at runMicrotasks (<anonymous>)
    at processTicksAndRejections (node:internal/process/task_queues:96:5)
    at async Promise.all (index 0)
    at async /home/eskillzs/eSKILLZ/routes/api/nft.js:533:21
TypeError: Cannot read properties of null (reading 'image_url')
    at /home/eskillzs/eSKILLZ/routes/api/nft.js:549:46
    at runMicrotasks (<anonymous>)
    at processTicksAndRejections (node:internal/process/task_queues:96:5)
    at async Promise.all (index 0)
    at async /home/eskillzs/eSKILLZ/routes/api/nft.js:533:21
TypeError: Cannot read properties of null (reading 'image_url')
    at /home/eskillzs/eSKILLZ/routes/api/nft.js:549:46
    at runMicrotasks (<anonymous>)
    at processTicksAndRejections (node:internal/process/task_queues:96:5)
    at async Promise.all (index 0)
    at async /home/eskillzs/eSKILLZ/routes/api/nft.js:533:21
TypeError: Cannot read properties of null (reading 'image_url')
    at /home/eskillzs/eSKILLZ/routes/api/nft.js:549:46
    at runMicrotasks (<anonymous>)
    at processTicksAndRejections (node:internal/process/task_queues:96:5)
    at async Promise.all (index 0)
    at async /home/eskillzs/eSKILLZ/routes/api/nft.js:533:21
TypeError: Cannot read properties of null (reading 'image_url')
    at /home/eskillzs/eSKILLZ/routes/api/nft.js:549:46
    at runMicrotasks (<anonymous>)
    at processTicksAndRejections (node:internal/process/task_queues:96:5)
    at async Promise.all (index 0)
    at async /home/eskillzs/eSKILLZ/routes/api/nft.js:533:21
TypeError: Cannot read properties of null (reading 'image_url')
    at /home/eskillzs/eSKILLZ/routes/api/nft.js:549:46
    at runMicrotasks (<anonymous>)
    at processTicksAndRejections (node:internal/process/task_queues:96:5)
    at async Promise.all (index 0)
    at async /home/eskillzs/eSKILLZ/routes/api/nft.js:533:21
TypeError: Cannot read properties of null (reading 'image_url')
    at /home/eskillzs/eSKILLZ/routes/api/nft.js:549:46
    at runMicrotasks (<anonymous>)
    at processTicksAndRejections (node:internal/process/task_queues:96:5)
    at async Promise.all (index 0)
    at async /home/eskillzs/eSKILLZ/routes/api/nft.js:533:21
TypeError: Cannot read properties of null (reading 'image_url')
    at /home/eskillzs/eSKILLZ/routes/api/nft.js:549:46
    at runMicrotasks (<anonymous>)
    at processTicksAndRejections (node:internal/process/task_queues:96:5)
    at async Promise.all (index 3)
    at async /home/eskillzs/eSKILLZ/routes/api/nft.js:533:21
TypeError: Cannot read properties of null (reading 'image_url')
    at /home/eskillzs/eSKILLZ/routes/api/nft.js:549:46
    at runMicrotasks (<anonymous>)
    at processTicksAndRejections (node:internal/process/task_queues:96:5)
    at async Promise.all (index 0)
    at async /home/eskillzs/eSKILLZ/routes/api/nft.js:533:21
TypeError: Cannot read properties of null (reading 'image_url')
    at /home/eskillzs/eSKILLZ/routes/api/nft.js:549:46
    at runMicrotasks (<anonymous>)
    at processTicksAndRejections (node:internal/process/task_queues:96:5)
    at async Promise.all (index 1)
    at async /home/eskillzs/eSKILLZ/routes/api/nft.js:533:21
TypeError: Cannot read properties of null (reading 'image_url')
    at /home/eskillzs/eSKILLZ/routes/api/nft.js:549:46
    at runMicrotasks (<anonymous>)
    at processTicksAndRejections (node:internal/process/task_queues:96:5)
    at async Promise.all (index 0)
    at async /home/eskillzs/eSKILLZ/routes/api/nft.js:533:21
TypeError: Cannot read properties of null (reading 'image_url')
    at /home/eskillzs/eSKILLZ/routes/api/nft.js:549:46
    at runMicrotasks (<anonymous>)
    at processTicksAndRejections (node:internal/process/task_queues:96:5)
    at async Promise.all (index 0)
    at async /home/eskillzs/eSKILLZ/routes/api/nft.js:533:21
Error: Returned error: execution reverted
    at Object.ErrorResponse (/home/eskillzs/eSKILLZ/node_modules/web3/node_modules/web3-core-helpers/lib/errors.js:28:19)
    at /home/eskillzs/eSKILLZ/node_modules/web3/node_modules/web3-core-requestmanager/lib/index.js:300:36
    at /home/eskillzs/eSKILLZ/node_modules/web3/node_modules/web3-providers-http/lib/index.js:124:13
    at processTicksAndRejections (node:internal/process/task_queues:96:5) {
  data: null
}
Error: Returned error: execution reverted
    at Object.ErrorResponse (/home/eskillzs/eSKILLZ/node_modules/web3/node_modules/web3-core-helpers/lib/errors.js:28:19)
    at /home/eskillzs/eSKILLZ/node_modules/web3/node_modules/web3-core-requestmanager/lib/index.js:300:36
    at /home/eskillzs/eSKILLZ/node_modules/web3/node_modules/web3-providers-http/lib/index.js:124:13
    at processTicksAndRejections (node:internal/process/task_queues:96:5) {
  data: null
}
Error: Returned error: execution reverted
    at Object.ErrorResponse (/home/eskillzs/eSKILLZ/node_modules/web3/node_modules/web3-core-helpers/lib/errors.js:28:19)
    at /home/eskillzs/eSKILLZ/node_modules/web3/node_modules/web3-core-requestmanager/lib/index.js:300:36
    at /home/eskillzs/eSKILLZ/node_modules/web3/node_modules/web3-providers-http/lib/index.js:124:13
    at processTicksAndRejections (node:internal/process/task_queues:96:5) {
  data: null
}
Error: Returned error: execution reverted
    at Object.ErrorResponse (/home/eskillzs/eSKILLZ/node_modules/web3/node_modules/web3-core-helpers/lib/errors.js:28:19)
    at /home/eskillzs/eSKILLZ/node_modules/web3/node_modules/web3-core-requestmanager/lib/index.js:300:36
    at /home/eskillzs/eSKILLZ/node_modules/web3/node_modules/web3-providers-http/lib/index.js:124:13
    at processTicksAndRejections (node:internal/process/task_queues:96:5) {
  data: null
}
Error: Returned error: execution reverted
    at Object.ErrorResponse (/home/eskillzs/eSKILLZ/node_modules/web3/node_modules/web3-core-helpers/lib/errors.js:28:19)
    at /home/eskillzs/eSKILLZ/node_modules/web3/node_modules/web3-core-requestmanager/lib/index.js:300:36
    at /home/eskillzs/eSKILLZ/node_modules/web3/node_modules/web3-providers-http/lib/index.js:124:13
    at processTicksAndRejections (node:internal/process/task_queues:96:5) {
  data: null
}
Error: Returned error: execution reverted
    at Object.ErrorResponse (/home/eskillzs/eSKILLZ/node_modules/web3/node_modules/web3-core-helpers/lib/errors.js:28:19)
    at /home/eskillzs/eSKILLZ/node_modules/web3/node_modules/web3-core-requestmanager/lib/index.js:300:36
    at /home/eskillzs/eSKILLZ/node_modules/web3/node_modules/web3-providers-http/lib/index.js:124:13
    at processTicksAndRejections (node:internal/process/task_queues:96:5) {
  data: null
}
Error: Returned error: execution reverted
    at Object.ErrorResponse (/home/eskillzs/eSKILLZ/node_modules/web3/node_modules/web3-core-helpers/lib/errors.js:28:19)
    at /home/eskillzs/eSKILLZ/node_modules/web3/node_modules/web3-core-requestmanager/lib/index.js:300:36
    at /home/eskillzs/eSKILLZ/node_modules/web3/node_modules/web3-providers-http/lib/index.js:124:13
    at processTicksAndRejections (node:internal/process/task_queues:96:5) {
  data: null
}
Error: Returned error: execution reverted
    at Object.ErrorResponse (/home/eskillzs/eSKILLZ/node_modules/web3/node_modules/web3-core-helpers/lib/errors.js:28:19)
    at /home/eskillzs/eSKILLZ/node_modules/web3/node_modules/web3-core-requestmanager/lib/index.js:300:36
    at /home/eskillzs/eSKILLZ/node_modules/web3/node_modules/web3-providers-http/lib/index.js:124:13
    at processTicksAndRejections (node:internal/process/task_queues:96:5) {
  data: null
}
Error: Returned error: execution reverted
    at Object.ErrorResponse (/home/eskillzs/eSKILLZ/node_modules/web3/node_modules/web3-core-helpers/lib/errors.js:28:19)
    at /home/eskillzs/eSKILLZ/node_modules/web3/node_modules/web3-core-requestmanager/lib/index.js:300:36
    at /home/eskillzs/eSKILLZ/node_modules/web3/node_modules/web3-providers-http/lib/index.js:124:13
    at processTicksAndRejections (node:internal/process/task_queues:96:5) {
  data: null
}
Error: Returned error: execution reverted
    at Object.ErrorResponse (/home/eskillzs/eSKILLZ/node_modules/web3/node_modules/web3-core-helpers/lib/errors.js:28:19)
    at /home/eskillzs/eSKILLZ/node_modules/web3/node_modules/web3-core-requestmanager/lib/index.js:300:36
    at /home/eskillzs/eSKILLZ/node_modules/web3/node_modules/web3-providers-http/lib/index.js:124:13
    at processTicksAndRejections (node:internal/process/task_queues:96:5) {
  data: null
}
Error: Returned error: execution reverted
    at Object.ErrorResponse (/home/eskillzs/eSKILLZ/node_modules/web3/node_modules/web3-core-helpers/lib/errors.js:28:19)
    at /home/eskillzs/eSKILLZ/node_modules/web3/node_modules/web3-core-requestmanager/lib/index.js:300:36
    at /home/eskillzs/eSKILLZ/node_modules/web3/node_modules/web3-providers-http/lib/index.js:124:13
    at processTicksAndRejections (node:internal/process/task_queues:96:5) {
  data: null
}
Error: Returned error: execution reverted
    at Object.ErrorResponse (/home/eskillzs/eSKILLZ/node_modules/web3/node_modules/web3-core-helpers/lib/errors.js:28:19)
    at /home/eskillzs/eSKILLZ/node_modules/web3/node_modules/web3-core-requestmanager/lib/index.js:300:36
    at /home/eskillzs/eSKILLZ/node_modules/web3/node_modules/web3-providers-http/lib/index.js:124:13
    at processTicksAndRejections (node:internal/process/task_queues:96:5) {
  data: null
}
Error: Returned error: execution reverted
    at Object.ErrorResponse (/home/eskillzs/eSKILLZ/node_modules/web3/node_modules/web3-core-helpers/lib/errors.js:28:19)
    at /home/eskillzs/eSKILLZ/node_modules/web3/node_modules/web3-core-requestmanager/lib/index.js:300:36
    at /home/eskillzs/eSKILLZ/node_modules/web3/node_modules/web3-providers-http/lib/index.js:124:13
    at processTicksAndRejections (node:internal/process/task_queues:96:5) {
  data: null
}
Error: Returned error: execution reverted
    at Object.ErrorResponse (/home/eskillzs/eSKILLZ/node_modules/web3/node_modules/web3-core-helpers/lib/errors.js:28:19)
    at /home/eskillzs/eSKILLZ/node_modules/web3/node_modules/web3-core-requestmanager/lib/index.js:300:36
    at /home/eskillzs/eSKILLZ/node_modules/web3/node_modules/web3-providers-http/lib/index.js:124:13
    at processTicksAndRejections (node:internal/process/task_queues:96:5) {
  data: null
}
Error: Returned error: execution reverted
    at Object.ErrorResponse (/home/eskillzs/eSKILLZ/node_modules/web3/node_modules/web3-core-helpers/lib/errors.js:28:19)
    at /home/eskillzs/eSKILLZ/node_modules/web3/node_modules/web3-core-requestmanager/lib/index.js:300:36
    at /home/eskillzs/eSKILLZ/node_modules/web3/node_modules/web3-providers-http/lib/index.js:124:13
    at processTicksAndRejections (node:internal/process/task_queues:96:5) {
  data: null
}
Error: Returned error: execution reverted
    at Object.ErrorResponse (/home/eskillzs/eSKILLZ/node_modules/web3/node_modules/web3-core-helpers/lib/errors.js:28:19)
    at /home/eskillzs/eSKILLZ/node_modules/web3/node_modules/web3-core-requestmanager/lib/index.js:300:36
    at /home/eskillzs/eSKILLZ/node_modules/web3/node_modules/web3-providers-http/lib/index.js:124:13
    at processTicksAndRejections (node:internal/process/task_queues:96:5) {
  data: null
}
Error: Returned error: execution reverted
    at Object.ErrorResponse (/home/eskillzs/eSKILLZ/node_modules/web3/node_modules/web3-core-helpers/lib/errors.js:28:19)
    at /home/eskillzs/eSKILLZ/node_modules/web3/node_modules/web3-core-requestmanager/lib/index.js:300:36
    at /home/eskillzs/eSKILLZ/node_modules/web3/node_modules/web3-providers-http/lib/index.js:124:13
    at runMicrotasks (<anonymous>)
    at processTicksAndRejections (node:internal/process/task_queues:96:5) {
  data: null
}
Error: Returned error: execution reverted
    at Object.ErrorResponse (/home/eskillzs/eSKILLZ/node_modules/web3/node_modules/web3-core-helpers/lib/errors.js:28:19)
    at /home/eskillzs/eSKILLZ/node_modules/web3/node_modules/web3-core-requestmanager/lib/index.js:300:36
    at /home/eskillzs/eSKILLZ/node_modules/web3/node_modules/web3-providers-http/lib/index.js:124:13
    at runMicrotasks (<anonymous>)
    at processTicksAndRejections (node:internal/process/task_queues:96:5) {
  data: null
}
Error: Returned error: execution reverted
    at Object.ErrorResponse (/home/eskillzs/eSKILLZ/node_modules/web3/node_modules/web3-core-helpers/lib/errors.js:28:19)
    at /home/eskillzs/eSKILLZ/node_modules/web3/node_modules/web3-core-requestmanager/lib/index.js:300:36
    at /home/eskillzs/eSKILLZ/node_modules/web3/node_modules/web3-providers-http/lib/index.js:124:13
    at runMicrotasks (<anonymous>)
    at processTicksAndRejections (node:internal/process/task_queues:96:5) {
  data: null
}
Error: Returned error: execution reverted
    at Object.ErrorResponse (/home/eskillzs/eSKILLZ/node_modules/web3/node_modules/web3-core-helpers/lib/errors.js:28:19)
    at /home/eskillzs/eSKILLZ/node_modules/web3/node_modules/web3-core-requestmanager/lib/index.js:300:36
    at /home/eskillzs/eSKILLZ/node_modules/web3/node_modules/web3-providers-http/lib/index.js:124:13
    at runMicrotasks (<anonymous>)
    at processTicksAndRejections (node:internal/process/task_queues:96:5) {
  data: null
}
Error: Returned error: execution reverted
    at Object.ErrorResponse (/home/eskillzs/eSKILLZ/node_modules/web3/node_modules/web3-core-helpers/lib/errors.js:28:19)
    at /home/eskillzs/eSKILLZ/node_modules/web3/node_modules/web3-core-requestmanager/lib/index.js:300:36
    at /home/eskillzs/eSKILLZ/node_modules/web3/node_modules/web3-providers-http/lib/index.js:124:13
    at runMicrotasks (<anonymous>)
    at processTicksAndRejections (node:internal/process/task_queues:96:5) {
  data: null
}
Error: Returned error: execution reverted
    at Object.ErrorResponse (/home/eskillzs/eSKILLZ/node_modules/web3/node_modules/web3-core-helpers/lib/errors.js:28:19)
    at /home/eskillzs/eSKILLZ/node_modules/web3/node_modules/web3-core-requestmanager/lib/index.js:300:36
    at /home/eskillzs/eSKILLZ/node_modules/web3/node_modules/web3-providers-http/lib/index.js:124:13
    at runMicrotasks (<anonymous>)
    at processTicksAndRejections (node:internal/process/task_queues:96:5) {
  data: null
}
Error: Returned error: execution reverted
    at Object.ErrorResponse (/home/eskillzs/eSKILLZ/node_modules/web3/node_modules/web3-core-helpers/lib/errors.js:28:19)
    at /home/eskillzs/eSKILLZ/node_modules/web3/node_modules/web3-core-requestmanager/lib/index.js:300:36
    at /home/eskillzs/eSKILLZ/node_modules/web3/node_modules/web3-providers-http/lib/index.js:124:13
    at runMicrotasks (<anonymous>)
    at processTicksAndRejections (node:internal/process/task_queues:96:5) {
  data: null
}
Error: Returned error: execution reverted
    at Object.ErrorResponse (/home/eskillzs/eSKILLZ/node_modules/web3/node_modules/web3-core-helpers/lib/errors.js:28:19)
    at /home/eskillzs/eSKILLZ/node_modules/web3/node_modules/web3-core-requestmanager/lib/index.js:300:36
    at /home/eskillzs/eSKILLZ/node_modules/web3/node_modules/web3-providers-http/lib/index.js:124:13
    at runMicrotasks (<anonymous>)
    at processTicksAndRejections (node:internal/process/task_queues:96:5) {
  data: null
}
Error: Returned error: execution reverted
    at Object.ErrorResponse (/home/eskillzs/eSKILLZ/node_modules/web3/node_modules/web3-core-helpers/lib/errors.js:28:19)
    at /home/eskillzs/eSKILLZ/node_modules/web3/node_modules/web3-core-requestmanager/lib/index.js:300:36
    at /home/eskillzs/eSKILLZ/node_modules/web3/node_modules/web3-providers-http/lib/index.js:124:13
    at runMicrotasks (<anonymous>)
    at processTicksAndRejections (node:internal/process/task_queues:96:5) {
  data: null
}
Error: Returned error: execution reverted
    at Object.ErrorResponse (/home/eskillzs/eSKILLZ/node_modules/web3/node_modules/web3-core-helpers/lib/errors.js:28:19)
    at /home/eskillzs/eSKILLZ/node_modules/web3/node_modules/web3-core-requestmanager/lib/index.js:300:36
    at /home/eskillzs/eSKILLZ/node_modules/web3/node_modules/web3-providers-http/lib/index.js:124:13
    at runMicrotasks (<anonymous>)
    at processTicksAndRejections (node:internal/process/task_queues:96:5) {
  data: null
}
Error: Returned error: execution reverted
    at Object.ErrorResponse (/home/eskillzs/eSKILLZ/node_modules/web3/node_modules/web3-core-helpers/lib/errors.js:28:19)
    at /home/eskillzs/eSKILLZ/node_modules/web3/node_modules/web3-core-requestmanager/lib/index.js:300:36
    at /home/eskillzs/eSKILLZ/node_modules/web3/node_modules/web3-providers-http/lib/index.js:124:13
    at runMicrotasks (<anonymous>)
    at processTicksAndRejections (node:internal/process/task_queues:96:5) {
  data: null
}
Error: Returned error: execution reverted
    at Object.ErrorResponse (/home/eskillzs/eSKILLZ/node_modules/web3/node_modules/web3-core-helpers/lib/errors.js:28:19)
    at /home/eskillzs/eSKILLZ/node_modules/web3/node_modules/web3-core-requestmanager/lib/index.js:300:36
    at /home/eskillzs/eSKILLZ/node_modules/web3/node_modules/web3-providers-http/lib/index.js:124:13
    at runMicrotasks (<anonymous>)
    at processTicksAndRejections (node:internal/process/task_queues:96:5) {
  data: null
}
Error: Returned error: execution reverted
    at Object.ErrorResponse (/home/eskillzs/eSKILLZ/node_modules/web3/node_modules/web3-core-helpers/lib/errors.js:28:19)
    at /home/eskillzs/eSKILLZ/node_modules/web3/node_modules/web3-core-requestmanager/lib/index.js:300:36
    at /home/eskillzs/eSKILLZ/node_modules/web3/node_modules/web3-providers-http/lib/index.js:124:13
    at runMicrotasks (<anonymous>)
    at processTicksAndRejections (node:internal/process/task_queues:96:5) {
  data: null
}
Error: Returned error: execution reverted
    at Object.ErrorResponse (/home/eskillzs/eSKILLZ/node_modules/web3/node_modules/web3-core-helpers/lib/errors.js:28:19)
    at /home/eskillzs/eSKILLZ/node_modules/web3/node_modules/web3-core-requestmanager/lib/index.js:300:36
    at /home/eskillzs/eSKILLZ/node_modules/web3/node_modules/web3-providers-http/lib/index.js:124:13
    at runMicrotasks (<anonymous>)
    at processTicksAndRejections (node:internal/process/task_queues:96:5) {
  data: null
}
Error: Returned error: execution reverted
    at Object.ErrorResponse (/home/eskillzs/eSKILLZ/node_modules/web3/node_modules/web3-core-helpers/lib/errors.js:28:19)
    at /home/eskillzs/eSKILLZ/node_modules/web3/node_modules/web3-core-requestmanager/lib/index.js:300:36
    at /home/eskillzs/eSKILLZ/node_modules/web3/node_modules/web3-providers-http/lib/index.js:124:13
    at runMicrotasks (<anonymous>)
    at processTicksAndRejections (node:internal/process/task_queues:96:5) {
  data: null
}
Error: Returned error: execution reverted
    at Object.ErrorResponse (/home/eskillzs/eSKILLZ/node_modules/web3/node_modules/web3-core-helpers/lib/errors.js:28:19)
    at /home/eskillzs/eSKILLZ/node_modules/web3/node_modules/web3-core-requestmanager/lib/index.js:300:36
    at /home/eskillzs/eSKILLZ/node_modules/web3/node_modules/web3-providers-http/lib/index.js:124:13
    at runMicrotasks (<anonymous>)
    at processTicksAndRejections (node:internal/process/task_queues:96:5) {
  data: null
}
Error: Returned error: execution reverted
    at Object.ErrorResponse (/home/eskillzs/eSKILLZ/node_modules/web3/node_modules/web3-core-helpers/lib/errors.js:28:19)
    at /home/eskillzs/eSKILLZ/node_modules/web3/node_modules/web3-core-requestmanager/lib/index.js:300:36
    at /home/eskillzs/eSKILLZ/node_modules/web3/node_modules/web3-providers-http/lib/index.js:124:13
    at runMicrotasks (<anonymous>)
    at processTicksAndRejections (node:internal/process/task_queues:96:5) {
  data: null
}
Error: Returned error: execution reverted
    at Object.ErrorResponse (/home/eskillzs/eSKILLZ/node_modules/web3/node_modules/web3-core-helpers/lib/errors.js:28:19)
    at /home/eskillzs/eSKILLZ/node_modules/web3/node_modules/web3-core-requestmanager/lib/index.js:300:36
    at /home/eskillzs/eSKILLZ/node_modules/web3/node_modules/web3-providers-http/lib/index.js:124:13
    at runMicrotasks (<anonymous>)
    at processTicksAndRejections (node:internal/process/task_queues:96:5) {
  data: null
}
Error: Returned error: execution reverted
    at Object.ErrorResponse (/home/eskillzs/eSKILLZ/node_modules/web3/node_modules/web3-core-helpers/lib/errors.js:28:19)
    at /home/eskillzs/eSKILLZ/node_modules/web3/node_modules/web3-core-requestmanager/lib/index.js:300:36
    at /home/eskillzs/eSKILLZ/node_modules/web3/node_modules/web3-providers-http/lib/index.js:124:13
    at runMicrotasks (<anonymous>)
    at processTicksAndRejections (node:internal/process/task_queues:96:5) {
  data: null
}
Error: Returned error: execution reverted
    at Object.ErrorResponse (/home/eskillzs/eSKILLZ/node_modules/web3/node_modules/web3-core-helpers/lib/errors.js:28:19)
    at /home/eskillzs/eSKILLZ/node_modules/web3/node_modules/web3-core-requestmanager/lib/index.js:300:36
    at /home/eskillzs/eSKILLZ/node_modules/web3/node_modules/web3-providers-http/lib/index.js:124:13
    at runMicrotasks (<anonymous>)
    at processTicksAndRejections (node:internal/process/task_queues:96:5) {
  data: null
}
Error: Returned error: execution reverted
    at Object.ErrorResponse (/home/eskillzs/eSKILLZ/node_modules/web3/node_modules/web3-core-helpers/lib/errors.js:28:19)
    at /home/eskillzs/eSKILLZ/node_modules/web3/node_modules/web3-core-requestmanager/lib/index.js:300:36
    at /home/eskillzs/eSKILLZ/node_modules/web3/node_modules/web3-providers-http/lib/index.js:124:13
    at runMicrotasks (<anonymous>)
    at processTicksAndRejections (node:internal/process/task_queues:96:5) {
  data: null
}
Error: Returned error: execution reverted
    at Object.ErrorResponse (/home/eskillzs/eSKILLZ/node_modules/web3/node_modules/web3-core-helpers/lib/errors.js:28:19)
    at /home/eskillzs/eSKILLZ/node_modules/web3/node_modules/web3-core-requestmanager/lib/index.js:300:36
    at /home/eskillzs/eSKILLZ/node_modules/web3/node_modules/web3-providers-http/lib/index.js:124:13
    at runMicrotasks (<anonymous>)
    at processTicksAndRejections (node:internal/process/task_queues:96:5) {
  data: null
}
Error: Returned error: execution reverted
    at Object.ErrorResponse (/home/eskillzs/eSKILLZ/node_modules/web3/node_modules/web3-core-helpers/lib/errors.js:28:19)
    at /home/eskillzs/eSKILLZ/node_modules/web3/node_modules/web3-core-requestmanager/lib/index.js:300:36
    at /home/eskillzs/eSKILLZ/node_modules/web3/node_modules/web3-providers-http/lib/index.js:124:13
    at runMicrotasks (<anonymous>)
    at processTicksAndRejections (node:internal/process/task_queues:96:5) {
  data: null
}
Error: Returned error: execution reverted
    at Object.ErrorResponse (/home/eskillzs/eSKILLZ/node_modules/web3/node_modules/web3-core-helpers/lib/errors.js:28:19)
    at /home/eskillzs/eSKILLZ/node_modules/web3/node_modules/web3-core-requestmanager/lib/index.js:300:36
    at /home/eskillzs/eSKILLZ/node_modules/web3/node_modules/web3-providers-http/lib/index.js:124:13
    at runMicrotasks (<anonymous>)
    at processTicksAndRejections (node:internal/process/task_queues:96:5) {
  data: null
}
Error: Returned error: execution reverted
    at Object.ErrorResponse (/home/eskillzs/eSKILLZ/node_modules/web3/node_modules/web3-core-helpers/lib/errors.js:28:19)
    at /home/eskillzs/eSKILLZ/node_modules/web3/node_modules/web3-core-requestmanager/lib/index.js:300:36
    at /home/eskillzs/eSKILLZ/node_modules/web3/node_modules/web3-providers-http/lib/index.js:124:13
    at runMicrotasks (<anonymous>)
    at processTicksAndRejections (node:internal/process/task_queues:96:5) {
  data: null
}
Error: Returned error: execution reverted
    at Object.ErrorResponse (/home/eskillzs/eSKILLZ/node_modules/web3/node_modules/web3-core-helpers/lib/errors.js:28:19)
    at /home/eskillzs/eSKILLZ/node_modules/web3/node_modules/web3-core-requestmanager/lib/index.js:300:36
    at /home/eskillzs/eSKILLZ/node_modules/web3/node_modules/web3-providers-http/lib/index.js:124:13
    at runMicrotasks (<anonymous>)
    at processTicksAndRejections (node:internal/process/task_queues:96:5) {
  data: null
}
Error: Returned error: execution reverted
    at Object.ErrorResponse (/home/eskillzs/eSKILLZ/node_modules/web3/node_modules/web3-core-helpers/lib/errors.js:28:19)
    at /home/eskillzs/eSKILLZ/node_modules/web3/node_modules/web3-core-requestmanager/lib/index.js:300:36
    at /home/eskillzs/eSKILLZ/node_modules/web3/node_modules/web3-providers-http/lib/index.js:124:13
    at runMicrotasks (<anonymous>)
    at processTicksAndRejections (node:internal/process/task_queues:96:5) {
  data: null
}
Error: Returned error: execution reverted
    at Object.ErrorResponse (/home/eskillzs/eSKILLZ/node_modules/web3/node_modules/web3-core-helpers/lib/errors.js:28:19)
    at /home/eskillzs/eSKILLZ/node_modules/web3/node_modules/web3-core-requestmanager/lib/index.js:300:36
    at /home/eskillzs/eSKILLZ/node_modules/web3/node_modules/web3-providers-http/lib/index.js:124:13
    at runMicrotasks (<anonymous>)
    at processTicksAndRejections (node:internal/process/task_queues:96:5) {
  data: null
}
Error: Returned error: execution reverted
    at Object.ErrorResponse (/home/eskillzs/eSKILLZ/node_modules/web3/node_modules/web3-core-helpers/lib/errors.js:28:19)
    at /home/eskillzs/eSKILLZ/node_modules/web3/node_modules/web3-core-requestmanager/lib/index.js:300:36
    at /home/eskillzs/eSKILLZ/node_modules/web3/node_modules/web3-providers-http/lib/index.js:124:13
    at runMicrotasks (<anonymous>)
    at processTicksAndRejections (node:internal/process/task_queues:96:5) {
  data: null
}
Error: Returned error: execution reverted
    at Object.ErrorResponse (/home/eskillzs/eSKILLZ/node_modules/web3/node_modules/web3-core-helpers/lib/errors.js:28:19)
    at /home/eskillzs/eSKILLZ/node_modules/web3/node_modules/web3-core-requestmanager/lib/index.js:300:36
    at /home/eskillzs/eSKILLZ/node_modules/web3/node_modules/web3-providers-http/lib/index.js:124:13
    at runMicrotasks (<anonymous>)
    at processTicksAndRejections (node:internal/process/task_queues:96:5) {
  data: null
}
Error: Returned error: execution reverted
    at Object.ErrorResponse (/home/eskillzs/eSKILLZ/node_modules/web3/node_modules/web3-core-helpers/lib/errors.js:28:19)
    at /home/eskillzs/eSKILLZ/node_modules/web3/node_modules/web3-core-requestmanager/lib/index.js:300:36
    at /home/eskillzs/eSKILLZ/node_modules/web3/node_modules/web3-providers-http/lib/index.js:124:13
    at runMicrotasks (<anonymous>)
    at processTicksAndRejections (node:internal/process/task_queues:96:5) {
  data: null
}
Error: Returned error: execution reverted
    at Object.ErrorResponse (/home/eskillzs/eSKILLZ/node_modules/web3/node_modules/web3-core-helpers/lib/errors.js:28:19)
    at /home/eskillzs/eSKILLZ/node_modules/web3/node_modules/web3-core-requestmanager/lib/index.js:300:36
    at /home/eskillzs/eSKILLZ/node_modules/web3/node_modules/web3-providers-http/lib/index.js:124:13
    at runMicrotasks (<anonymous>)
    at processTicksAndRejections (node:internal/process/task_queues:96:5) {
  data: null
}
Error: Returned error: execution reverted
    at Object.ErrorResponse (/home/eskillzs/eSKILLZ/node_modules/web3/node_modules/web3-core-helpers/lib/errors.js:28:19)
    at /home/eskillzs/eSKILLZ/node_modules/web3/node_modules/web3-core-requestmanager/lib/index.js:300:36
    at /home/eskillzs/eSKILLZ/node_modules/web3/node_modules/web3-providers-http/lib/index.js:124:13
    at runMicrotasks (<anonymous>)
    at processTicksAndRejections (node:internal/process/task_queues:96:5) {
  data: null
}
Error: Returned error: execution reverted
    at Object.ErrorResponse (/home/eskillzs/eSKILLZ/node_modules/web3/node_modules/web3-core-helpers/lib/errors.js:28:19)
    at /home/eskillzs/eSKILLZ/node_modules/web3/node_modules/web3-core-requestmanager/lib/index.js:300:36
    at /home/eskillzs/eSKILLZ/node_modules/web3/node_modules/web3-providers-http/lib/index.js:124:13
    at runMicrotasks (<anonymous>)
    at processTicksAndRejections (node:internal/process/task_queues:96:5) {
  data: null
}
Error: Returned error: execution reverted
    at Object.ErrorResponse (/home/eskillzs/eSKILLZ/node_modules/web3/node_modules/web3-core-helpers/lib/errors.js:28:19)
    at /home/eskillzs/eSKILLZ/node_modules/web3/node_modules/web3-core-requestmanager/lib/index.js:300:36
    at /home/eskillzs/eSKILLZ/node_modules/web3/node_modules/web3-providers-http/lib/index.js:124:13
    at runMicrotasks (<anonymous>)
    at processTicksAndRejections (node:internal/process/task_queues:96:5) {
  data: null
}
Error: Returned error: execution reverted
    at Object.ErrorResponse (/home/eskillzs/eSKILLZ/node_modules/web3/node_modules/web3-core-helpers/lib/errors.js:28:19)
    at /home/eskillzs/eSKILLZ/node_modules/web3/node_modules/web3-core-requestmanager/lib/index.js:300:36
    at /home/eskillzs/eSKILLZ/node_modules/web3/node_modules/web3-providers-http/lib/index.js:124:13
    at runMicrotasks (<anonymous>)
    at processTicksAndRejections (node:internal/process/task_queues:96:5) {
  data: null
}
MoralisError [Moralis SDK Core Error]: [C0006] Request failed, Internal Server Error(500): Unknown error occurred. Please try again or contact support.
    at RequestController.makeError (/home/eskillzs/eSKILLZ/node_modules/@moralisweb3/common-core/lib/cjs/index.cjs:1224:20)
    at RequestController.<anonymous> (/home/eskillzs/eSKILLZ/node_modules/@moralisweb3/common-core/lib/cjs/index.cjs:1205:38)
    at step (/home/eskillzs/eSKILLZ/node_modules/@moralisweb3/common-core/lib/cjs/index.cjs:83:23)
    at Object.throw (/home/eskillzs/eSKILLZ/node_modules/@moralisweb3/common-core/lib/cjs/index.cjs:64:53)
    at rejected (/home/eskillzs/eSKILLZ/node_modules/@moralisweb3/common-core/lib/cjs/index.cjs:55:65)
    at runMicrotasks (<anonymous>)
    at processTicksAndRejections (node:internal/process/task_queues:96:5) {
  isMoralisError: true,
  code: 'C0006',
  details: {
    status: 500,
    response: {
      status: 500,
      statusText: 'Internal Server Error',
      headers: [Object [AxiosHeaders]],
      config: [Object],
      request: [ClientRequest],
      data: [Object]
    }
  },
  [cause]: AxiosError: Request failed with status code 500
      at settle (/home/eskillzs/eSKILLZ/node_modules/@moralisweb3/common-core/node_modules/axios/dist/node/axios.cjs:1966:12)
      at IncomingMessage.handleStreamEnd (/home/eskillzs/eSKILLZ/node_modules/@moralisweb3/common-core/node_modules/axios/dist/node/axios.cjs:3065:11)
      at IncomingMessage.emit (node:events:525:35)
      at endReadableNT (node:internal/streams/readable:1358:12)
      at processTicksAndRejections (node:internal/process/task_queues:83:21)
      at Axios.request (/home/eskillzs/eSKILLZ/node_modules/@moralisweb3/common-core/node_modules/axios/dist/node/axios.cjs:3876:41)
      at runMicrotasks (<anonymous>)
      at processTicksAndRejections (node:internal/process/task_queues:96:5) {
    code: 'ERR_BAD_RESPONSE',
    config: {
      transitional: [Object],
      adapter: [Array],
      transformRequest: [Array],
      transformResponse: [Array],
      timeout: 20000,
      xsrfCookieName: 'XSRF-TOKEN',
      xsrfHeaderName: 'X-XSRF-TOKEN',
      maxContentLength: Infinity,
      maxBodyLength: Infinity,
      env: [Object],
      validateStatus: [Function: validateStatus],
      headers: [Object [AxiosHeaders]],
      method: 'get',
      url: 'https://deep-index.moralis.io/api/v2.2/0x40811fc409f0a712fb1f7e82b6ad1ba1f7d24614/nft',
      params: [Object],
      data: undefined
    },
    request: ClientRequest {
      _events: [Object: null prototype],
      _eventsCount: 7,
      _maxListeners: undefined,
      outputData: [],
      outputSize: 0,
      writable: true,
      destroyed: false,
      _last: true,
      chunkedEncoding: false,
      shouldKeepAlive: false,
      maxRequestsOnConnectionReached: false,
      _defaultKeepAlive: true,
      useChunkedEncodingByDefault: false,
      sendDate: false,
      _removedConnection: false,
      _removedContLen: false,
      _removedTE: false,
      strictContentLength: false,
      _contentLength: 0,
      _hasBody: true,
      _trailer: '',
      finished: true,
      _headerSent: true,
      _closed: false,
      socket: [TLSSocket],
      _header: 'GET /api/v2.2/0x40811fc409f0a712fb1f7e82b6ad1ba1f7d24614/nft?chain=0x89&format=decimal&token_addresses[]=0x7b300339ef277621aa8a4f0720bc4851235cecc9&media_items=true HTTP/1.1\r\n' +
        'Accept: application/json, text/plain, */*\r\n' +
        'x-moralis-platform: NodeJS SDK\r\n' +
        'x-moralis-platform-version: 2.25.1\r\n' +
        'x-moralis-build-target: node\r\n' +
        'x-api-key: eyJhbGciOiJIUzI1NiIsInR5cCI6IkpXVCJ9.eyJub25jZSI6Ijk3MjlmNmY0LTA4OTQtNGZkOC04NzBkLTkyZDFmOTZhMTljMiIsIm9yZ0lkIjoiMjk1MTU4IiwidXNlcklkIjoiMzAyMTA4IiwidHlwZUlkIjoiYTAyZmNhYmQtMGY3MC00ZjQ2LTg1NmUtZmQ1YjRmOTJiMWJkIiwidHlwZSI6IlBST0pFQ1QiLCJpYXQiOjE3MTA5MTc2MDMsImV4cCI6NDg2NjY3NzYwM30.bYdWb1zCQPrKR_Mn-CHHtvfBUCK7cSIbb6TQBTiu8j8\r\n' +
        'User-Agent: axios/1.6.8\r\n' +
        'Accept-Encoding: gzip, compress, deflate, br\r\n' +
        'Host: deep-index.moralis.io\r\n' +
        'Connection: close\r\n' +
        '\r\n',
      _keepAliveTimeout: 0,
      _onPendingData: [Function: nop],
      agent: [Agent],
      socketPath: undefined,
      method: 'GET',
      maxHeaderSize: undefined,
      insecureHTTPParser: undefined,
      path: '/api/v2.2/0x40811fc409f0a712fb1f7e82b6ad1ba1f7d24614/nft?chain=0x89&format=decimal&token_addresses[]=0x7b300339ef277621aa8a4f0720bc4851235cecc9&media_items=true',
      _ended: true,
      res: [IncomingMessage],
      aborted: false,
      timeoutCb: null,
      upgradeOrConnect: false,
      parser: null,
      maxHeadersCount: null,
      reusedSocket: false,
      host: 'deep-index.moralis.io',
      protocol: 'https:',
      _redirectable: [Writable],
      [Symbol(kCapture)]: false,
      [Symbol(kBytesWritten)]: 0,
      [Symbol(kEndCalled)]: true,
      [Symbol(kNeedDrain)]: false,
      [Symbol(corked)]: 0,
      [Symbol(kOutHeaders)]: [Object: null prototype],
      [Symbol(kUniqueHeaders)]: null
    },
    response: {
      status: 500,
      statusText: 'Internal Server Error',
      headers: [Object [AxiosHeaders]],
      config: [Object],
      request: [ClientRequest],
      data: [Object]
    }
  }
}
MoralisError [Moralis SDK Core Error]: [C0006] Request failed, Internal Server Error(500): Unknown error occurred. Please try again or contact support.
    at RequestController.makeError (/home/eskillzs/eSKILLZ/node_modules/@moralisweb3/common-core/lib/cjs/index.cjs:1224:20)
    at RequestController.<anonymous> (/home/eskillzs/eSKILLZ/node_modules/@moralisweb3/common-core/lib/cjs/index.cjs:1205:38)
    at step (/home/eskillzs/eSKILLZ/node_modules/@moralisweb3/common-core/lib/cjs/index.cjs:83:23)
    at Object.throw (/home/eskillzs/eSKILLZ/node_modules/@moralisweb3/common-core/lib/cjs/index.cjs:64:53)
    at rejected (/home/eskillzs/eSKILLZ/node_modules/@moralisweb3/common-core/lib/cjs/index.cjs:55:65)
    at runMicrotasks (<anonymous>)
    at processTicksAndRejections (node:internal/process/task_queues:96:5) {
  isMoralisError: true,
  code: 'C0006',
  details: {
    status: 500,
    response: {
      status: 500,
      statusText: 'Internal Server Error',
      headers: [Object [AxiosHeaders]],
      config: [Object],
      request: [ClientRequest],
      data: [Object]
    }
  },
  [cause]: AxiosError: Request failed with status code 500
      at settle (/home/eskillzs/eSKILLZ/node_modules/@moralisweb3/common-core/node_modules/axios/dist/node/axios.cjs:1966:12)
      at IncomingMessage.handleStreamEnd (/home/eskillzs/eSKILLZ/node_modules/@moralisweb3/common-core/node_modules/axios/dist/node/axios.cjs:3065:11)
      at IncomingMessage.emit (node:events:525:35)
      at endReadableNT (node:internal/streams/readable:1358:12)
      at processTicksAndRejections (node:internal/process/task_queues:83:21)
      at Axios.request (/home/eskillzs/eSKILLZ/node_modules/@moralisweb3/common-core/node_modules/axios/dist/node/axios.cjs:3876:41)
      at runMicrotasks (<anonymous>)
      at processTicksAndRejections (node:internal/process/task_queues:96:5) {
    code: 'ERR_BAD_RESPONSE',
    config: {
      transitional: [Object],
      adapter: [Array],
      transformRequest: [Array],
      transformResponse: [Array],
      timeout: 20000,
      xsrfCookieName: 'XSRF-TOKEN',
      xsrfHeaderName: 'X-XSRF-TOKEN',
      maxContentLength: Infinity,
      maxBodyLength: Infinity,
      env: [Object],
      validateStatus: [Function: validateStatus],
      headers: [Object [AxiosHeaders]],
      method: 'get',
      url: 'https://deep-index.moralis.io/api/v2.2/0x40811fc409f0a712fb1f7e82b6ad1ba1f7d24614/nft',
      params: [Object],
      data: undefined
    },
    request: ClientRequest {
      _events: [Object: null prototype],
      _eventsCount: 7,
      _maxListeners: undefined,
      outputData: [],
      outputSize: 0,
      writable: true,
      destroyed: false,
      _last: true,
      chunkedEncoding: false,
      shouldKeepAlive: false,
      maxRequestsOnConnectionReached: false,
      _defaultKeepAlive: true,
      useChunkedEncodingByDefault: false,
      sendDate: false,
      _removedConnection: false,
      _removedContLen: false,
      _removedTE: false,
      strictContentLength: false,
      _contentLength: 0,
      _hasBody: true,
      _trailer: '',
      finished: true,
      _headerSent: true,
      _closed: false,
      socket: [TLSSocket],
      _header: 'GET /api/v2.2/0x40811fc409f0a712fb1f7e82b6ad1ba1f7d24614/nft?chain=0x89&format=decimal&token_addresses[]=0xff574079ff1f9543e260a32415d72bb19ec9313f&media_items=true HTTP/1.1\r\n' +
        'Accept: application/json, text/plain, */*\r\n' +
        'x-moralis-platform: NodeJS SDK\r\n' +
        'x-moralis-platform-version: 2.25.1\r\n' +
        'x-moralis-build-target: node\r\n' +
        'x-api-key: eyJhbGciOiJIUzI1NiIsInR5cCI6IkpXVCJ9.eyJub25jZSI6Ijk3MjlmNmY0LTA4OTQtNGZkOC04NzBkLTkyZDFmOTZhMTljMiIsIm9yZ0lkIjoiMjk1MTU4IiwidXNlcklkIjoiMzAyMTA4IiwidHlwZUlkIjoiYTAyZmNhYmQtMGY3MC00ZjQ2LTg1NmUtZmQ1YjRmOTJiMWJkIiwidHlwZSI6IlBST0pFQ1QiLCJpYXQiOjE3MTA5MTc2MDMsImV4cCI6NDg2NjY3NzYwM30.bYdWb1zCQPrKR_Mn-CHHtvfBUCK7cSIbb6TQBTiu8j8\r\n' +
        'User-Agent: axios/1.6.8\r\n' +
        'Accept-Encoding: gzip, compress, deflate, br\r\n' +
        'Host: deep-index.moralis.io\r\n' +
        'Connection: close\r\n' +
        '\r\n',
      _keepAliveTimeout: 0,
      _onPendingData: [Function: nop],
      agent: [Agent],
      socketPath: undefined,
      method: 'GET',
      maxHeaderSize: undefined,
      insecureHTTPParser: undefined,
      path: '/api/v2.2/0x40811fc409f0a712fb1f7e82b6ad1ba1f7d24614/nft?chain=0x89&format=decimal&token_addresses[]=0xff574079ff1f9543e260a32415d72bb19ec9313f&media_items=true',
      _ended: true,
      res: [IncomingMessage],
      aborted: false,
      timeoutCb: null,
      upgradeOrConnect: false,
      parser: null,
      maxHeadersCount: null,
      reusedSocket: false,
      host: 'deep-index.moralis.io',
      protocol: 'https:',
      _redirectable: [Writable],
      [Symbol(kCapture)]: false,
      [Symbol(kBytesWritten)]: 0,
      [Symbol(kEndCalled)]: true,
      [Symbol(kNeedDrain)]: false,
      [Symbol(corked)]: 0,
      [Symbol(kOutHeaders)]: [Object: null prototype],
      [Symbol(kUniqueHeaders)]: null
    },
    response: {
      status: 500,
      statusText: 'Internal Server Error',
      headers: [Object [AxiosHeaders]],
      config: [Object],
      request: [ClientRequest],
      data: [Object]
    }
  }
}
Error: Returned error: request failed or timed out
    at Object.ErrorResponse (/home/eskillzs/eSKILLZ/node_modules/web3/node_modules/web3-core-helpers/lib/errors.js:28:19)
    at /home/eskillzs/eSKILLZ/node_modules/web3/node_modules/web3-core-requestmanager/lib/index.js:300:36
    at /home/eskillzs/eSKILLZ/node_modules/web3/node_modules/web3-providers-http/lib/index.js:124:13
    at runMicrotasks (<anonymous>)
    at processTicksAndRejections (node:internal/process/task_queues:96:5) {
  data: null
}
Error: Returned error: request failed or timed out
    at Object.ErrorResponse (/home/eskillzs/eSKILLZ/node_modules/web3/node_modules/web3-core-helpers/lib/errors.js:28:19)
    at /home/eskillzs/eSKILLZ/node_modules/web3/node_modules/web3-core-requestmanager/lib/index.js:300:36
    at /home/eskillzs/eSKILLZ/node_modules/web3/node_modules/web3-providers-http/lib/index.js:124:13
    at runMicrotasks (<anonymous>)
    at processTicksAndRejections (node:internal/process/task_queues:96:5) {
  data: null
}
Error: Returned error: request failed or timed out
    at Object.ErrorResponse (/home/eskillzs/eSKILLZ/node_modules/web3/node_modules/web3-core-helpers/lib/errors.js:28:19)
    at /home/eskillzs/eSKILLZ/node_modules/web3/node_modules/web3-core-requestmanager/lib/index.js:300:36
    at /home/eskillzs/eSKILLZ/node_modules/web3/node_modules/web3-providers-http/lib/index.js:124:13
    at runMicrotasks (<anonymous>)
    at processTicksAndRejections (node:internal/process/task_queues:96:5) {
  data: null
}
Error: Returned error: request failed or timed out
    at Object.ErrorResponse (/home/eskillzs/eSKILLZ/node_modules/web3/node_modules/web3-core-helpers/lib/errors.js:28:19)
    at /home/eskillzs/eSKILLZ/node_modules/web3/node_modules/web3-core-requestmanager/lib/index.js:300:36
    at /home/eskillzs/eSKILLZ/node_modules/web3/node_modules/web3-providers-http/lib/index.js:124:13
    at runMicrotasks (<anonymous>)
    at processTicksAndRejections (node:internal/process/task_queues:96:5) {
  data: null
}
Error: Returned error: request failed or timed out
    at Object.ErrorResponse (/home/eskillzs/eSKILLZ/node_modules/web3/node_modules/web3-core-helpers/lib/errors.js:28:19)
    at /home/eskillzs/eSKILLZ/node_modules/web3/node_modules/web3-core-requestmanager/lib/index.js:300:36
    at /home/eskillzs/eSKILLZ/node_modules/web3/node_modules/web3-providers-http/lib/index.js:124:13
    at runMicrotasks (<anonymous>)
    at processTicksAndRejections (node:internal/process/task_queues:96:5) {
  data: null
}
Error: Returned error: request failed or timed out
    at Object.ErrorResponse (/home/eskillzs/eSKILLZ/node_modules/web3/node_modules/web3-core-helpers/lib/errors.js:28:19)
    at /home/eskillzs/eSKILLZ/node_modules/web3/node_modules/web3-core-requestmanager/lib/index.js:300:36
    at /home/eskillzs/eSKILLZ/node_modules/web3/node_modules/web3-providers-http/lib/index.js:124:13
    at runMicrotasks (<anonymous>)
    at processTicksAndRejections (node:internal/process/task_queues:96:5) {
  data: null
}
Error: Returned error: request failed or timed out
    at Object.ErrorResponse (/home/eskillzs/eSKILLZ/node_modules/web3/node_modules/web3-core-helpers/lib/errors.js:28:19)
    at /home/eskillzs/eSKILLZ/node_modules/web3/node_modules/web3-core-requestmanager/lib/index.js:300:36
    at /home/eskillzs/eSKILLZ/node_modules/web3/node_modules/web3-providers-http/lib/index.js:124:13
    at runMicrotasks (<anonymous>)
    at processTicksAndRejections (node:internal/process/task_queues:96:5) {
  data: null
}
Error: Returned error: request failed or timed out
    at Object.ErrorResponse (/home/eskillzs/eSKILLZ/node_modules/web3/node_modules/web3-core-helpers/lib/errors.js:28:19)
    at /home/eskillzs/eSKILLZ/node_modules/web3/node_modules/web3-core-requestmanager/lib/index.js:300:36
    at /home/eskillzs/eSKILLZ/node_modules/web3/node_modules/web3-providers-http/lib/index.js:124:13
    at runMicrotasks (<anonymous>)
    at processTicksAndRejections (node:internal/process/task_queues:96:5) {
  data: null
}
Error: Returned error: request failed or timed out
    at Object.ErrorResponse (/home/eskillzs/eSKILLZ/node_modules/web3/node_modules/web3-core-helpers/lib/errors.js:28:19)
    at /home/eskillzs/eSKILLZ/node_modules/web3/node_modules/web3-core-requestmanager/lib/index.js:300:36
    at /home/eskillzs/eSKILLZ/node_modules/web3/node_modules/web3-providers-http/lib/index.js:124:13
    at runMicrotasks (<anonymous>)
    at processTicksAndRejections (node:internal/process/task_queues:96:5) {
  data: null
}
Error: Returned error: request failed or timed out
    at Object.ErrorResponse (/home/eskillzs/eSKILLZ/node_modules/web3/node_modules/web3-core-helpers/lib/errors.js:28:19)
    at /home/eskillzs/eSKILLZ/node_modules/web3/node_modules/web3-core-requestmanager/lib/index.js:300:36
    at /home/eskillzs/eSKILLZ/node_modules/web3/node_modules/web3-providers-http/lib/index.js:124:13
    at runMicrotasks (<anonymous>)
    at processTicksAndRejections (node:internal/process/task_queues:96:5) {
  data: null
}
MoralisError [Moralis SDK Core Error]: [C0006] Request failed: timeout of 20000ms exceeded
    at RequestController.makeError (/home/eskillzs/eSKILLZ/node_modules/@moralisweb3/common-core/lib/cjs/index.cjs:1235:16)
    at RequestController.<anonymous> (/home/eskillzs/eSKILLZ/node_modules/@moralisweb3/common-core/lib/cjs/index.cjs:1205:38)
    at step (/home/eskillzs/eSKILLZ/node_modules/@moralisweb3/common-core/lib/cjs/index.cjs:83:23)
    at Object.throw (/home/eskillzs/eSKILLZ/node_modules/@moralisweb3/common-core/lib/cjs/index.cjs:64:53)
    at rejected (/home/eskillzs/eSKILLZ/node_modules/@moralisweb3/common-core/lib/cjs/index.cjs:55:65) {
  isMoralisError: true,
  code: 'C0006',
  details: undefined,
  [cause]: AxiosError: timeout of 20000ms exceeded
      at RedirectableRequest.handleRequestTimeout (/home/eskillzs/eSKILLZ/node_modules/@moralisweb3/common-core/node_modules/axios/dist/node/axios.cjs:3123:16)
      at RedirectableRequest.emit (node:events:513:28)
      at Timeout.<anonymous> (/home/eskillzs/eSKILLZ/node_modules/follow-redirects/index.js:210:12)
      at listOnTimeout (node:internal/timers:559:17)
      at processTimers (node:internal/timers:502:7)
      at Axios.request (/home/eskillzs/eSKILLZ/node_modules/@moralisweb3/common-core/node_modules/axios/dist/node/axios.cjs:3876:41) {
    code: 'ECONNABORTED',
    config: {
      transitional: [Object],
      adapter: [Array],
      transformRequest: [Array],
      transformResponse: [Array],
      timeout: 20000,
      xsrfCookieName: 'XSRF-TOKEN',
      xsrfHeaderName: 'X-XSRF-TOKEN',
      maxContentLength: Infinity,
      maxBodyLength: Infinity,
      env: [Object],
      validateStatus: [Function: validateStatus],
      headers: [Object [AxiosHeaders]],
      method: 'get',
      url: 'https://deep-index.moralis.io/api/v2.2/0x40811fc409f0a712fb1f7e82b6ad1ba1f7d24614/nft',
      params: [Object],
      data: undefined
    },
    request: Writable {
      _writableState: [WritableState],
      _events: [Object: null prototype],
      _eventsCount: 3,
      _maxListeners: undefined,
      _options: [Object],
      _ended: true,
      _ending: true,
      _redirectCount: 0,
      _redirects: [],
      _requestBodyLength: 0,
      _requestBodyBuffers: [],
      _onNativeResponse: [Function (anonymous)],
      _currentRequest: [ClientRequest],
      _currentUrl: 'https://deep-index.moralis.io/api/v2.2/0x40811fc409f0a712fb1f7e82b6ad1ba1f7d24614/nft?chain=0x89&format=decimal&token_addresses[]=0xb61df32b42d9f5518f52093caef0f1104e2a4b04&media_items=true',
      _timeout: null,
      [Symbol(kCapture)]: false
    }
  }
}
MoralisError [Moralis SDK Core Error]: [C0006] Request failed, Unauthorized(401): Validation service blocked: Your plan: free-plan-daily total included usage has been consumed, please upgrade your plan here, https://moralis.io/pricing
    at RequestController.makeError (/home/eskillzs/eSKILLZ/node_modules/@moralisweb3/common-core/lib/cjs/index.cjs:1224:20)
    at RequestController.<anonymous> (/home/eskillzs/eSKILLZ/node_modules/@moralisweb3/common-core/lib/cjs/index.cjs:1205:38)
    at step (/home/eskillzs/eSKILLZ/node_modules/@moralisweb3/common-core/lib/cjs/index.cjs:83:23)
    at Object.throw (/home/eskillzs/eSKILLZ/node_modules/@moralisweb3/common-core/lib/cjs/index.cjs:64:53)
    at rejected (/home/eskillzs/eSKILLZ/node_modules/@moralisweb3/common-core/lib/cjs/index.cjs:55:65)
    at runMicrotasks (<anonymous>)
    at processTicksAndRejections (node:internal/process/task_queues:96:5) {
  isMoralisError: true,
  code: 'C0006',
  details: {
    status: 401,
    response: {
      status: 401,
      statusText: 'Unauthorized',
      headers: [Object [AxiosHeaders]],
      config: [Object],
      request: [ClientRequest],
      data: [Object]
    }
  },
  [cause]: AxiosError: Request failed with status code 401
      at settle (/home/eskillzs/eSKILLZ/node_modules/@moralisweb3/common-core/node_modules/axios/dist/node/axios.cjs:1966:12)
      at IncomingMessage.handleStreamEnd (/home/eskillzs/eSKILLZ/node_modules/@moralisweb3/common-core/node_modules/axios/dist/node/axios.cjs:3065:11)
      at IncomingMessage.emit (node:events:525:35)
      at endReadableNT (node:internal/streams/readable:1358:12)
      at processTicksAndRejections (node:internal/process/task_queues:83:21)
      at Axios.request (/home/eskillzs/eSKILLZ/node_modules/@moralisweb3/common-core/node_modules/axios/dist/node/axios.cjs:3876:41)
      at runMicrotasks (<anonymous>)
      at processTicksAndRejections (node:internal/process/task_queues:96:5) {
    code: 'ERR_BAD_REQUEST',
    config: {
      transitional: [Object],
      adapter: [Array],
      transformRequest: [Array],
      transformResponse: [Array],
      timeout: 20000,
      xsrfCookieName: 'XSRF-TOKEN',
      xsrfHeaderName: 'X-XSRF-TOKEN',
      maxContentLength: Infinity,
      maxBodyLength: Infinity,
      env: [Object],
      validateStatus: [Function: validateStatus],
      headers: [Object [AxiosHeaders]],
      method: 'get',
      url: 'https://deep-index.moralis.io/api/v2.2/0x09b54c67b180b67b76ef0012ee29cdeb1ab019a4/nft',
      params: [Object],
      data: undefined
    },
    request: ClientRequest {
      _events: [Object: null prototype],
      _eventsCount: 7,
      _maxListeners: undefined,
      outputData: [],
      outputSize: 0,
      writable: true,
      destroyed: false,
      _last: true,
      chunkedEncoding: false,
      shouldKeepAlive: false,
      maxRequestsOnConnectionReached: false,
      _defaultKeepAlive: true,
      useChunkedEncodingByDefault: false,
      sendDate: false,
      _removedConnection: false,
      _removedContLen: false,
      _removedTE: false,
      strictContentLength: false,
      _contentLength: 0,
      _hasBody: true,
      _trailer: '',
      finished: true,
      _headerSent: true,
      _closed: false,
      socket: [TLSSocket],
      _header: 'GET /api/v2.2/0x09b54c67b180b67b76ef0012ee29cdeb1ab019a4/nft?chain=0x89&format=decimal&token_addresses[]=0x823a7aa1e0a0d8648c1d19a4cdb0d21098b145ab&media_items=true HTTP/1.1\r\n' +
        'Accept: application/json, text/plain, */*\r\n' +
        'x-moralis-platform: NodeJS SDK\r\n' +
        'x-moralis-platform-version: 2.25.1\r\n' +
        'x-moralis-build-target: node\r\n' +
        'x-api-key: eyJhbGciOiJIUzI1NiIsInR5cCI6IkpXVCJ9.eyJub25jZSI6Ijk3MjlmNmY0LTA4OTQtNGZkOC04NzBkLTkyZDFmOTZhMTljMiIsIm9yZ0lkIjoiMjk1MTU4IiwidXNlcklkIjoiMzAyMTA4IiwidHlwZUlkIjoiYTAyZmNhYmQtMGY3MC00ZjQ2LTg1NmUtZmQ1YjRmOTJiMWJkIiwidHlwZSI6IlBST0pFQ1QiLCJpYXQiOjE3MTA5MTc2MDMsImV4cCI6NDg2NjY3NzYwM30.bYdWb1zCQPrKR_Mn-CHHtvfBUCK7cSIbb6TQBTiu8j8\r\n' +
        'User-Agent: axios/1.6.8\r\n' +
        'Accept-Encoding: gzip, compress, deflate, br\r\n' +
        'Host: deep-index.moralis.io\r\n' +
        'Connection: close\r\n' +
        '\r\n',
      _keepAliveTimeout: 0,
      _onPendingData: [Function: nop],
      agent: [Agent],
      socketPath: undefined,
      method: 'GET',
      maxHeaderSize: undefined,
      insecureHTTPParser: undefined,
      path: '/api/v2.2/0x09b54c67b180b67b76ef0012ee29cdeb1ab019a4/nft?chain=0x89&format=decimal&token_addresses[]=0x823a7aa1e0a0d8648c1d19a4cdb0d21098b145ab&media_items=true',
      _ended: true,
      res: [IncomingMessage],
      aborted: false,
      timeoutCb: null,
      upgradeOrConnect: false,
      parser: null,
      maxHeadersCount: null,
      reusedSocket: false,
      host: 'deep-index.moralis.io',
      protocol: 'https:',
      _redirectable: [Writable],
      [Symbol(kCapture)]: false,
      [Symbol(kBytesWritten)]: 0,
      [Symbol(kEndCalled)]: true,
      [Symbol(kNeedDrain)]: false,
      [Symbol(corked)]: 0,
      [Symbol(kOutHeaders)]: [Object: null prototype],
      [Symbol(kUniqueHeaders)]: null
    },
    response: {
      status: 401,
      statusText: 'Unauthorized',
      headers: [Object [AxiosHeaders]],
      config: [Object],
      request: [ClientRequest],
      data: [Object]
    }
  }
}
MoralisError [Moralis SDK Core Error]: [C0006] Request failed, Unauthorized(401): Invalid key
    at RequestController.makeError (/home/eskillzs/eSKILLZ/node_modules/@moralisweb3/common-core/lib/cjs/index.cjs:1224:20)
    at RequestController.<anonymous> (/home/eskillzs/eSKILLZ/node_modules/@moralisweb3/common-core/lib/cjs/index.cjs:1205:38)
    at step (/home/eskillzs/eSKILLZ/node_modules/@moralisweb3/common-core/lib/cjs/index.cjs:83:23)
    at Object.throw (/home/eskillzs/eSKILLZ/node_modules/@moralisweb3/common-core/lib/cjs/index.cjs:64:53)
    at rejected (/home/eskillzs/eSKILLZ/node_modules/@moralisweb3/common-core/lib/cjs/index.cjs:55:65)
    at runMicrotasks (<anonymous>)
    at processTicksAndRejections (node:internal/process/task_queues:96:5) {
  isMoralisError: true,
  code: 'C0006',
  details: {
    status: 401,
    response: {
      status: 401,
      statusText: 'Unauthorized',
      headers: [Object [AxiosHeaders]],
      config: [Object],
      request: [ClientRequest],
      data: [Object]
    }
  },
  [cause]: AxiosError: Request failed with status code 401
      at settle (/home/eskillzs/eSKILLZ/node_modules/@moralisweb3/common-core/node_modules/axios/dist/node/axios.cjs:1966:12)
      at IncomingMessage.handleStreamEnd (/home/eskillzs/eSKILLZ/node_modules/@moralisweb3/common-core/node_modules/axios/dist/node/axios.cjs:3065:11)
      at IncomingMessage.emit (node:events:525:35)
      at endReadableNT (node:internal/streams/readable:1358:12)
      at processTicksAndRejections (node:internal/process/task_queues:83:21)
      at Axios.request (/home/eskillzs/eSKILLZ/node_modules/@moralisweb3/common-core/node_modules/axios/dist/node/axios.cjs:3876:41)
      at runMicrotasks (<anonymous>)
      at processTicksAndRejections (node:internal/process/task_queues:96:5) {
    code: 'ERR_BAD_REQUEST',
    config: {
      transitional: [Object],
      adapter: [Array],
      transformRequest: [Array],
      transformResponse: [Array],
      timeout: 20000,
      xsrfCookieName: 'XSRF-TOKEN',
      xsrfHeaderName: 'X-XSRF-TOKEN',
      maxContentLength: Infinity,
      maxBodyLength: Infinity,
      env: [Object],
      validateStatus: [Function: validateStatus],
      headers: [Object [AxiosHeaders]],
      method: 'get',
      url: 'https://deep-index.moralis.io/api/v2.2/0x09b54c67b180b67b76ef0012ee29cdeb1ab019a4/nft',
      params: [Object],
      data: undefined
    },
    request: ClientRequest {
      _events: [Object: null prototype],
      _eventsCount: 7,
      _maxListeners: undefined,
      outputData: [],
      outputSize: 0,
      writable: true,
      destroyed: false,
      _last: true,
      chunkedEncoding: false,
      shouldKeepAlive: false,
      maxRequestsOnConnectionReached: false,
      _defaultKeepAlive: true,
      useChunkedEncodingByDefault: false,
      sendDate: false,
      _removedConnection: false,
      _removedContLen: false,
      _removedTE: false,
      strictContentLength: false,
      _contentLength: 0,
      _hasBody: true,
      _trailer: '',
      finished: true,
      _headerSent: true,
      _closed: false,
      socket: [TLSSocket],
      _header: 'GET /api/v2.2/0x09b54c67b180b67b76ef0012ee29cdeb1ab019a4/nft?chain=0x89&format=decimal&token_addresses[]=0xcd03575fd76aa553aea26812e9d68d0df5ad1ae3&media_items=true HTTP/1.1\r\n' +
        'Accept: application/json, text/plain, */*\r\n' +
        'x-moralis-platform: NodeJS SDK\r\n' +
        'x-moralis-platform-version: 2.25.1\r\n' +
        'x-moralis-build-target: node\r\n' +
        'x-api-key: eyJhbGciOiJIUzI1NiIsInR5cCI6IkpXVCJ9.eyJub25jZSI6Ijk3MjlmNmY0LTA4OTQtNGZkOC04NzBkLTkyZDFmOTZhMTljMiIsIm9yZ0lkIjoiMjk1MTU4IiwidXNlcklkIjoiMzAyMTA4IiwidHlwZUlkIjoiYTAyZmNhYmQtMGY3MC00ZjQ2LTg1NmUtZmQ1YjRmOTJiMWJkIiwidHlwZSI6IlBST0pFQ1QiLCJpYXQiOjE3MTA5MTc2MDMsImV4cCI6NDg2NjY3NzYwM30.bYdWb1zCQPrKR_Mn-CHHtvfBUCK7cSIbb6TQBTiu8j8\r\n' +
        'User-Agent: axios/1.6.8\r\n' +
        'Accept-Encoding: gzip, compress, deflate, br\r\n' +
        'Host: deep-index.moralis.io\r\n' +
        'Connection: close\r\n' +
        '\r\n',
      _keepAliveTimeout: 0,
      _onPendingData: [Function: nop],
      agent: [Agent],
      socketPath: undefined,
      method: 'GET',
      maxHeaderSize: undefined,
      insecureHTTPParser: undefined,
      path: '/api/v2.2/0x09b54c67b180b67b76ef0012ee29cdeb1ab019a4/nft?chain=0x89&format=decimal&token_addresses[]=0xcd03575fd76aa553aea26812e9d68d0df5ad1ae3&media_items=true',
      _ended: true,
      res: [IncomingMessage],
      aborted: false,
      timeoutCb: null,
      upgradeOrConnect: false,
      parser: null,
      maxHeadersCount: null,
      reusedSocket: false,
      host: 'deep-index.moralis.io',
      protocol: 'https:',
      _redirectable: [Writable],
      [Symbol(kCapture)]: false,
      [Symbol(kBytesWritten)]: 0,
      [Symbol(kEndCalled)]: true,
      [Symbol(kNeedDrain)]: false,
      [Symbol(corked)]: 0,
      [Symbol(kOutHeaders)]: [Object: null prototype],
      [Symbol(kUniqueHeaders)]: null
    },
    response: {
      status: 401,
      statusText: 'Unauthorized',
      headers: [Object [AxiosHeaders]],
      config: [Object],
      request: [ClientRequest],
      data: [Object]
    }
  }
}
MoralisError [Moralis SDK Core Error]: [C0006] Request failed, Unauthorized(401): Invalid key
    at RequestController.makeError (/home/eskillzs/eSKILLZ/node_modules/@moralisweb3/common-core/lib/cjs/index.cjs:1224:20)
    at RequestController.<anonymous> (/home/eskillzs/eSKILLZ/node_modules/@moralisweb3/common-core/lib/cjs/index.cjs:1205:38)
    at step (/home/eskillzs/eSKILLZ/node_modules/@moralisweb3/common-core/lib/cjs/index.cjs:83:23)
    at Object.throw (/home/eskillzs/eSKILLZ/node_modules/@moralisweb3/common-core/lib/cjs/index.cjs:64:53)
    at rejected (/home/eskillzs/eSKILLZ/node_modules/@moralisweb3/common-core/lib/cjs/index.cjs:55:65)
    at runMicrotasks (<anonymous>)
    at processTicksAndRejections (node:internal/process/task_queues:96:5) {
  isMoralisError: true,
  code: 'C0006',
  details: {
    status: 401,
    response: {
      status: 401,
      statusText: 'Unauthorized',
      headers: [Object [AxiosHeaders]],
      config: [Object],
      request: [ClientRequest],
      data: [Object]
    }
  },
  [cause]: AxiosError: Request failed with status code 401
      at settle (/home/eskillzs/eSKILLZ/node_modules/@moralisweb3/common-core/node_modules/axios/dist/node/axios.cjs:1966:12)
      at IncomingMessage.handleStreamEnd (/home/eskillzs/eSKILLZ/node_modules/@moralisweb3/common-core/node_modules/axios/dist/node/axios.cjs:3065:11)
      at IncomingMessage.emit (node:events:525:35)
      at endReadableNT (node:internal/streams/readable:1358:12)
      at processTicksAndRejections (node:internal/process/task_queues:83:21)
      at Axios.request (/home/eskillzs/eSKILLZ/node_modules/@moralisweb3/common-core/node_modules/axios/dist/node/axios.cjs:3876:41)
      at runMicrotasks (<anonymous>)
      at processTicksAndRejections (node:internal/process/task_queues:96:5) {
    code: 'ERR_BAD_REQUEST',
    config: {
      transitional: [Object],
      adapter: [Array],
      transformRequest: [Array],
      transformResponse: [Array],
      timeout: 20000,
      xsrfCookieName: 'XSRF-TOKEN',
      xsrfHeaderName: 'X-XSRF-TOKEN',
      maxContentLength: Infinity,
      maxBodyLength: Infinity,
      env: [Object],
      validateStatus: [Function: validateStatus],
      headers: [Object [AxiosHeaders]],
      method: 'get',
      url: 'https://deep-index.moralis.io/api/v2.2/0x09b54c67b180b67b76ef0012ee29cdeb1ab019a4/nft',
      params: [Object],
      data: undefined
    },
    request: ClientRequest {
      _events: [Object: null prototype],
      _eventsCount: 7,
      _maxListeners: undefined,
      outputData: [],
      outputSize: 0,
      writable: true,
      destroyed: false,
      _last: true,
      chunkedEncoding: false,
      shouldKeepAlive: false,
      maxRequestsOnConnectionReached: false,
      _defaultKeepAlive: true,
      useChunkedEncodingByDefault: false,
      sendDate: false,
      _removedConnection: false,
      _removedContLen: false,
      _removedTE: false,
      strictContentLength: false,
      _contentLength: 0,
      _hasBody: true,
      _trailer: '',
      finished: true,
      _headerSent: true,
      _closed: false,
      socket: [TLSSocket],
      _header: 'GET /api/v2.2/0x09b54c67b180b67b76ef0012ee29cdeb1ab019a4/nft?chain=0x89&format=decimal&token_addresses[]=0x39d007bae99bdd1e4c3cec4a58496b05330fec0a&media_items=true HTTP/1.1\r\n' +
        'Accept: application/json, text/plain, */*\r\n' +
        'x-moralis-platform: NodeJS SDK\r\n' +
        'x-moralis-platform-version: 2.25.1\r\n' +
        'x-moralis-build-target: node\r\n' +
        'x-api-key: eyJhbGciOiJIUzI1NiIsInR5cCI6IkpXVCJ9.eyJub25jZSI6Ijk3MjlmNmY0LTA4OTQtNGZkOC04NzBkLTkyZDFmOTZhMTljMiIsIm9yZ0lkIjoiMjk1MTU4IiwidXNlcklkIjoiMzAyMTA4IiwidHlwZUlkIjoiYTAyZmNhYmQtMGY3MC00ZjQ2LTg1NmUtZmQ1YjRmOTJiMWJkIiwidHlwZSI6IlBST0pFQ1QiLCJpYXQiOjE3MTA5MTc2MDMsImV4cCI6NDg2NjY3NzYwM30.bYdWb1zCQPrKR_Mn-CHHtvfBUCK7cSIbb6TQBTiu8j8\r\n' +
        'User-Agent: axios/1.6.8\r\n' +
        'Accept-Encoding: gzip, compress, deflate, br\r\n' +
        'Host: deep-index.moralis.io\r\n' +
        'Connection: close\r\n' +
        '\r\n',
      _keepAliveTimeout: 0,
      _onPendingData: [Function: nop],
      agent: [Agent],
      socketPath: undefined,
      method: 'GET',
      maxHeaderSize: undefined,
      insecureHTTPParser: undefined,
      path: '/api/v2.2/0x09b54c67b180b67b76ef0012ee29cdeb1ab019a4/nft?chain=0x89&format=decimal&token_addresses[]=0x39d007bae99bdd1e4c3cec4a58496b05330fec0a&media_items=true',
      _ended: true,
      res: [IncomingMessage],
      aborted: false,
      timeoutCb: null,
      upgradeOrConnect: false,
      parser: null,
      maxHeadersCount: null,
      reusedSocket: false,
      host: 'deep-index.moralis.io',
      protocol: 'https:',
      _redirectable: [Writable],
      [Symbol(kCapture)]: false,
      [Symbol(kBytesWritten)]: 0,
      [Symbol(kEndCalled)]: true,
      [Symbol(kNeedDrain)]: false,
      [Symbol(corked)]: 0,
      [Symbol(kOutHeaders)]: [Object: null prototype],
      [Symbol(kUniqueHeaders)]: null
    },
    response: {
      status: 401,
      statusText: 'Unauthorized',
      headers: [Object [AxiosHeaders]],
      config: [Object],
      request: [ClientRequest],
      data: [Object]
    }
  }
}
MoralisError [Moralis SDK Core Error]: [C0006] Request failed, Unauthorized(401): Invalid key
    at RequestController.makeError (/home/eskillzs/eSKILLZ/node_modules/@moralisweb3/common-core/lib/cjs/index.cjs:1224:20)
    at RequestController.<anonymous> (/home/eskillzs/eSKILLZ/node_modules/@moralisweb3/common-core/lib/cjs/index.cjs:1205:38)
    at step (/home/eskillzs/eSKILLZ/node_modules/@moralisweb3/common-core/lib/cjs/index.cjs:83:23)
    at Object.throw (/home/eskillzs/eSKILLZ/node_modules/@moralisweb3/common-core/lib/cjs/index.cjs:64:53)
    at rejected (/home/eskillzs/eSKILLZ/node_modules/@moralisweb3/common-core/lib/cjs/index.cjs:55:65)
    at runMicrotasks (<anonymous>)
    at processTicksAndRejections (node:internal/process/task_queues:96:5) {
  isMoralisError: true,
  code: 'C0006',
  details: {
    status: 401,
    response: {
      status: 401,
      statusText: 'Unauthorized',
      headers: [Object [AxiosHeaders]],
      config: [Object],
      request: [ClientRequest],
      data: [Object]
    }
  },
  [cause]: AxiosError: Request failed with status code 401
      at settle (/home/eskillzs/eSKILLZ/node_modules/@moralisweb3/common-core/node_modules/axios/dist/node/axios.cjs:1966:12)
      at IncomingMessage.handleStreamEnd (/home/eskillzs/eSKILLZ/node_modules/@moralisweb3/common-core/node_modules/axios/dist/node/axios.cjs:3065:11)
      at IncomingMessage.emit (node:events:525:35)
      at endReadableNT (node:internal/streams/readable:1358:12)
      at processTicksAndRejections (node:internal/process/task_queues:83:21)
      at Axios.request (/home/eskillzs/eSKILLZ/node_modules/@moralisweb3/common-core/node_modules/axios/dist/node/axios.cjs:3876:41)
      at runMicrotasks (<anonymous>)
      at processTicksAndRejections (node:internal/process/task_queues:96:5) {
    code: 'ERR_BAD_REQUEST',
    config: {
      transitional: [Object],
      adapter: [Array],
      transformRequest: [Array],
      transformResponse: [Array],
      timeout: 20000,
      xsrfCookieName: 'XSRF-TOKEN',
      xsrfHeaderName: 'X-XSRF-TOKEN',
      maxContentLength: Infinity,
      maxBodyLength: Infinity,
      env: [Object],
      validateStatus: [Function: validateStatus],
      headers: [Object [AxiosHeaders]],
      method: 'get',
      url: 'https://deep-index.moralis.io/api/v2.2/0x09b54c67b180b67b76ef0012ee29cdeb1ab019a4/nft',
      params: [Object],
      data: undefined
    },
    request: ClientRequest {
      _events: [Object: null prototype],
      _eventsCount: 7,
      _maxListeners: undefined,
      outputData: [],
      outputSize: 0,
      writable: true,
      destroyed: false,
      _last: true,
      chunkedEncoding: false,
      shouldKeepAlive: false,
      maxRequestsOnConnectionReached: false,
      _defaultKeepAlive: true,
      useChunkedEncodingByDefault: false,
      sendDate: false,
      _removedConnection: false,
      _removedContLen: false,
      _removedTE: false,
      strictContentLength: false,
      _contentLength: 0,
      _hasBody: true,
      _trailer: '',
      finished: true,
      _headerSent: true,
      _closed: false,
      socket: [TLSSocket],
      _header: 'GET /api/v2.2/0x09b54c67b180b67b76ef0012ee29cdeb1ab019a4/nft?chain=0x89&format=decimal&token_addresses[]=0xb61df32b42d9f5518f52093caef0f1104e2a4b04&media_items=true HTTP/1.1\r\n' +
        'Accept: application/json, text/plain, */*\r\n' +
        'x-moralis-platform: NodeJS SDK\r\n' +
        'x-moralis-platform-version: 2.25.1\r\n' +
        'x-moralis-build-target: node\r\n' +
        'x-api-key: eyJhbGciOiJIUzI1NiIsInR5cCI6IkpXVCJ9.eyJub25jZSI6Ijk3MjlmNmY0LTA4OTQtNGZkOC04NzBkLTkyZDFmOTZhMTljMiIsIm9yZ0lkIjoiMjk1MTU4IiwidXNlcklkIjoiMzAyMTA4IiwidHlwZUlkIjoiYTAyZmNhYmQtMGY3MC00ZjQ2LTg1NmUtZmQ1YjRmOTJiMWJkIiwidHlwZSI6IlBST0pFQ1QiLCJpYXQiOjE3MTA5MTc2MDMsImV4cCI6NDg2NjY3NzYwM30.bYdWb1zCQPrKR_Mn-CHHtvfBUCK7cSIbb6TQBTiu8j8\r\n' +
        'User-Agent: axios/1.6.8\r\n' +
        'Accept-Encoding: gzip, compress, deflate, br\r\n' +
        'Host: deep-index.moralis.io\r\n' +
        'Connection: close\r\n' +
        '\r\n',
      _keepAliveTimeout: 0,
      _onPendingData: [Function: nop],
      agent: [Agent],
      socketPath: undefined,
      method: 'GET',
      maxHeaderSize: undefined,
      insecureHTTPParser: undefined,
      path: '/api/v2.2/0x09b54c67b180b67b76ef0012ee29cdeb1ab019a4/nft?chain=0x89&format=decimal&token_addresses[]=0xb61df32b42d9f5518f52093caef0f1104e2a4b04&media_items=true',
      _ended: true,
      res: [IncomingMessage],
      aborted: false,
      timeoutCb: null,
      upgradeOrConnect: false,
      parser: null,
      maxHeadersCount: null,
      reusedSocket: false,
      host: 'deep-index.moralis.io',
      protocol: 'https:',
      _redirectable: [Writable],
      [Symbol(kCapture)]: false,
      [Symbol(kBytesWritten)]: 0,
      [Symbol(kEndCalled)]: true,
      [Symbol(kNeedDrain)]: false,
      [Symbol(corked)]: 0,
      [Symbol(kOutHeaders)]: [Object: null prototype],
      [Symbol(kUniqueHeaders)]: null
    },
    response: {
      status: 401,
      statusText: 'Unauthorized',
      headers: [Object [AxiosHeaders]],
      config: [Object],
      request: [ClientRequest],
      data: [Object]
    }
  }
}
MoralisError [Moralis SDK Core Error]: [C0006] Request failed, Unauthorized(401): Invalid key
    at RequestController.makeError (/home/eskillzs/eSKILLZ/node_modules/@moralisweb3/common-core/lib/cjs/index.cjs:1224:20)
    at RequestController.<anonymous> (/home/eskillzs/eSKILLZ/node_modules/@moralisweb3/common-core/lib/cjs/index.cjs:1205:38)
    at step (/home/eskillzs/eSKILLZ/node_modules/@moralisweb3/common-core/lib/cjs/index.cjs:83:23)
    at Object.throw (/home/eskillzs/eSKILLZ/node_modules/@moralisweb3/common-core/lib/cjs/index.cjs:64:53)
    at rejected (/home/eskillzs/eSKILLZ/node_modules/@moralisweb3/common-core/lib/cjs/index.cjs:55:65)
    at runMicrotasks (<anonymous>)
    at processTicksAndRejections (node:internal/process/task_queues:96:5) {
  isMoralisError: true,
  code: 'C0006',
  details: {
    status: 401,
    response: {
      status: 401,
      statusText: 'Unauthorized',
      headers: [Object [AxiosHeaders]],
      config: [Object],
      request: [ClientRequest],
      data: [Object]
    }
  },
  [cause]: AxiosError: Request failed with status code 401
      at settle (/home/eskillzs/eSKILLZ/node_modules/@moralisweb3/common-core/node_modules/axios/dist/node/axios.cjs:1966:12)
      at IncomingMessage.handleStreamEnd (/home/eskillzs/eSKILLZ/node_modules/@moralisweb3/common-core/node_modules/axios/dist/node/axios.cjs:3065:11)
      at IncomingMessage.emit (node:events:525:35)
      at endReadableNT (node:internal/streams/readable:1358:12)
      at processTicksAndRejections (node:internal/process/task_queues:83:21)
      at Axios.request (/home/eskillzs/eSKILLZ/node_modules/@moralisweb3/common-core/node_modules/axios/dist/node/axios.cjs:3876:41)
      at runMicrotasks (<anonymous>)
      at processTicksAndRejections (node:internal/process/task_queues:96:5) {
    code: 'ERR_BAD_REQUEST',
    config: {
      transitional: [Object],
      adapter: [Array],
      transformRequest: [Array],
      transformResponse: [Array],
      timeout: 20000,
      xsrfCookieName: 'XSRF-TOKEN',
      xsrfHeaderName: 'X-XSRF-TOKEN',
      maxContentLength: Infinity,
      maxBodyLength: Infinity,
      env: [Object],
      validateStatus: [Function: validateStatus],
      headers: [Object [AxiosHeaders]],
      method: 'get',
      url: 'https://deep-index.moralis.io/api/v2.2/0x09b54c67b180b67b76ef0012ee29cdeb1ab019a4/nft',
      params: [Object],
      data: undefined
    },
    request: ClientRequest {
      _events: [Object: null prototype],
      _eventsCount: 7,
      _maxListeners: undefined,
      outputData: [],
      outputSize: 0,
      writable: true,
      destroyed: false,
      _last: true,
      chunkedEncoding: false,
      shouldKeepAlive: false,
      maxRequestsOnConnectionReached: false,
      _defaultKeepAlive: true,
      useChunkedEncodingByDefault: false,
      sendDate: false,
      _removedConnection: false,
      _removedContLen: false,
      _removedTE: false,
      strictContentLength: false,
      _contentLength: 0,
      _hasBody: true,
      _trailer: '',
      finished: true,
      _headerSent: true,
      _closed: false,
      socket: [TLSSocket],
      _header: 'GET /api/v2.2/0x09b54c67b180b67b76ef0012ee29cdeb1ab019a4/nft?chain=0x89&format=decimal&token_addresses[]=0x531a63b59ae113adfa318b46ced64bff94989bf8&media_items=true HTTP/1.1\r\n' +
        'Accept: application/json, text/plain, */*\r\n' +
        'x-moralis-platform: NodeJS SDK\r\n' +
        'x-moralis-platform-version: 2.25.1\r\n' +
        'x-moralis-build-target: node\r\n' +
        'x-api-key: eyJhbGciOiJIUzI1NiIsInR5cCI6IkpXVCJ9.eyJub25jZSI6Ijk3MjlmNmY0LTA4OTQtNGZkOC04NzBkLTkyZDFmOTZhMTljMiIsIm9yZ0lkIjoiMjk1MTU4IiwidXNlcklkIjoiMzAyMTA4IiwidHlwZUlkIjoiYTAyZmNhYmQtMGY3MC00ZjQ2LTg1NmUtZmQ1YjRmOTJiMWJkIiwidHlwZSI6IlBST0pFQ1QiLCJpYXQiOjE3MTA5MTc2MDMsImV4cCI6NDg2NjY3NzYwM30.bYdWb1zCQPrKR_Mn-CHHtvfBUCK7cSIbb6TQBTiu8j8\r\n' +
        'User-Agent: axios/1.6.8\r\n' +
        'Accept-Encoding: gzip, compress, deflate, br\r\n' +
        'Host: deep-index.moralis.io\r\n' +
        'Connection: close\r\n' +
        '\r\n',
      _keepAliveTimeout: 0,
      _onPendingData: [Function: nop],
      agent: [Agent],
      socketPath: undefined,
      method: 'GET',
      maxHeaderSize: undefined,
      insecureHTTPParser: undefined,
      path: '/api/v2.2/0x09b54c67b180b67b76ef0012ee29cdeb1ab019a4/nft?chain=0x89&format=decimal&token_addresses[]=0x531a63b59ae113adfa318b46ced64bff94989bf8&media_items=true',
      _ended: true,
      res: [IncomingMessage],
      aborted: false,
      timeoutCb: null,
      upgradeOrConnect: false,
      parser: null,
      maxHeadersCount: null,
      reusedSocket: false,
      host: 'deep-index.moralis.io',
      protocol: 'https:',
      _redirectable: [Writable],
      [Symbol(kCapture)]: false,
      [Symbol(kBytesWritten)]: 0,
      [Symbol(kEndCalled)]: true,
      [Symbol(kNeedDrain)]: false,
      [Symbol(corked)]: 0,
      [Symbol(kOutHeaders)]: [Object: null prototype],
      [Symbol(kUniqueHeaders)]: null
    },
    response: {
      status: 401,
      statusText: 'Unauthorized',
      headers: [Object [AxiosHeaders]],
      config: [Object],
      request: [ClientRequest],
      data: [Object]
    }
  }
}
MoralisError [Moralis SDK Core Error]: [C0006] Request failed, Unauthorized(401): Invalid key
    at RequestController.makeError (/home/eskillzs/eSKILLZ/node_modules/@moralisweb3/common-core/lib/cjs/index.cjs:1224:20)
    at RequestController.<anonymous> (/home/eskillzs/eSKILLZ/node_modules/@moralisweb3/common-core/lib/cjs/index.cjs:1205:38)
    at step (/home/eskillzs/eSKILLZ/node_modules/@moralisweb3/common-core/lib/cjs/index.cjs:83:23)
    at Object.throw (/home/eskillzs/eSKILLZ/node_modules/@moralisweb3/common-core/lib/cjs/index.cjs:64:53)
    at rejected (/home/eskillzs/eSKILLZ/node_modules/@moralisweb3/common-core/lib/cjs/index.cjs:55:65)
    at runMicrotasks (<anonymous>)
    at processTicksAndRejections (node:internal/process/task_queues:96:5) {
  isMoralisError: true,
  code: 'C0006',
  details: {
    status: 401,
    response: {
      status: 401,
      statusText: 'Unauthorized',
      headers: [Object [AxiosHeaders]],
      config: [Object],
      request: [ClientRequest],
      data: [Object]
    }
  },
  [cause]: AxiosError: Request failed with status code 401
      at settle (/home/eskillzs/eSKILLZ/node_modules/@moralisweb3/common-core/node_modules/axios/dist/node/axios.cjs:1966:12)
      at IncomingMessage.handleStreamEnd (/home/eskillzs/eSKILLZ/node_modules/@moralisweb3/common-core/node_modules/axios/dist/node/axios.cjs:3065:11)
      at IncomingMessage.emit (node:events:525:35)
      at endReadableNT (node:internal/streams/readable:1358:12)
      at processTicksAndRejections (node:internal/process/task_queues:83:21)
      at Axios.request (/home/eskillzs/eSKILLZ/node_modules/@moralisweb3/common-core/node_modules/axios/dist/node/axios.cjs:3876:41)
      at runMicrotasks (<anonymous>)
      at processTicksAndRejections (node:internal/process/task_queues:96:5) {
    code: 'ERR_BAD_REQUEST',
    config: {
      transitional: [Object],
      adapter: [Array],
      transformRequest: [Array],
      transformResponse: [Array],
      timeout: 20000,
      xsrfCookieName: 'XSRF-TOKEN',
      xsrfHeaderName: 'X-XSRF-TOKEN',
      maxContentLength: Infinity,
      maxBodyLength: Infinity,
      env: [Object],
      validateStatus: [Function: validateStatus],
      headers: [Object [AxiosHeaders]],
      method: 'get',
      url: 'https://deep-index.moralis.io/api/v2.2/0x09b54c67b180b67b76ef0012ee29cdeb1ab019a4/nft',
      params: [Object],
      data: undefined
    },
    request: ClientRequest {
      _events: [Object: null prototype],
      _eventsCount: 7,
      _maxListeners: undefined,
      outputData: [],
      outputSize: 0,
      writable: true,
      destroyed: false,
      _last: true,
      chunkedEncoding: false,
      shouldKeepAlive: false,
      maxRequestsOnConnectionReached: false,
      _defaultKeepAlive: true,
      useChunkedEncodingByDefault: false,
      sendDate: false,
      _removedConnection: false,
      _removedContLen: false,
      _removedTE: false,
      strictContentLength: false,
      _contentLength: 0,
      _hasBody: true,
      _trailer: '',
      finished: true,
      _headerSent: true,
      _closed: false,
      socket: [TLSSocket],
      _header: 'GET /api/v2.2/0x09b54c67b180b67b76ef0012ee29cdeb1ab019a4/nft?chain=0x89&format=decimal&token_addresses[]=0xd9095c42fab1f40a7f376078431ab984776ace95&media_items=true HTTP/1.1\r\n' +
        'Accept: application/json, text/plain, */*\r\n' +
        'x-moralis-platform: NodeJS SDK\r\n' +
        'x-moralis-platform-version: 2.25.1\r\n' +
        'x-moralis-build-target: node\r\n' +
        'x-api-key: eyJhbGciOiJIUzI1NiIsInR5cCI6IkpXVCJ9.eyJub25jZSI6Ijk3MjlmNmY0LTA4OTQtNGZkOC04NzBkLTkyZDFmOTZhMTljMiIsIm9yZ0lkIjoiMjk1MTU4IiwidXNlcklkIjoiMzAyMTA4IiwidHlwZUlkIjoiYTAyZmNhYmQtMGY3MC00ZjQ2LTg1NmUtZmQ1YjRmOTJiMWJkIiwidHlwZSI6IlBST0pFQ1QiLCJpYXQiOjE3MTA5MTc2MDMsImV4cCI6NDg2NjY3NzYwM30.bYdWb1zCQPrKR_Mn-CHHtvfBUCK7cSIbb6TQBTiu8j8\r\n' +
        'User-Agent: axios/1.6.8\r\n' +
        'Accept-Encoding: gzip, compress, deflate, br\r\n' +
        'Host: deep-index.moralis.io\r\n' +
        'Connection: close\r\n' +
        '\r\n',
      _keepAliveTimeout: 0,
      _onPendingData: [Function: nop],
      agent: [Agent],
      socketPath: undefined,
      method: 'GET',
      maxHeaderSize: undefined,
      insecureHTTPParser: undefined,
      path: '/api/v2.2/0x09b54c67b180b67b76ef0012ee29cdeb1ab019a4/nft?chain=0x89&format=decimal&token_addresses[]=0xd9095c42fab1f40a7f376078431ab984776ace95&media_items=true',
      _ended: true,
      res: [IncomingMessage],
      aborted: false,
      timeoutCb: null,
      upgradeOrConnect: false,
      parser: null,
      maxHeadersCount: null,
      reusedSocket: false,
      host: 'deep-index.moralis.io',
      protocol: 'https:',
      _redirectable: [Writable],
      [Symbol(kCapture)]: false,
      [Symbol(kBytesWritten)]: 0,
      [Symbol(kEndCalled)]: true,
      [Symbol(kNeedDrain)]: false,
      [Symbol(corked)]: 0,
      [Symbol(kOutHeaders)]: [Object: null prototype],
      [Symbol(kUniqueHeaders)]: null
    },
    response: {
      status: 401,
      statusText: 'Unauthorized',
      headers: [Object [AxiosHeaders]],
      config: [Object],
      request: [ClientRequest],
      data: [Object]
    }
  }
}
MoralisError [Moralis SDK Core Error]: [C0006] Request failed, Unauthorized(401): Invalid key
    at RequestController.makeError (/home/eskillzs/eSKILLZ/node_modules/@moralisweb3/common-core/lib/cjs/index.cjs:1224:20)
    at RequestController.<anonymous> (/home/eskillzs/eSKILLZ/node_modules/@moralisweb3/common-core/lib/cjs/index.cjs:1205:38)
    at step (/home/eskillzs/eSKILLZ/node_modules/@moralisweb3/common-core/lib/cjs/index.cjs:83:23)
    at Object.throw (/home/eskillzs/eSKILLZ/node_modules/@moralisweb3/common-core/lib/cjs/index.cjs:64:53)
    at rejected (/home/eskillzs/eSKILLZ/node_modules/@moralisweb3/common-core/lib/cjs/index.cjs:55:65)
    at runMicrotasks (<anonymous>)
    at processTicksAndRejections (node:internal/process/task_queues:96:5) {
  isMoralisError: true,
  code: 'C0006',
  details: {
    status: 401,
    response: {
      status: 401,
      statusText: 'Unauthorized',
      headers: [Object [AxiosHeaders]],
      config: [Object],
      request: [ClientRequest],
      data: [Object]
    }
  },
  [cause]: AxiosError: Request failed with status code 401
      at settle (/home/eskillzs/eSKILLZ/node_modules/@moralisweb3/common-core/node_modules/axios/dist/node/axios.cjs:1966:12)
      at IncomingMessage.handleStreamEnd (/home/eskillzs/eSKILLZ/node_modules/@moralisweb3/common-core/node_modules/axios/dist/node/axios.cjs:3065:11)
      at IncomingMessage.emit (node:events:525:35)
      at endReadableNT (node:internal/streams/readable:1358:12)
      at processTicksAndRejections (node:internal/process/task_queues:83:21)
      at Axios.request (/home/eskillzs/eSKILLZ/node_modules/@moralisweb3/common-core/node_modules/axios/dist/node/axios.cjs:3876:41)
      at runMicrotasks (<anonymous>)
      at processTicksAndRejections (node:internal/process/task_queues:96:5) {
    code: 'ERR_BAD_REQUEST',
    config: {
      transitional: [Object],
      adapter: [Array],
      transformRequest: [Array],
      transformResponse: [Array],
      timeout: 20000,
      xsrfCookieName: 'XSRF-TOKEN',
      xsrfHeaderName: 'X-XSRF-TOKEN',
      maxContentLength: Infinity,
      maxBodyLength: Infinity,
      env: [Object],
      validateStatus: [Function: validateStatus],
      headers: [Object [AxiosHeaders]],
      method: 'get',
      url: 'https://deep-index.moralis.io/api/v2.2/0x09b54c67b180b67b76ef0012ee29cdeb1ab019a4/nft',
      params: [Object],
      data: undefined
    },
    request: ClientRequest {
      _events: [Object: null prototype],
      _eventsCount: 7,
      _maxListeners: undefined,
      outputData: [],
      outputSize: 0,
      writable: true,
      destroyed: false,
      _last: true,
      chunkedEncoding: false,
      shouldKeepAlive: false,
      maxRequestsOnConnectionReached: false,
      _defaultKeepAlive: true,
      useChunkedEncodingByDefault: false,
      sendDate: false,
      _removedConnection: false,
      _removedContLen: false,
      _removedTE: false,
      strictContentLength: false,
      _contentLength: 0,
      _hasBody: true,
      _trailer: '',
      finished: true,
      _headerSent: true,
      _closed: false,
      socket: [TLSSocket],
      _header: 'GET /api/v2.2/0x09b54c67b180b67b76ef0012ee29cdeb1ab019a4/nft?chain=0x89&format=decimal&token_addresses[]=0xc7e269fe785d5def61c29c91dc254067f75568be&media_items=true HTTP/1.1\r\n' +
        'Accept: application/json, text/plain, */*\r\n' +
        'x-moralis-platform: NodeJS SDK\r\n' +
        'x-moralis-platform-version: 2.25.1\r\n' +
        'x-moralis-build-target: node\r\n' +
        'x-api-key: eyJhbGciOiJIUzI1NiIsInR5cCI6IkpXVCJ9.eyJub25jZSI6Ijk3MjlmNmY0LTA4OTQtNGZkOC04NzBkLTkyZDFmOTZhMTljMiIsIm9yZ0lkIjoiMjk1MTU4IiwidXNlcklkIjoiMzAyMTA4IiwidHlwZUlkIjoiYTAyZmNhYmQtMGY3MC00ZjQ2LTg1NmUtZmQ1YjRmOTJiMWJkIiwidHlwZSI6IlBST0pFQ1QiLCJpYXQiOjE3MTA5MTc2MDMsImV4cCI6NDg2NjY3NzYwM30.bYdWb1zCQPrKR_Mn-CHHtvfBUCK7cSIbb6TQBTiu8j8\r\n' +
        'User-Agent: axios/1.6.8\r\n' +
        'Accept-Encoding: gzip, compress, deflate, br\r\n' +
        'Host: deep-index.moralis.io\r\n' +
        'Connection: close\r\n' +
        '\r\n',
      _keepAliveTimeout: 0,
      _onPendingData: [Function: nop],
      agent: [Agent],
      socketPath: undefined,
      method: 'GET',
      maxHeaderSize: undefined,
      insecureHTTPParser: undefined,
      path: '/api/v2.2/0x09b54c67b180b67b76ef0012ee29cdeb1ab019a4/nft?chain=0x89&format=decimal&token_addresses[]=0xc7e269fe785d5def61c29c91dc254067f75568be&media_items=true',
      _ended: true,
      res: [IncomingMessage],
      aborted: false,
      timeoutCb: null,
      upgradeOrConnect: false,
      parser: null,
      maxHeadersCount: null,
      reusedSocket: false,
      host: 'deep-index.moralis.io',
      protocol: 'https:',
      _redirectable: [Writable],
      [Symbol(kCapture)]: false,
      [Symbol(kBytesWritten)]: 0,
      [Symbol(kEndCalled)]: true,
      [Symbol(kNeedDrain)]: false,
      [Symbol(corked)]: 0,
      [Symbol(kOutHeaders)]: [Object: null prototype],
      [Symbol(kUniqueHeaders)]: null
    },
    response: {
      status: 401,
      statusText: 'Unauthorized',
      headers: [Object [AxiosHeaders]],
      config: [Object],
      request: [ClientRequest],
      data: [Object]
    }
  }
}
MoralisError [Moralis SDK Core Error]: [C0006] Request failed, Unauthorized(401): Invalid key
    at RequestController.makeError (/home/eskillzs/eSKILLZ/node_modules/@moralisweb3/common-core/lib/cjs/index.cjs:1224:20)
    at RequestController.<anonymous> (/home/eskillzs/eSKILLZ/node_modules/@moralisweb3/common-core/lib/cjs/index.cjs:1205:38)
    at step (/home/eskillzs/eSKILLZ/node_modules/@moralisweb3/common-core/lib/cjs/index.cjs:83:23)
    at Object.throw (/home/eskillzs/eSKILLZ/node_modules/@moralisweb3/common-core/lib/cjs/index.cjs:64:53)
    at rejected (/home/eskillzs/eSKILLZ/node_modules/@moralisweb3/common-core/lib/cjs/index.cjs:55:65)
    at runMicrotasks (<anonymous>)
    at processTicksAndRejections (node:internal/process/task_queues:96:5) {
  isMoralisError: true,
  code: 'C0006',
  details: {
    status: 401,
    response: {
      status: 401,
      statusText: 'Unauthorized',
      headers: [Object [AxiosHeaders]],
      config: [Object],
      request: [ClientRequest],
      data: [Object]
    }
  },
  [cause]: AxiosError: Request failed with status code 401
      at settle (/home/eskillzs/eSKILLZ/node_modules/@moralisweb3/common-core/node_modules/axios/dist/node/axios.cjs:1966:12)
      at IncomingMessage.handleStreamEnd (/home/eskillzs/eSKILLZ/node_modules/@moralisweb3/common-core/node_modules/axios/dist/node/axios.cjs:3065:11)
      at IncomingMessage.emit (node:events:525:35)
      at endReadableNT (node:internal/streams/readable:1358:12)
      at processTicksAndRejections (node:internal/process/task_queues:83:21)
      at Axios.request (/home/eskillzs/eSKILLZ/node_modules/@moralisweb3/common-core/node_modules/axios/dist/node/axios.cjs:3876:41)
      at runMicrotasks (<anonymous>)
      at processTicksAndRejections (node:internal/process/task_queues:96:5) {
    code: 'ERR_BAD_REQUEST',
    config: {
      transitional: [Object],
      adapter: [Array],
      transformRequest: [Array],
      transformResponse: [Array],
      timeout: 20000,
      xsrfCookieName: 'XSRF-TOKEN',
      xsrfHeaderName: 'X-XSRF-TOKEN',
      maxContentLength: Infinity,
      maxBodyLength: Infinity,
      env: [Object],
      validateStatus: [Function: validateStatus],
      headers: [Object [AxiosHeaders]],
      method: 'get',
      url: 'https://deep-index.moralis.io/api/v2.2/0x09b54c67b180b67b76ef0012ee29cdeb1ab019a4/nft',
      params: [Object],
      data: undefined
    },
    request: ClientRequest {
      _events: [Object: null prototype],
      _eventsCount: 7,
      _maxListeners: undefined,
      outputData: [],
      outputSize: 0,
      writable: true,
      destroyed: false,
      _last: true,
      chunkedEncoding: false,
      shouldKeepAlive: false,
      maxRequestsOnConnectionReached: false,
      _defaultKeepAlive: true,
      useChunkedEncodingByDefault: false,
      sendDate: false,
      _removedConnection: false,
      _removedContLen: false,
      _removedTE: false,
      strictContentLength: false,
      _contentLength: 0,
      _hasBody: true,
      _trailer: '',
      finished: true,
      _headerSent: true,
      _closed: false,
      socket: [TLSSocket],
      _header: 'GET /api/v2.2/0x09b54c67b180b67b76ef0012ee29cdeb1ab019a4/nft?chain=0x89&format=decimal&token_addresses[]=0x072612df4b37004f6f27cf1a03ba3966e1774685&media_items=true HTTP/1.1\r\n' +
        'Accept: application/json, text/plain, */*\r\n' +
        'x-moralis-platform: NodeJS SDK\r\n' +
        'x-moralis-platform-version: 2.25.1\r\n' +
        'x-moralis-build-target: node\r\n' +
        'x-api-key: eyJhbGciOiJIUzI1NiIsInR5cCI6IkpXVCJ9.eyJub25jZSI6Ijk3MjlmNmY0LTA4OTQtNGZkOC04NzBkLTkyZDFmOTZhMTljMiIsIm9yZ0lkIjoiMjk1MTU4IiwidXNlcklkIjoiMzAyMTA4IiwidHlwZUlkIjoiYTAyZmNhYmQtMGY3MC00ZjQ2LTg1NmUtZmQ1YjRmOTJiMWJkIiwidHlwZSI6IlBST0pFQ1QiLCJpYXQiOjE3MTA5MTc2MDMsImV4cCI6NDg2NjY3NzYwM30.bYdWb1zCQPrKR_Mn-CHHtvfBUCK7cSIbb6TQBTiu8j8\r\n' +
        'User-Agent: axios/1.6.8\r\n' +
        'Accept-Encoding: gzip, compress, deflate, br\r\n' +
        'Host: deep-index.moralis.io\r\n' +
        'Connection: close\r\n' +
        '\r\n',
      _keepAliveTimeout: 0,
      _onPendingData: [Function: nop],
      agent: [Agent],
      socketPath: undefined,
      method: 'GET',
      maxHeaderSize: undefined,
      insecureHTTPParser: undefined,
      path: '/api/v2.2/0x09b54c67b180b67b76ef0012ee29cdeb1ab019a4/nft?chain=0x89&format=decimal&token_addresses[]=0x072612df4b37004f6f27cf1a03ba3966e1774685&media_items=true',
      _ended: true,
      res: [IncomingMessage],
      aborted: false,
      timeoutCb: null,
      upgradeOrConnect: false,
      parser: null,
      maxHeadersCount: null,
      reusedSocket: false,
      host: 'deep-index.moralis.io',
      protocol: 'https:',
      _redirectable: [Writable],
      [Symbol(kCapture)]: false,
      [Symbol(kBytesWritten)]: 0,
      [Symbol(kEndCalled)]: true,
      [Symbol(kNeedDrain)]: false,
      [Symbol(corked)]: 0,
      [Symbol(kOutHeaders)]: [Object: null prototype],
      [Symbol(kUniqueHeaders)]: null
    },
    response: {
      status: 401,
      statusText: 'Unauthorized',
      headers: [Object [AxiosHeaders]],
      config: [Object],
      request: [ClientRequest],
      data: [Object]
    }
  }
}
MoralisError [Moralis SDK Core Error]: [C0006] Request failed, Unauthorized(401): Invalid key
    at RequestController.makeError (/home/eskillzs/eSKILLZ/node_modules/@moralisweb3/common-core/lib/cjs/index.cjs:1224:20)
    at RequestController.<anonymous> (/home/eskillzs/eSKILLZ/node_modules/@moralisweb3/common-core/lib/cjs/index.cjs:1205:38)
    at step (/home/eskillzs/eSKILLZ/node_modules/@moralisweb3/common-core/lib/cjs/index.cjs:83:23)
    at Object.throw (/home/eskillzs/eSKILLZ/node_modules/@moralisweb3/common-core/lib/cjs/index.cjs:64:53)
    at rejected (/home/eskillzs/eSKILLZ/node_modules/@moralisweb3/common-core/lib/cjs/index.cjs:55:65)
    at runMicrotasks (<anonymous>)
    at processTicksAndRejections (node:internal/process/task_queues:96:5) {
  isMoralisError: true,
  code: 'C0006',
  details: {
    status: 401,
    response: {
      status: 401,
      statusText: 'Unauthorized',
      headers: [Object [AxiosHeaders]],
      config: [Object],
      request: [ClientRequest],
      data: [Object]
    }
  },
  [cause]: AxiosError: Request failed with status code 401
      at settle (/home/eskillzs/eSKILLZ/node_modules/@moralisweb3/common-core/node_modules/axios/dist/node/axios.cjs:1966:12)
      at IncomingMessage.handleStreamEnd (/home/eskillzs/eSKILLZ/node_modules/@moralisweb3/common-core/node_modules/axios/dist/node/axios.cjs:3065:11)
      at IncomingMessage.emit (node:events:525:35)
      at endReadableNT (node:internal/streams/readable:1358:12)
      at processTicksAndRejections (node:internal/process/task_queues:83:21)
      at Axios.request (/home/eskillzs/eSKILLZ/node_modules/@moralisweb3/common-core/node_modules/axios/dist/node/axios.cjs:3876:41)
      at runMicrotasks (<anonymous>)
      at processTicksAndRejections (node:internal/process/task_queues:96:5) {
    code: 'ERR_BAD_REQUEST',
    config: {
      transitional: [Object],
      adapter: [Array],
      transformRequest: [Array],
      transformResponse: [Array],
      timeout: 20000,
      xsrfCookieName: 'XSRF-TOKEN',
      xsrfHeaderName: 'X-XSRF-TOKEN',
      maxContentLength: Infinity,
      maxBodyLength: Infinity,
      env: [Object],
      validateStatus: [Function: validateStatus],
      headers: [Object [AxiosHeaders]],
      method: 'get',
      url: 'https://deep-index.moralis.io/api/v2.2/0x09b54c67b180b67b76ef0012ee29cdeb1ab019a4/nft',
      params: [Object],
      data: undefined
    },
    request: ClientRequest {
      _events: [Object: null prototype],
      _eventsCount: 7,
      _maxListeners: undefined,
      outputData: [],
      outputSize: 0,
      writable: true,
      destroyed: false,
      _last: true,
      chunkedEncoding: false,
      shouldKeepAlive: false,
      maxRequestsOnConnectionReached: false,
      _defaultKeepAlive: true,
      useChunkedEncodingByDefault: false,
      sendDate: false,
      _removedConnection: false,
      _removedContLen: false,
      _removedTE: false,
      strictContentLength: false,
      _contentLength: 0,
      _hasBody: true,
      _trailer: '',
      finished: true,
      _headerSent: true,
      _closed: false,
      socket: [TLSSocket],
      _header: 'GET /api/v2.2/0x09b54c67b180b67b76ef0012ee29cdeb1ab019a4/nft?chain=0x89&format=decimal&token_addresses[]=0x823a7aa1e0a0d8648c1d19a4cdb0d21098b145ab&media_items=true HTTP/1.1\r\n' +
        'Accept: application/json, text/plain, */*\r\n' +
        'x-moralis-platform: NodeJS SDK\r\n' +
        'x-moralis-platform-version: 2.25.1\r\n' +
        'x-moralis-build-target: node\r\n' +
        'x-api-key: eyJhbGciOiJIUzI1NiIsInR5cCI6IkpXVCJ9.eyJub25jZSI6Ijk3MjlmNmY0LTA4OTQtNGZkOC04NzBkLTkyZDFmOTZhMTljMiIsIm9yZ0lkIjoiMjk1MTU4IiwidXNlcklkIjoiMzAyMTA4IiwidHlwZUlkIjoiYTAyZmNhYmQtMGY3MC00ZjQ2LTg1NmUtZmQ1YjRmOTJiMWJkIiwidHlwZSI6IlBST0pFQ1QiLCJpYXQiOjE3MTA5MTc2MDMsImV4cCI6NDg2NjY3NzYwM30.bYdWb1zCQPrKR_Mn-CHHtvfBUCK7cSIbb6TQBTiu8j8\r\n' +
        'User-Agent: axios/1.6.8\r\n' +
        'Accept-Encoding: gzip, compress, deflate, br\r\n' +
        'Host: deep-index.moralis.io\r\n' +
        'Connection: close\r\n' +
        '\r\n',
      _keepAliveTimeout: 0,
      _onPendingData: [Function: nop],
      agent: [Agent],
      socketPath: undefined,
      method: 'GET',
      maxHeaderSize: undefined,
      insecureHTTPParser: undefined,
      path: '/api/v2.2/0x09b54c67b180b67b76ef0012ee29cdeb1ab019a4/nft?chain=0x89&format=decimal&token_addresses[]=0x823a7aa1e0a0d8648c1d19a4cdb0d21098b145ab&media_items=true',
      _ended: true,
      res: [IncomingMessage],
      aborted: false,
      timeoutCb: null,
      upgradeOrConnect: false,
      parser: null,
      maxHeadersCount: null,
      reusedSocket: false,
      host: 'deep-index.moralis.io',
      protocol: 'https:',
      _redirectable: [Writable],
      [Symbol(kCapture)]: false,
      [Symbol(kBytesWritten)]: 0,
      [Symbol(kEndCalled)]: true,
      [Symbol(kNeedDrain)]: false,
      [Symbol(corked)]: 0,
      [Symbol(kOutHeaders)]: [Object: null prototype],
      [Symbol(kUniqueHeaders)]: null
    },
    response: {
      status: 401,
      statusText: 'Unauthorized',
      headers: [Object [AxiosHeaders]],
      config: [Object],
      request: [ClientRequest],
      data: [Object]
    }
  }
}
MoralisError [Moralis SDK Core Error]: [C0006] Request failed, Unauthorized(401): Invalid key
    at RequestController.makeError (/home/eskillzs/eSKILLZ/node_modules/@moralisweb3/common-core/lib/cjs/index.cjs:1224:20)
    at RequestController.<anonymous> (/home/eskillzs/eSKILLZ/node_modules/@moralisweb3/common-core/lib/cjs/index.cjs:1205:38)
    at step (/home/eskillzs/eSKILLZ/node_modules/@moralisweb3/common-core/lib/cjs/index.cjs:83:23)
    at Object.throw (/home/eskillzs/eSKILLZ/node_modules/@moralisweb3/common-core/lib/cjs/index.cjs:64:53)
    at rejected (/home/eskillzs/eSKILLZ/node_modules/@moralisweb3/common-core/lib/cjs/index.cjs:55:65)
    at runMicrotasks (<anonymous>)
    at processTicksAndRejections (node:internal/process/task_queues:96:5) {
  isMoralisError: true,
  code: 'C0006',
  details: {
    status: 401,
    response: {
      status: 401,
      statusText: 'Unauthorized',
      headers: [Object [AxiosHeaders]],
      config: [Object],
      request: [ClientRequest],
      data: [Object]
    }
  },
  [cause]: AxiosError: Request failed with status code 401
      at settle (/home/eskillzs/eSKILLZ/node_modules/@moralisweb3/common-core/node_modules/axios/dist/node/axios.cjs:1966:12)
      at IncomingMessage.handleStreamEnd (/home/eskillzs/eSKILLZ/node_modules/@moralisweb3/common-core/node_modules/axios/dist/node/axios.cjs:3065:11)
      at IncomingMessage.emit (node:events:525:35)
      at endReadableNT (node:internal/streams/readable:1358:12)
      at processTicksAndRejections (node:internal/process/task_queues:83:21)
      at Axios.request (/home/eskillzs/eSKILLZ/node_modules/@moralisweb3/common-core/node_modules/axios/dist/node/axios.cjs:3876:41)
      at runMicrotasks (<anonymous>)
      at processTicksAndRejections (node:internal/process/task_queues:96:5) {
    code: 'ERR_BAD_REQUEST',
    config: {
      transitional: [Object],
      adapter: [Array],
      transformRequest: [Array],
      transformResponse: [Array],
      timeout: 20000,
      xsrfCookieName: 'XSRF-TOKEN',
      xsrfHeaderName: 'X-XSRF-TOKEN',
      maxContentLength: Infinity,
      maxBodyLength: Infinity,
      env: [Object],
      validateStatus: [Function: validateStatus],
      headers: [Object [AxiosHeaders]],
      method: 'get',
      url: 'https://deep-index.moralis.io/api/v2.2/0x09b54c67b180b67b76ef0012ee29cdeb1ab019a4/nft',
      params: [Object],
      data: undefined
    },
    request: ClientRequest {
      _events: [Object: null prototype],
      _eventsCount: 7,
      _maxListeners: undefined,
      outputData: [],
      outputSize: 0,
      writable: true,
      destroyed: false,
      _last: true,
      chunkedEncoding: false,
      shouldKeepAlive: false,
      maxRequestsOnConnectionReached: false,
      _defaultKeepAlive: true,
      useChunkedEncodingByDefault: false,
      sendDate: false,
      _removedConnection: false,
      _removedContLen: false,
      _removedTE: false,
      strictContentLength: false,
      _contentLength: 0,
      _hasBody: true,
      _trailer: '',
      finished: true,
      _headerSent: true,
      _closed: false,
      socket: [TLSSocket],
      _header: 'GET /api/v2.2/0x09b54c67b180b67b76ef0012ee29cdeb1ab019a4/nft?chain=0x89&format=decimal&token_addresses[]=0xcd03575fd76aa553aea26812e9d68d0df5ad1ae3&media_items=true HTTP/1.1\r\n' +
        'Accept: application/json, text/plain, */*\r\n' +
        'x-moralis-platform: NodeJS SDK\r\n' +
        'x-moralis-platform-version: 2.25.1\r\n' +
        'x-moralis-build-target: node\r\n' +
        'x-api-key: eyJhbGciOiJIUzI1NiIsInR5cCI6IkpXVCJ9.eyJub25jZSI6Ijk3MjlmNmY0LTA4OTQtNGZkOC04NzBkLTkyZDFmOTZhMTljMiIsIm9yZ0lkIjoiMjk1MTU4IiwidXNlcklkIjoiMzAyMTA4IiwidHlwZUlkIjoiYTAyZmNhYmQtMGY3MC00ZjQ2LTg1NmUtZmQ1YjRmOTJiMWJkIiwidHlwZSI6IlBST0pFQ1QiLCJpYXQiOjE3MTA5MTc2MDMsImV4cCI6NDg2NjY3NzYwM30.bYdWb1zCQPrKR_Mn-CHHtvfBUCK7cSIbb6TQBTiu8j8\r\n' +
        'User-Agent: axios/1.6.8\r\n' +
        'Accept-Encoding: gzip, compress, deflate, br\r\n' +
        'Host: deep-index.moralis.io\r\n' +
        'Connection: close\r\n' +
        '\r\n',
      _keepAliveTimeout: 0,
      _onPendingData: [Function: nop],
      agent: [Agent],
      socketPath: undefined,
      method: 'GET',
      maxHeaderSize: undefined,
      insecureHTTPParser: undefined,
      path: '/api/v2.2/0x09b54c67b180b67b76ef0012ee29cdeb1ab019a4/nft?chain=0x89&format=decimal&token_addresses[]=0xcd03575fd76aa553aea26812e9d68d0df5ad1ae3&media_items=true',
      _ended: true,
      res: [IncomingMessage],
      aborted: false,
      timeoutCb: null,
      upgradeOrConnect: false,
      parser: null,
      maxHeadersCount: null,
      reusedSocket: false,
      host: 'deep-index.moralis.io',
      protocol: 'https:',
      _redirectable: [Writable],
      [Symbol(kCapture)]: false,
      [Symbol(kBytesWritten)]: 0,
      [Symbol(kEndCalled)]: true,
      [Symbol(kNeedDrain)]: false,
      [Symbol(corked)]: 0,
      [Symbol(kOutHeaders)]: [Object: null prototype],
      [Symbol(kUniqueHeaders)]: null
    },
    response: {
      status: 401,
      statusText: 'Unauthorized',
      headers: [Object [AxiosHeaders]],
      config: [Object],
      request: [ClientRequest],
      data: [Object]
    }
  }
}
MoralisError [Moralis SDK Core Error]: [C0006] Request failed, Unauthorized(401): Invalid key
    at RequestController.makeError (/home/eskillzs/eSKILLZ/node_modules/@moralisweb3/common-core/lib/cjs/index.cjs:1224:20)
    at RequestController.<anonymous> (/home/eskillzs/eSKILLZ/node_modules/@moralisweb3/common-core/lib/cjs/index.cjs:1205:38)
    at step (/home/eskillzs/eSKILLZ/node_modules/@moralisweb3/common-core/lib/cjs/index.cjs:83:23)
    at Object.throw (/home/eskillzs/eSKILLZ/node_modules/@moralisweb3/common-core/lib/cjs/index.cjs:64:53)
    at rejected (/home/eskillzs/eSKILLZ/node_modules/@moralisweb3/common-core/lib/cjs/index.cjs:55:65)
    at runMicrotasks (<anonymous>)
    at processTicksAndRejections (node:internal/process/task_queues:96:5) {
  isMoralisError: true,
  code: 'C0006',
  details: {
    status: 401,
    response: {
      status: 401,
      statusText: 'Unauthorized',
      headers: [Object [AxiosHeaders]],
      config: [Object],
      request: [ClientRequest],
      data: [Object]
    }
  },
  [cause]: AxiosError: Request failed with status code 401
      at settle (/home/eskillzs/eSKILLZ/node_modules/@moralisweb3/common-core/node_modules/axios/dist/node/axios.cjs:1966:12)
      at IncomingMessage.handleStreamEnd (/home/eskillzs/eSKILLZ/node_modules/@moralisweb3/common-core/node_modules/axios/dist/node/axios.cjs:3065:11)
      at IncomingMessage.emit (node:events:525:35)
      at endReadableNT (node:internal/streams/readable:1358:12)
      at processTicksAndRejections (node:internal/process/task_queues:83:21)
      at Axios.request (/home/eskillzs/eSKILLZ/node_modules/@moralisweb3/common-core/node_modules/axios/dist/node/axios.cjs:3876:41)
      at runMicrotasks (<anonymous>)
      at processTicksAndRejections (node:internal/process/task_queues:96:5) {
    code: 'ERR_BAD_REQUEST',
    config: {
      transitional: [Object],
      adapter: [Array],
      transformRequest: [Array],
      transformResponse: [Array],
      timeout: 20000,
      xsrfCookieName: 'XSRF-TOKEN',
      xsrfHeaderName: 'X-XSRF-TOKEN',
      maxContentLength: Infinity,
      maxBodyLength: Infinity,
      env: [Object],
      validateStatus: [Function: validateStatus],
      headers: [Object [AxiosHeaders]],
      method: 'get',
      url: 'https://deep-index.moralis.io/api/v2.2/0x09b54c67b180b67b76ef0012ee29cdeb1ab019a4/nft',
      params: [Object],
      data: undefined
    },
    request: ClientRequest {
      _events: [Object: null prototype],
      _eventsCount: 7,
      _maxListeners: undefined,
      outputData: [],
      outputSize: 0,
      writable: true,
      destroyed: false,
      _last: true,
      chunkedEncoding: false,
      shouldKeepAlive: false,
      maxRequestsOnConnectionReached: false,
      _defaultKeepAlive: true,
      useChunkedEncodingByDefault: false,
      sendDate: false,
      _removedConnection: false,
      _removedContLen: false,
      _removedTE: false,
      strictContentLength: false,
      _contentLength: 0,
      _hasBody: true,
      _trailer: '',
      finished: true,
      _headerSent: true,
      _closed: false,
      socket: [TLSSocket],
      _header: 'GET /api/v2.2/0x09b54c67b180b67b76ef0012ee29cdeb1ab019a4/nft?chain=0x89&format=decimal&token_addresses[]=0x39d007bae99bdd1e4c3cec4a58496b05330fec0a&media_items=true HTTP/1.1\r\n' +
        'Accept: application/json, text/plain, */*\r\n' +
        'x-moralis-platform: NodeJS SDK\r\n' +
        'x-moralis-platform-version: 2.25.1\r\n' +
        'x-moralis-build-target: node\r\n' +
        'x-api-key: eyJhbGciOiJIUzI1NiIsInR5cCI6IkpXVCJ9.eyJub25jZSI6Ijk3MjlmNmY0LTA4OTQtNGZkOC04NzBkLTkyZDFmOTZhMTljMiIsIm9yZ0lkIjoiMjk1MTU4IiwidXNlcklkIjoiMzAyMTA4IiwidHlwZUlkIjoiYTAyZmNhYmQtMGY3MC00ZjQ2LTg1NmUtZmQ1YjRmOTJiMWJkIiwidHlwZSI6IlBST0pFQ1QiLCJpYXQiOjE3MTA5MTc2MDMsImV4cCI6NDg2NjY3NzYwM30.bYdWb1zCQPrKR_Mn-CHHtvfBUCK7cSIbb6TQBTiu8j8\r\n' +
        'User-Agent: axios/1.6.8\r\n' +
        'Accept-Encoding: gzip, compress, deflate, br\r\n' +
        'Host: deep-index.moralis.io\r\n' +
        'Connection: close\r\n' +
        '\r\n',
      _keepAliveTimeout: 0,
      _onPendingData: [Function: nop],
      agent: [Agent],
      socketPath: undefined,
      method: 'GET',
      maxHeaderSize: undefined,
      insecureHTTPParser: undefined,
      path: '/api/v2.2/0x09b54c67b180b67b76ef0012ee29cdeb1ab019a4/nft?chain=0x89&format=decimal&token_addresses[]=0x39d007bae99bdd1e4c3cec4a58496b05330fec0a&media_items=true',
      _ended: true,
      res: [IncomingMessage],
      aborted: false,
      timeoutCb: null,
      upgradeOrConnect: false,
      parser: null,
      maxHeadersCount: null,
      reusedSocket: false,
      host: 'deep-index.moralis.io',
      protocol: 'https:',
      _redirectable: [Writable],
      [Symbol(kCapture)]: false,
      [Symbol(kBytesWritten)]: 0,
      [Symbol(kEndCalled)]: true,
      [Symbol(kNeedDrain)]: false,
      [Symbol(corked)]: 0,
      [Symbol(kOutHeaders)]: [Object: null prototype],
      [Symbol(kUniqueHeaders)]: null
    },
    response: {
      status: 401,
      statusText: 'Unauthorized',
      headers: [Object [AxiosHeaders]],
      config: [Object],
      request: [ClientRequest],
      data: [Object]
    }
  }
}
MoralisError [Moralis SDK Core Error]: [C0006] Request failed, Unauthorized(401): Invalid key
    at RequestController.makeError (/home/eskillzs/eSKILLZ/node_modules/@moralisweb3/common-core/lib/cjs/index.cjs:1224:20)
    at RequestController.<anonymous> (/home/eskillzs/eSKILLZ/node_modules/@moralisweb3/common-core/lib/cjs/index.cjs:1205:38)
    at step (/home/eskillzs/eSKILLZ/node_modules/@moralisweb3/common-core/lib/cjs/index.cjs:83:23)
    at Object.throw (/home/eskillzs/eSKILLZ/node_modules/@moralisweb3/common-core/lib/cjs/index.cjs:64:53)
    at rejected (/home/eskillzs/eSKILLZ/node_modules/@moralisweb3/common-core/lib/cjs/index.cjs:55:65)
    at runMicrotasks (<anonymous>)
    at processTicksAndRejections (node:internal/process/task_queues:96:5) {
  isMoralisError: true,
  code: 'C0006',
  details: {
    status: 401,
    response: {
      status: 401,
      statusText: 'Unauthorized',
      headers: [Object [AxiosHeaders]],
      config: [Object],
      request: [ClientRequest],
      data: [Object]
    }
  },
  [cause]: AxiosError: Request failed with status code 401
      at settle (/home/eskillzs/eSKILLZ/node_modules/@moralisweb3/common-core/node_modules/axios/dist/node/axios.cjs:1966:12)
      at IncomingMessage.handleStreamEnd (/home/eskillzs/eSKILLZ/node_modules/@moralisweb3/common-core/node_modules/axios/dist/node/axios.cjs:3065:11)
      at IncomingMessage.emit (node:events:525:35)
      at endReadableNT (node:internal/streams/readable:1358:12)
      at processTicksAndRejections (node:internal/process/task_queues:83:21)
      at Axios.request (/home/eskillzs/eSKILLZ/node_modules/@moralisweb3/common-core/node_modules/axios/dist/node/axios.cjs:3876:41)
      at runMicrotasks (<anonymous>)
      at processTicksAndRejections (node:internal/process/task_queues:96:5) {
    code: 'ERR_BAD_REQUEST',
    config: {
      transitional: [Object],
      adapter: [Array],
      transformRequest: [Array],
      transformResponse: [Array],
      timeout: 20000,
      xsrfCookieName: 'XSRF-TOKEN',
      xsrfHeaderName: 'X-XSRF-TOKEN',
      maxContentLength: Infinity,
      maxBodyLength: Infinity,
      env: [Object],
      validateStatus: [Function: validateStatus],
      headers: [Object [AxiosHeaders]],
      method: 'get',
      url: 'https://deep-index.moralis.io/api/v2.2/0x09b54c67b180b67b76ef0012ee29cdeb1ab019a4/nft',
      params: [Object],
      data: undefined
    },
    request: ClientRequest {
      _events: [Object: null prototype],
      _eventsCount: 7,
      _maxListeners: undefined,
      outputData: [],
      outputSize: 0,
      writable: true,
      destroyed: false,
      _last: true,
      chunkedEncoding: false,
      shouldKeepAlive: false,
      maxRequestsOnConnectionReached: false,
      _defaultKeepAlive: true,
      useChunkedEncodingByDefault: false,
      sendDate: false,
      _removedConnection: false,
      _removedContLen: false,
      _removedTE: false,
      strictContentLength: false,
      _contentLength: 0,
      _hasBody: true,
      _trailer: '',
      finished: true,
      _headerSent: true,
      _closed: false,
      socket: [TLSSocket],
      _header: 'GET /api/v2.2/0x09b54c67b180b67b76ef0012ee29cdeb1ab019a4/nft?chain=0x89&format=decimal&token_addresses[]=0xb61df32b42d9f5518f52093caef0f1104e2a4b04&media_items=true HTTP/1.1\r\n' +
        'Accept: application/json, text/plain, */*\r\n' +
        'x-moralis-platform: NodeJS SDK\r\n' +
        'x-moralis-platform-version: 2.25.1\r\n' +
        'x-moralis-build-target: node\r\n' +
        'x-api-key: eyJhbGciOiJIUzI1NiIsInR5cCI6IkpXVCJ9.eyJub25jZSI6Ijk3MjlmNmY0LTA4OTQtNGZkOC04NzBkLTkyZDFmOTZhMTljMiIsIm9yZ0lkIjoiMjk1MTU4IiwidXNlcklkIjoiMzAyMTA4IiwidHlwZUlkIjoiYTAyZmNhYmQtMGY3MC00ZjQ2LTg1NmUtZmQ1YjRmOTJiMWJkIiwidHlwZSI6IlBST0pFQ1QiLCJpYXQiOjE3MTA5MTc2MDMsImV4cCI6NDg2NjY3NzYwM30.bYdWb1zCQPrKR_Mn-CHHtvfBUCK7cSIbb6TQBTiu8j8\r\n' +
        'User-Agent: axios/1.6.8\r\n' +
        'Accept-Encoding: gzip, compress, deflate, br\r\n' +
        'Host: deep-index.moralis.io\r\n' +
        'Connection: close\r\n' +
        '\r\n',
      _keepAliveTimeout: 0,
      _onPendingData: [Function: nop],
      agent: [Agent],
      socketPath: undefined,
      method: 'GET',
      maxHeaderSize: undefined,
      insecureHTTPParser: undefined,
      path: '/api/v2.2/0x09b54c67b180b67b76ef0012ee29cdeb1ab019a4/nft?chain=0x89&format=decimal&token_addresses[]=0xb61df32b42d9f5518f52093caef0f1104e2a4b04&media_items=true',
      _ended: true,
      res: [IncomingMessage],
      aborted: false,
      timeoutCb: null,
      upgradeOrConnect: false,
      parser: null,
      maxHeadersCount: null,
      reusedSocket: false,
      host: 'deep-index.moralis.io',
      protocol: 'https:',
      _redirectable: [Writable],
      [Symbol(kCapture)]: false,
      [Symbol(kBytesWritten)]: 0,
      [Symbol(kEndCalled)]: true,
      [Symbol(kNeedDrain)]: false,
      [Symbol(corked)]: 0,
      [Symbol(kOutHeaders)]: [Object: null prototype],
      [Symbol(kUniqueHeaders)]: null
    },
    response: {
      status: 401,
      statusText: 'Unauthorized',
      headers: [Object [AxiosHeaders]],
      config: [Object],
      request: [ClientRequest],
      data: [Object]
    }
  }
}
MoralisError [Moralis SDK Core Error]: [C0006] Request failed, Unauthorized(401): Invalid key
    at RequestController.makeError (/home/eskillzs/eSKILLZ/node_modules/@moralisweb3/common-core/lib/cjs/index.cjs:1224:20)
    at RequestController.<anonymous> (/home/eskillzs/eSKILLZ/node_modules/@moralisweb3/common-core/lib/cjs/index.cjs:1205:38)
    at step (/home/eskillzs/eSKILLZ/node_modules/@moralisweb3/common-core/lib/cjs/index.cjs:83:23)
    at Object.throw (/home/eskillzs/eSKILLZ/node_modules/@moralisweb3/common-core/lib/cjs/index.cjs:64:53)
    at rejected (/home/eskillzs/eSKILLZ/node_modules/@moralisweb3/common-core/lib/cjs/index.cjs:55:65)
    at runMicrotasks (<anonymous>)
    at processTicksAndRejections (node:internal/process/task_queues:96:5) {
  isMoralisError: true,
  code: 'C0006',
  details: {
    status: 401,
    response: {
      status: 401,
      statusText: 'Unauthorized',
      headers: [Object [AxiosHeaders]],
      config: [Object],
      request: [ClientRequest],
      data: [Object]
    }
  },
  [cause]: AxiosError: Request failed with status code 401
      at settle (/home/eskillzs/eSKILLZ/node_modules/@moralisweb3/common-core/node_modules/axios/dist/node/axios.cjs:1966:12)
      at IncomingMessage.handleStreamEnd (/home/eskillzs/eSKILLZ/node_modules/@moralisweb3/common-core/node_modules/axios/dist/node/axios.cjs:3065:11)
      at IncomingMessage.emit (node:events:525:35)
      at endReadableNT (node:internal/streams/readable:1358:12)
      at processTicksAndRejections (node:internal/process/task_queues:83:21)
      at Axios.request (/home/eskillzs/eSKILLZ/node_modules/@moralisweb3/common-core/node_modules/axios/dist/node/axios.cjs:3876:41)
      at runMicrotasks (<anonymous>)
      at processTicksAndRejections (node:internal/process/task_queues:96:5) {
    code: 'ERR_BAD_REQUEST',
    config: {
      transitional: [Object],
      adapter: [Array],
      transformRequest: [Array],
      transformResponse: [Array],
      timeout: 20000,
      xsrfCookieName: 'XSRF-TOKEN',
      xsrfHeaderName: 'X-XSRF-TOKEN',
      maxContentLength: Infinity,
      maxBodyLength: Infinity,
      env: [Object],
      validateStatus: [Function: validateStatus],
      headers: [Object [AxiosHeaders]],
      method: 'get',
      url: 'https://deep-index.moralis.io/api/v2.2/0x09b54c67b180b67b76ef0012ee29cdeb1ab019a4/nft',
      params: [Object],
      data: undefined
    },
    request: ClientRequest {
      _events: [Object: null prototype],
      _eventsCount: 7,
      _maxListeners: undefined,
      outputData: [],
      outputSize: 0,
      writable: true,
      destroyed: false,
      _last: true,
      chunkedEncoding: false,
      shouldKeepAlive: false,
      maxRequestsOnConnectionReached: false,
      _defaultKeepAlive: true,
      useChunkedEncodingByDefault: false,
      sendDate: false,
      _removedConnection: false,
      _removedContLen: false,
      _removedTE: false,
      strictContentLength: false,
      _contentLength: 0,
      _hasBody: true,
      _trailer: '',
      finished: true,
      _headerSent: true,
      _closed: false,
      socket: [TLSSocket],
      _header: 'GET /api/v2.2/0x09b54c67b180b67b76ef0012ee29cdeb1ab019a4/nft?chain=0x89&format=decimal&token_addresses[]=0x531a63b59ae113adfa318b46ced64bff94989bf8&media_items=true HTTP/1.1\r\n' +
        'Accept: application/json, text/plain, */*\r\n' +
        'x-moralis-platform: NodeJS SDK\r\n' +
        'x-moralis-platform-version: 2.25.1\r\n' +
        'x-moralis-build-target: node\r\n' +
        'x-api-key: eyJhbGciOiJIUzI1NiIsInR5cCI6IkpXVCJ9.eyJub25jZSI6Ijk3MjlmNmY0LTA4OTQtNGZkOC04NzBkLTkyZDFmOTZhMTljMiIsIm9yZ0lkIjoiMjk1MTU4IiwidXNlcklkIjoiMzAyMTA4IiwidHlwZUlkIjoiYTAyZmNhYmQtMGY3MC00ZjQ2LTg1NmUtZmQ1YjRmOTJiMWJkIiwidHlwZSI6IlBST0pFQ1QiLCJpYXQiOjE3MTA5MTc2MDMsImV4cCI6NDg2NjY3NzYwM30.bYdWb1zCQPrKR_Mn-CHHtvfBUCK7cSIbb6TQBTiu8j8\r\n' +
        'User-Agent: axios/1.6.8\r\n' +
        'Accept-Encoding: gzip, compress, deflate, br\r\n' +
        'Host: deep-index.moralis.io\r\n' +
        'Connection: close\r\n' +
        '\r\n',
      _keepAliveTimeout: 0,
      _onPendingData: [Function: nop],
      agent: [Agent],
      socketPath: undefined,
      method: 'GET',
      maxHeaderSize: undefined,
      insecureHTTPParser: undefined,
      path: '/api/v2.2/0x09b54c67b180b67b76ef0012ee29cdeb1ab019a4/nft?chain=0x89&format=decimal&token_addresses[]=0x531a63b59ae113adfa318b46ced64bff94989bf8&media_items=true',
      _ended: true,
      res: [IncomingMessage],
      aborted: false,
      timeoutCb: null,
      upgradeOrConnect: false,
      parser: null,
      maxHeadersCount: null,
      reusedSocket: false,
      host: 'deep-index.moralis.io',
      protocol: 'https:',
      _redirectable: [Writable],
      [Symbol(kCapture)]: false,
      [Symbol(kBytesWritten)]: 0,
      [Symbol(kEndCalled)]: true,
      [Symbol(kNeedDrain)]: false,
      [Symbol(corked)]: 0,
      [Symbol(kOutHeaders)]: [Object: null prototype],
      [Symbol(kUniqueHeaders)]: null
    },
    response: {
      status: 401,
      statusText: 'Unauthorized',
      headers: [Object [AxiosHeaders]],
      config: [Object],
      request: [ClientRequest],
      data: [Object]
    }
  }
}
MoralisError [Moralis SDK Core Error]: [C0006] Request failed, Unauthorized(401): Invalid key
    at RequestController.makeError (/home/eskillzs/eSKILLZ/node_modules/@moralisweb3/common-core/lib/cjs/index.cjs:1224:20)
    at RequestController.<anonymous> (/home/eskillzs/eSKILLZ/node_modules/@moralisweb3/common-core/lib/cjs/index.cjs:1205:38)
    at step (/home/eskillzs/eSKILLZ/node_modules/@moralisweb3/common-core/lib/cjs/index.cjs:83:23)
    at Object.throw (/home/eskillzs/eSKILLZ/node_modules/@moralisweb3/common-core/lib/cjs/index.cjs:64:53)
    at rejected (/home/eskillzs/eSKILLZ/node_modules/@moralisweb3/common-core/lib/cjs/index.cjs:55:65)
    at runMicrotasks (<anonymous>)
    at processTicksAndRejections (node:internal/process/task_queues:96:5) {
  isMoralisError: true,
  code: 'C0006',
  details: {
    status: 401,
    response: {
      status: 401,
      statusText: 'Unauthorized',
      headers: [Object [AxiosHeaders]],
      config: [Object],
      request: [ClientRequest],
      data: [Object]
    }
  },
  [cause]: AxiosError: Request failed with status code 401
      at settle (/home/eskillzs/eSKILLZ/node_modules/@moralisweb3/common-core/node_modules/axios/dist/node/axios.cjs:1966:12)
      at IncomingMessage.handleStreamEnd (/home/eskillzs/eSKILLZ/node_modules/@moralisweb3/common-core/node_modules/axios/dist/node/axios.cjs:3065:11)
      at IncomingMessage.emit (node:events:525:35)
      at endReadableNT (node:internal/streams/readable:1358:12)
      at processTicksAndRejections (node:internal/process/task_queues:83:21)
      at Axios.request (/home/eskillzs/eSKILLZ/node_modules/@moralisweb3/common-core/node_modules/axios/dist/node/axios.cjs:3876:41)
      at runMicrotasks (<anonymous>)
      at processTicksAndRejections (node:internal/process/task_queues:96:5) {
    code: 'ERR_BAD_REQUEST',
    config: {
      transitional: [Object],
      adapter: [Array],
      transformRequest: [Array],
      transformResponse: [Array],
      timeout: 20000,
      xsrfCookieName: 'XSRF-TOKEN',
      xsrfHeaderName: 'X-XSRF-TOKEN',
      maxContentLength: Infinity,
      maxBodyLength: Infinity,
      env: [Object],
      validateStatus: [Function: validateStatus],
      headers: [Object [AxiosHeaders]],
      method: 'get',
      url: 'https://deep-index.moralis.io/api/v2.2/0x09b54c67b180b67b76ef0012ee29cdeb1ab019a4/nft',
      params: [Object],
      data: undefined
    },
    request: ClientRequest {
      _events: [Object: null prototype],
      _eventsCount: 7,
      _maxListeners: undefined,
      outputData: [],
      outputSize: 0,
      writable: true,
      destroyed: false,
      _last: true,
      chunkedEncoding: false,
      shouldKeepAlive: false,
      maxRequestsOnConnectionReached: false,
      _defaultKeepAlive: true,
      useChunkedEncodingByDefault: false,
      sendDate: false,
      _removedConnection: false,
      _removedContLen: false,
      _removedTE: false,
      strictContentLength: false,
      _contentLength: 0,
      _hasBody: true,
      _trailer: '',
      finished: true,
      _headerSent: true,
      _closed: false,
      socket: [TLSSocket],
      _header: 'GET /api/v2.2/0x09b54c67b180b67b76ef0012ee29cdeb1ab019a4/nft?chain=0x89&format=decimal&token_addresses[]=0xd9095c42fab1f40a7f376078431ab984776ace95&media_items=true HTTP/1.1\r\n' +
        'Accept: application/json, text/plain, */*\r\n' +
        'x-moralis-platform: NodeJS SDK\r\n' +
        'x-moralis-platform-version: 2.25.1\r\n' +
        'x-moralis-build-target: node\r\n' +
        'x-api-key: eyJhbGciOiJIUzI1NiIsInR5cCI6IkpXVCJ9.eyJub25jZSI6Ijk3MjlmNmY0LTA4OTQtNGZkOC04NzBkLTkyZDFmOTZhMTljMiIsIm9yZ0lkIjoiMjk1MTU4IiwidXNlcklkIjoiMzAyMTA4IiwidHlwZUlkIjoiYTAyZmNhYmQtMGY3MC00ZjQ2LTg1NmUtZmQ1YjRmOTJiMWJkIiwidHlwZSI6IlBST0pFQ1QiLCJpYXQiOjE3MTA5MTc2MDMsImV4cCI6NDg2NjY3NzYwM30.bYdWb1zCQPrKR_Mn-CHHtvfBUCK7cSIbb6TQBTiu8j8\r\n' +
        'User-Agent: axios/1.6.8\r\n' +
        'Accept-Encoding: gzip, compress, deflate, br\r\n' +
        'Host: deep-index.moralis.io\r\n' +
        'Connection: close\r\n' +
        '\r\n',
      _keepAliveTimeout: 0,
      _onPendingData: [Function: nop],
      agent: [Agent],
      socketPath: undefined,
      method: 'GET',
      maxHeaderSize: undefined,
      insecureHTTPParser: undefined,
      path: '/api/v2.2/0x09b54c67b180b67b76ef0012ee29cdeb1ab019a4/nft?chain=0x89&format=decimal&token_addresses[]=0xd9095c42fab1f40a7f376078431ab984776ace95&media_items=true',
      _ended: true,
      res: [IncomingMessage],
      aborted: false,
      timeoutCb: null,
      upgradeOrConnect: false,
      parser: null,
      maxHeadersCount: null,
      reusedSocket: false,
      host: 'deep-index.moralis.io',
      protocol: 'https:',
      _redirectable: [Writable],
      [Symbol(kCapture)]: false,
      [Symbol(kBytesWritten)]: 0,
      [Symbol(kEndCalled)]: true,
      [Symbol(kNeedDrain)]: false,
      [Symbol(corked)]: 0,
      [Symbol(kOutHeaders)]: [Object: null prototype],
      [Symbol(kUniqueHeaders)]: null
    },
    response: {
      status: 401,
      statusText: 'Unauthorized',
      headers: [Object [AxiosHeaders]],
      config: [Object],
      request: [ClientRequest],
      data: [Object]
    }
  }
}
MoralisError [Moralis SDK Core Error]: [C0006] Request failed, Unauthorized(401): Invalid key
    at RequestController.makeError (/home/eskillzs/eSKILLZ/node_modules/@moralisweb3/common-core/lib/cjs/index.cjs:1224:20)
    at RequestController.<anonymous> (/home/eskillzs/eSKILLZ/node_modules/@moralisweb3/common-core/lib/cjs/index.cjs:1205:38)
    at step (/home/eskillzs/eSKILLZ/node_modules/@moralisweb3/common-core/lib/cjs/index.cjs:83:23)
    at Object.throw (/home/eskillzs/eSKILLZ/node_modules/@moralisweb3/common-core/lib/cjs/index.cjs:64:53)
    at rejected (/home/eskillzs/eSKILLZ/node_modules/@moralisweb3/common-core/lib/cjs/index.cjs:55:65)
    at runMicrotasks (<anonymous>)
    at processTicksAndRejections (node:internal/process/task_queues:96:5) {
  isMoralisError: true,
  code: 'C0006',
  details: {
    status: 401,
    response: {
      status: 401,
      statusText: 'Unauthorized',
      headers: [Object [AxiosHeaders]],
      config: [Object],
      request: [ClientRequest],
      data: [Object]
    }
  },
  [cause]: AxiosError: Request failed with status code 401
      at settle (/home/eskillzs/eSKILLZ/node_modules/@moralisweb3/common-core/node_modules/axios/dist/node/axios.cjs:1966:12)
      at IncomingMessage.handleStreamEnd (/home/eskillzs/eSKILLZ/node_modules/@moralisweb3/common-core/node_modules/axios/dist/node/axios.cjs:3065:11)
      at IncomingMessage.emit (node:events:525:35)
      at endReadableNT (node:internal/streams/readable:1358:12)
      at processTicksAndRejections (node:internal/process/task_queues:83:21)
      at Axios.request (/home/eskillzs/eSKILLZ/node_modules/@moralisweb3/common-core/node_modules/axios/dist/node/axios.cjs:3876:41)
      at runMicrotasks (<anonymous>)
      at processTicksAndRejections (node:internal/process/task_queues:96:5) {
    code: 'ERR_BAD_REQUEST',
    config: {
      transitional: [Object],
      adapter: [Array],
      transformRequest: [Array],
      transformResponse: [Array],
      timeout: 20000,
      xsrfCookieName: 'XSRF-TOKEN',
      xsrfHeaderName: 'X-XSRF-TOKEN',
      maxContentLength: Infinity,
      maxBodyLength: Infinity,
      env: [Object],
      validateStatus: [Function: validateStatus],
      headers: [Object [AxiosHeaders]],
      method: 'get',
      url: 'https://deep-index.moralis.io/api/v2.2/0x09b54c67b180b67b76ef0012ee29cdeb1ab019a4/nft',
      params: [Object],
      data: undefined
    },
    request: ClientRequest {
      _events: [Object: null prototype],
      _eventsCount: 7,
      _maxListeners: undefined,
      outputData: [],
      outputSize: 0,
      writable: true,
      destroyed: false,
      _last: true,
      chunkedEncoding: false,
      shouldKeepAlive: false,
      maxRequestsOnConnectionReached: false,
      _defaultKeepAlive: true,
      useChunkedEncodingByDefault: false,
      sendDate: false,
      _removedConnection: false,
      _removedContLen: false,
      _removedTE: false,
      strictContentLength: false,
      _contentLength: 0,
      _hasBody: true,
      _trailer: '',
      finished: true,
      _headerSent: true,
      _closed: false,
      socket: [TLSSocket],
      _header: 'GET /api/v2.2/0x09b54c67b180b67b76ef0012ee29cdeb1ab019a4/nft?chain=0x89&format=decimal&token_addresses[]=0xc7e269fe785d5def61c29c91dc254067f75568be&media_items=true HTTP/1.1\r\n' +
        'Accept: application/json, text/plain, */*\r\n' +
        'x-moralis-platform: NodeJS SDK\r\n' +
        'x-moralis-platform-version: 2.25.1\r\n' +
        'x-moralis-build-target: node\r\n' +
        'x-api-key: eyJhbGciOiJIUzI1NiIsInR5cCI6IkpXVCJ9.eyJub25jZSI6Ijk3MjlmNmY0LTA4OTQtNGZkOC04NzBkLTkyZDFmOTZhMTljMiIsIm9yZ0lkIjoiMjk1MTU4IiwidXNlcklkIjoiMzAyMTA4IiwidHlwZUlkIjoiYTAyZmNhYmQtMGY3MC00ZjQ2LTg1NmUtZmQ1YjRmOTJiMWJkIiwidHlwZSI6IlBST0pFQ1QiLCJpYXQiOjE3MTA5MTc2MDMsImV4cCI6NDg2NjY3NzYwM30.bYdWb1zCQPrKR_Mn-CHHtvfBUCK7cSIbb6TQBTiu8j8\r\n' +
        'User-Agent: axios/1.6.8\r\n' +
        'Accept-Encoding: gzip, compress, deflate, br\r\n' +
        'Host: deep-index.moralis.io\r\n' +
        'Connection: close\r\n' +
        '\r\n',
      _keepAliveTimeout: 0,
      _onPendingData: [Function: nop],
      agent: [Agent],
      socketPath: undefined,
      method: 'GET',
      maxHeaderSize: undefined,
      insecureHTTPParser: undefined,
      path: '/api/v2.2/0x09b54c67b180b67b76ef0012ee29cdeb1ab019a4/nft?chain=0x89&format=decimal&token_addresses[]=0xc7e269fe785d5def61c29c91dc254067f75568be&media_items=true',
      _ended: true,
      res: [IncomingMessage],
      aborted: false,
      timeoutCb: null,
      upgradeOrConnect: false,
      parser: null,
      maxHeadersCount: null,
      reusedSocket: false,
      host: 'deep-index.moralis.io',
      protocol: 'https:',
      _redirectable: [Writable],
      [Symbol(kCapture)]: false,
      [Symbol(kBytesWritten)]: 0,
      [Symbol(kEndCalled)]: true,
      [Symbol(kNeedDrain)]: false,
      [Symbol(corked)]: 0,
      [Symbol(kOutHeaders)]: [Object: null prototype],
      [Symbol(kUniqueHeaders)]: null
    },
    response: {
      status: 401,
      statusText: 'Unauthorized',
      headers: [Object [AxiosHeaders]],
      config: [Object],
      request: [ClientRequest],
      data: [Object]
    }
  }
}
MoralisError [Moralis SDK Core Error]: [C0006] Request failed, Unauthorized(401): Invalid key
    at RequestController.makeError (/home/eskillzs/eSKILLZ/node_modules/@moralisweb3/common-core/lib/cjs/index.cjs:1224:20)
    at RequestController.<anonymous> (/home/eskillzs/eSKILLZ/node_modules/@moralisweb3/common-core/lib/cjs/index.cjs:1205:38)
    at step (/home/eskillzs/eSKILLZ/node_modules/@moralisweb3/common-core/lib/cjs/index.cjs:83:23)
    at Object.throw (/home/eskillzs/eSKILLZ/node_modules/@moralisweb3/common-core/lib/cjs/index.cjs:64:53)
    at rejected (/home/eskillzs/eSKILLZ/node_modules/@moralisweb3/common-core/lib/cjs/index.cjs:55:65)
    at runMicrotasks (<anonymous>)
    at processTicksAndRejections (node:internal/process/task_queues:96:5) {
  isMoralisError: true,
  code: 'C0006',
  details: {
    status: 401,
    response: {
      status: 401,
      statusText: 'Unauthorized',
      headers: [Object [AxiosHeaders]],
      config: [Object],
      request: [ClientRequest],
      data: [Object]
    }
  },
  [cause]: AxiosError: Request failed with status code 401
      at settle (/home/eskillzs/eSKILLZ/node_modules/@moralisweb3/common-core/node_modules/axios/dist/node/axios.cjs:1966:12)
      at IncomingMessage.handleStreamEnd (/home/eskillzs/eSKILLZ/node_modules/@moralisweb3/common-core/node_modules/axios/dist/node/axios.cjs:3065:11)
      at IncomingMessage.emit (node:events:525:35)
      at endReadableNT (node:internal/streams/readable:1358:12)
      at processTicksAndRejections (node:internal/process/task_queues:83:21)
      at Axios.request (/home/eskillzs/eSKILLZ/node_modules/@moralisweb3/common-core/node_modules/axios/dist/node/axios.cjs:3876:41)
      at runMicrotasks (<anonymous>)
      at processTicksAndRejections (node:internal/process/task_queues:96:5) {
    code: 'ERR_BAD_REQUEST',
    config: {
      transitional: [Object],
      adapter: [Array],
      transformRequest: [Array],
      transformResponse: [Array],
      timeout: 20000,
      xsrfCookieName: 'XSRF-TOKEN',
      xsrfHeaderName: 'X-XSRF-TOKEN',
      maxContentLength: Infinity,
      maxBodyLength: Infinity,
      env: [Object],
      validateStatus: [Function: validateStatus],
      headers: [Object [AxiosHeaders]],
      method: 'get',
      url: 'https://deep-index.moralis.io/api/v2.2/0x09b54c67b180b67b76ef0012ee29cdeb1ab019a4/nft',
      params: [Object],
      data: undefined
    },
    request: ClientRequest {
      _events: [Object: null prototype],
      _eventsCount: 7,
      _maxListeners: undefined,
      outputData: [],
      outputSize: 0,
      writable: true,
      destroyed: false,
      _last: true,
      chunkedEncoding: false,
      shouldKeepAlive: false,
      maxRequestsOnConnectionReached: false,
      _defaultKeepAlive: true,
      useChunkedEncodingByDefault: false,
      sendDate: false,
      _removedConnection: false,
      _removedContLen: false,
      _removedTE: false,
      strictContentLength: false,
      _contentLength: 0,
      _hasBody: true,
      _trailer: '',
      finished: true,
      _headerSent: true,
      _closed: false,
      socket: [TLSSocket],
      _header: 'GET /api/v2.2/0x09b54c67b180b67b76ef0012ee29cdeb1ab019a4/nft?chain=0x89&format=decimal&token_addresses[]=0x072612df4b37004f6f27cf1a03ba3966e1774685&media_items=true HTTP/1.1\r\n' +
        'Accept: application/json, text/plain, */*\r\n' +
        'x-moralis-platform: NodeJS SDK\r\n' +
        'x-moralis-platform-version: 2.25.1\r\n' +
        'x-moralis-build-target: node\r\n' +
        'x-api-key: eyJhbGciOiJIUzI1NiIsInR5cCI6IkpXVCJ9.eyJub25jZSI6Ijk3MjlmNmY0LTA4OTQtNGZkOC04NzBkLTkyZDFmOTZhMTljMiIsIm9yZ0lkIjoiMjk1MTU4IiwidXNlcklkIjoiMzAyMTA4IiwidHlwZUlkIjoiYTAyZmNhYmQtMGY3MC00ZjQ2LTg1NmUtZmQ1YjRmOTJiMWJkIiwidHlwZSI6IlBST0pFQ1QiLCJpYXQiOjE3MTA5MTc2MDMsImV4cCI6NDg2NjY3NzYwM30.bYdWb1zCQPrKR_Mn-CHHtvfBUCK7cSIbb6TQBTiu8j8\r\n' +
        'User-Agent: axios/1.6.8\r\n' +
        'Accept-Encoding: gzip, compress, deflate, br\r\n' +
        'Host: deep-index.moralis.io\r\n' +
        'Connection: close\r\n' +
        '\r\n',
      _keepAliveTimeout: 0,
      _onPendingData: [Function: nop],
      agent: [Agent],
      socketPath: undefined,
      method: 'GET',
      maxHeaderSize: undefined,
      insecureHTTPParser: undefined,
      path: '/api/v2.2/0x09b54c67b180b67b76ef0012ee29cdeb1ab019a4/nft?chain=0x89&format=decimal&token_addresses[]=0x072612df4b37004f6f27cf1a03ba3966e1774685&media_items=true',
      _ended: true,
      res: [IncomingMessage],
      aborted: false,
      timeoutCb: null,
      upgradeOrConnect: false,
      parser: null,
      maxHeadersCount: null,
      reusedSocket: false,
      host: 'deep-index.moralis.io',
      protocol: 'https:',
      _redirectable: [Writable],
      [Symbol(kCapture)]: false,
      [Symbol(kBytesWritten)]: 0,
      [Symbol(kEndCalled)]: true,
      [Symbol(kNeedDrain)]: false,
      [Symbol(corked)]: 0,
      [Symbol(kOutHeaders)]: [Object: null prototype],
      [Symbol(kUniqueHeaders)]: null
    },
    response: {
      status: 401,
      statusText: 'Unauthorized',
      headers: [Object [AxiosHeaders]],
      config: [Object],
      request: [ClientRequest],
      data: [Object]
    }
  }
}
MoralisError [Moralis SDK Core Error]: [C0006] Request failed, Unauthorized(401): Invalid key
    at RequestController.makeError (/home/eskillzs/eSKILLZ/node_modules/@moralisweb3/common-core/lib/cjs/index.cjs:1224:20)
    at RequestController.<anonymous> (/home/eskillzs/eSKILLZ/node_modules/@moralisweb3/common-core/lib/cjs/index.cjs:1205:38)
    at step (/home/eskillzs/eSKILLZ/node_modules/@moralisweb3/common-core/lib/cjs/index.cjs:83:23)
    at Object.throw (/home/eskillzs/eSKILLZ/node_modules/@moralisweb3/common-core/lib/cjs/index.cjs:64:53)
    at rejected (/home/eskillzs/eSKILLZ/node_modules/@moralisweb3/common-core/lib/cjs/index.cjs:55:65)
    at runMicrotasks (<anonymous>)
    at processTicksAndRejections (node:internal/process/task_queues:96:5) {
  isMoralisError: true,
  code: 'C0006',
  details: {
    status: 401,
    response: {
      status: 401,
      statusText: 'Unauthorized',
      headers: [Object [AxiosHeaders]],
      config: [Object],
      request: [ClientRequest],
      data: [Object]
    }
  },
  [cause]: AxiosError: Request failed with status code 401
      at settle (/home/eskillzs/eSKILLZ/node_modules/@moralisweb3/common-core/node_modules/axios/dist/node/axios.cjs:1966:12)
      at IncomingMessage.handleStreamEnd (/home/eskillzs/eSKILLZ/node_modules/@moralisweb3/common-core/node_modules/axios/dist/node/axios.cjs:3065:11)
      at IncomingMessage.emit (node:events:525:35)
      at endReadableNT (node:internal/streams/readable:1358:12)
      at processTicksAndRejections (node:internal/process/task_queues:83:21)
      at Axios.request (/home/eskillzs/eSKILLZ/node_modules/@moralisweb3/common-core/node_modules/axios/dist/node/axios.cjs:3876:41)
      at runMicrotasks (<anonymous>)
      at processTicksAndRejections (node:internal/process/task_queues:96:5) {
    code: 'ERR_BAD_REQUEST',
    config: {
      transitional: [Object],
      adapter: [Array],
      transformRequest: [Array],
      transformResponse: [Array],
      timeout: 20000,
      xsrfCookieName: 'XSRF-TOKEN',
      xsrfHeaderName: 'X-XSRF-TOKEN',
      maxContentLength: Infinity,
      maxBodyLength: Infinity,
      env: [Object],
      validateStatus: [Function: validateStatus],
      headers: [Object [AxiosHeaders]],
      method: 'get',
      url: 'https://deep-index.moralis.io/api/v2.2/0x09b54c67b180b67b76ef0012ee29cdeb1ab019a4/nft',
      params: [Object],
      data: undefined
    },
    request: ClientRequest {
      _events: [Object: null prototype],
      _eventsCount: 7,
      _maxListeners: undefined,
      outputData: [],
      outputSize: 0,
      writable: true,
      destroyed: false,
      _last: true,
      chunkedEncoding: false,
      shouldKeepAlive: false,
      maxRequestsOnConnectionReached: false,
      _defaultKeepAlive: true,
      useChunkedEncodingByDefault: false,
      sendDate: false,
      _removedConnection: false,
      _removedContLen: false,
      _removedTE: false,
      strictContentLength: false,
      _contentLength: 0,
      _hasBody: true,
      _trailer: '',
      finished: true,
      _headerSent: true,
      _closed: false,
      socket: [TLSSocket],
      _header: 'GET /api/v2.2/0x09b54c67b180b67b76ef0012ee29cdeb1ab019a4/nft?chain=0x89&format=decimal&token_addresses[]=0x823a7aa1e0a0d8648c1d19a4cdb0d21098b145ab&media_items=true HTTP/1.1\r\n' +
        'Accept: application/json, text/plain, */*\r\n' +
        'x-moralis-platform: NodeJS SDK\r\n' +
        'x-moralis-platform-version: 2.25.1\r\n' +
        'x-moralis-build-target: node\r\n' +
        'x-api-key: eyJhbGciOiJIUzI1NiIsInR5cCI6IkpXVCJ9.eyJub25jZSI6Ijk3MjlmNmY0LTA4OTQtNGZkOC04NzBkLTkyZDFmOTZhMTljMiIsIm9yZ0lkIjoiMjk1MTU4IiwidXNlcklkIjoiMzAyMTA4IiwidHlwZUlkIjoiYTAyZmNhYmQtMGY3MC00ZjQ2LTg1NmUtZmQ1YjRmOTJiMWJkIiwidHlwZSI6IlBST0pFQ1QiLCJpYXQiOjE3MTA5MTc2MDMsImV4cCI6NDg2NjY3NzYwM30.bYdWb1zCQPrKR_Mn-CHHtvfBUCK7cSIbb6TQBTiu8j8\r\n' +
        'User-Agent: axios/1.6.8\r\n' +
        'Accept-Encoding: gzip, compress, deflate, br\r\n' +
        'Host: deep-index.moralis.io\r\n' +
        'Connection: close\r\n' +
        '\r\n',
      _keepAliveTimeout: 0,
      _onPendingData: [Function: nop],
      agent: [Agent],
      socketPath: undefined,
      method: 'GET',
      maxHeaderSize: undefined,
      insecureHTTPParser: undefined,
      path: '/api/v2.2/0x09b54c67b180b67b76ef0012ee29cdeb1ab019a4/nft?chain=0x89&format=decimal&token_addresses[]=0x823a7aa1e0a0d8648c1d19a4cdb0d21098b145ab&media_items=true',
      _ended: true,
      res: [IncomingMessage],
      aborted: false,
      timeoutCb: null,
      upgradeOrConnect: false,
      parser: null,
      maxHeadersCount: null,
      reusedSocket: false,
      host: 'deep-index.moralis.io',
      protocol: 'https:',
      _redirectable: [Writable],
      [Symbol(kCapture)]: false,
      [Symbol(kBytesWritten)]: 0,
      [Symbol(kEndCalled)]: true,
      [Symbol(kNeedDrain)]: false,
      [Symbol(corked)]: 0,
      [Symbol(kOutHeaders)]: [Object: null prototype],
      [Symbol(kUniqueHeaders)]: null
    },
    response: {
      status: 401,
      statusText: 'Unauthorized',
      headers: [Object [AxiosHeaders]],
      config: [Object],
      request: [ClientRequest],
      data: [Object]
    }
  }
}
MoralisError [Moralis SDK Core Error]: [C0006] Request failed, Unauthorized(401): Invalid key
    at RequestController.makeError (/home/eskillzs/eSKILLZ/node_modules/@moralisweb3/common-core/lib/cjs/index.cjs:1224:20)
    at RequestController.<anonymous> (/home/eskillzs/eSKILLZ/node_modules/@moralisweb3/common-core/lib/cjs/index.cjs:1205:38)
    at step (/home/eskillzs/eSKILLZ/node_modules/@moralisweb3/common-core/lib/cjs/index.cjs:83:23)
    at Object.throw (/home/eskillzs/eSKILLZ/node_modules/@moralisweb3/common-core/lib/cjs/index.cjs:64:53)
    at rejected (/home/eskillzs/eSKILLZ/node_modules/@moralisweb3/common-core/lib/cjs/index.cjs:55:65)
    at runMicrotasks (<anonymous>)
    at processTicksAndRejections (node:internal/process/task_queues:96:5) {
  isMoralisError: true,
  code: 'C0006',
  details: {
    status: 401,
    response: {
      status: 401,
      statusText: 'Unauthorized',
      headers: [Object [AxiosHeaders]],
      config: [Object],
      request: [ClientRequest],
      data: [Object]
    }
  },
  [cause]: AxiosError: Request failed with status code 401
      at settle (/home/eskillzs/eSKILLZ/node_modules/@moralisweb3/common-core/node_modules/axios/dist/node/axios.cjs:1966:12)
      at IncomingMessage.handleStreamEnd (/home/eskillzs/eSKILLZ/node_modules/@moralisweb3/common-core/node_modules/axios/dist/node/axios.cjs:3065:11)
      at IncomingMessage.emit (node:events:525:35)
      at endReadableNT (node:internal/streams/readable:1358:12)
      at processTicksAndRejections (node:internal/process/task_queues:83:21)
      at Axios.request (/home/eskillzs/eSKILLZ/node_modules/@moralisweb3/common-core/node_modules/axios/dist/node/axios.cjs:3876:41)
      at runMicrotasks (<anonymous>)
      at processTicksAndRejections (node:internal/process/task_queues:96:5) {
    code: 'ERR_BAD_REQUEST',
    config: {
      transitional: [Object],
      adapter: [Array],
      transformRequest: [Array],
      transformResponse: [Array],
      timeout: 20000,
      xsrfCookieName: 'XSRF-TOKEN',
      xsrfHeaderName: 'X-XSRF-TOKEN',
      maxContentLength: Infinity,
      maxBodyLength: Infinity,
      env: [Object],
      validateStatus: [Function: validateStatus],
      headers: [Object [AxiosHeaders]],
      method: 'get',
      url: 'https://deep-index.moralis.io/api/v2.2/0x09b54c67b180b67b76ef0012ee29cdeb1ab019a4/nft',
      params: [Object],
      data: undefined
    },
    request: ClientRequest {
      _events: [Object: null prototype],
      _eventsCount: 7,
      _maxListeners: undefined,
      outputData: [],
      outputSize: 0,
      writable: true,
      destroyed: false,
      _last: true,
      chunkedEncoding: false,
      shouldKeepAlive: false,
      maxRequestsOnConnectionReached: false,
      _defaultKeepAlive: true,
      useChunkedEncodingByDefault: false,
      sendDate: false,
      _removedConnection: false,
      _removedContLen: false,
      _removedTE: false,
      strictContentLength: false,
      _contentLength: 0,
      _hasBody: true,
      _trailer: '',
      finished: true,
      _headerSent: true,
      _closed: false,
      socket: [TLSSocket],
      _header: 'GET /api/v2.2/0x09b54c67b180b67b76ef0012ee29cdeb1ab019a4/nft?chain=0x89&format=decimal&token_addresses[]=0xcd03575fd76aa553aea26812e9d68d0df5ad1ae3&media_items=true HTTP/1.1\r\n' +
        'Accept: application/json, text/plain, */*\r\n' +
        'x-moralis-platform: NodeJS SDK\r\n' +
        'x-moralis-platform-version: 2.25.1\r\n' +
        'x-moralis-build-target: node\r\n' +
        'x-api-key: eyJhbGciOiJIUzI1NiIsInR5cCI6IkpXVCJ9.eyJub25jZSI6Ijk3MjlmNmY0LTA4OTQtNGZkOC04NzBkLTkyZDFmOTZhMTljMiIsIm9yZ0lkIjoiMjk1MTU4IiwidXNlcklkIjoiMzAyMTA4IiwidHlwZUlkIjoiYTAyZmNhYmQtMGY3MC00ZjQ2LTg1NmUtZmQ1YjRmOTJiMWJkIiwidHlwZSI6IlBST0pFQ1QiLCJpYXQiOjE3MTA5MTc2MDMsImV4cCI6NDg2NjY3NzYwM30.bYdWb1zCQPrKR_Mn-CHHtvfBUCK7cSIbb6TQBTiu8j8\r\n' +
        'User-Agent: axios/1.6.8\r\n' +
        'Accept-Encoding: gzip, compress, deflate, br\r\n' +
        'Host: deep-index.moralis.io\r\n' +
        'Connection: close\r\n' +
        '\r\n',
      _keepAliveTimeout: 0,
      _onPendingData: [Function: nop],
      agent: [Agent],
      socketPath: undefined,
      method: 'GET',
      maxHeaderSize: undefined,
      insecureHTTPParser: undefined,
      path: '/api/v2.2/0x09b54c67b180b67b76ef0012ee29cdeb1ab019a4/nft?chain=0x89&format=decimal&token_addresses[]=0xcd03575fd76aa553aea26812e9d68d0df5ad1ae3&media_items=true',
      _ended: true,
      res: [IncomingMessage],
      aborted: false,
      timeoutCb: null,
      upgradeOrConnect: false,
      parser: null,
      maxHeadersCount: null,
      reusedSocket: false,
      host: 'deep-index.moralis.io',
      protocol: 'https:',
      _redirectable: [Writable],
      [Symbol(kCapture)]: false,
      [Symbol(kBytesWritten)]: 0,
      [Symbol(kEndCalled)]: true,
      [Symbol(kNeedDrain)]: false,
      [Symbol(corked)]: 0,
      [Symbol(kOutHeaders)]: [Object: null prototype],
      [Symbol(kUniqueHeaders)]: null
    },
    response: {
      status: 401,
      statusText: 'Unauthorized',
      headers: [Object [AxiosHeaders]],
      config: [Object],
      request: [ClientRequest],
      data: [Object]
    }
  }
}
MoralisError [Moralis SDK Core Error]: [C0006] Request failed, Unauthorized(401): Invalid key
    at RequestController.makeError (/home/eskillzs/eSKILLZ/node_modules/@moralisweb3/common-core/lib/cjs/index.cjs:1224:20)
    at RequestController.<anonymous> (/home/eskillzs/eSKILLZ/node_modules/@moralisweb3/common-core/lib/cjs/index.cjs:1205:38)
    at step (/home/eskillzs/eSKILLZ/node_modules/@moralisweb3/common-core/lib/cjs/index.cjs:83:23)
    at Object.throw (/home/eskillzs/eSKILLZ/node_modules/@moralisweb3/common-core/lib/cjs/index.cjs:64:53)
    at rejected (/home/eskillzs/eSKILLZ/node_modules/@moralisweb3/common-core/lib/cjs/index.cjs:55:65)
    at runMicrotasks (<anonymous>)
    at processTicksAndRejections (node:internal/process/task_queues:96:5) {
  isMoralisError: true,
  code: 'C0006',
  details: {
    status: 401,
    response: {
      status: 401,
      statusText: 'Unauthorized',
      headers: [Object [AxiosHeaders]],
      config: [Object],
      request: [ClientRequest],
      data: [Object]
    }
  },
  [cause]: AxiosError: Request failed with status code 401
      at settle (/home/eskillzs/eSKILLZ/node_modules/@moralisweb3/common-core/node_modules/axios/dist/node/axios.cjs:1966:12)
      at IncomingMessage.handleStreamEnd (/home/eskillzs/eSKILLZ/node_modules/@moralisweb3/common-core/node_modules/axios/dist/node/axios.cjs:3065:11)
      at IncomingMessage.emit (node:events:525:35)
      at endReadableNT (node:internal/streams/readable:1358:12)
      at processTicksAndRejections (node:internal/process/task_queues:83:21)
      at Axios.request (/home/eskillzs/eSKILLZ/node_modules/@moralisweb3/common-core/node_modules/axios/dist/node/axios.cjs:3876:41)
      at runMicrotasks (<anonymous>)
      at processTicksAndRejections (node:internal/process/task_queues:96:5) {
    code: 'ERR_BAD_REQUEST',
    config: {
      transitional: [Object],
      adapter: [Array],
      transformRequest: [Array],
      transformResponse: [Array],
      timeout: 20000,
      xsrfCookieName: 'XSRF-TOKEN',
      xsrfHeaderName: 'X-XSRF-TOKEN',
      maxContentLength: Infinity,
      maxBodyLength: Infinity,
      env: [Object],
      validateStatus: [Function: validateStatus],
      headers: [Object [AxiosHeaders]],
      method: 'get',
      url: 'https://deep-index.moralis.io/api/v2.2/0x09b54c67b180b67b76ef0012ee29cdeb1ab019a4/nft',
      params: [Object],
      data: undefined
    },
    request: ClientRequest {
      _events: [Object: null prototype],
      _eventsCount: 7,
      _maxListeners: undefined,
      outputData: [],
      outputSize: 0,
      writable: true,
      destroyed: false,
      _last: true,
      chunkedEncoding: false,
      shouldKeepAlive: false,
      maxRequestsOnConnectionReached: false,
      _defaultKeepAlive: true,
      useChunkedEncodingByDefault: false,
      sendDate: false,
      _removedConnection: false,
      _removedContLen: false,
      _removedTE: false,
      strictContentLength: false,
      _contentLength: 0,
      _hasBody: true,
      _trailer: '',
      finished: true,
      _headerSent: true,
      _closed: false,
      socket: [TLSSocket],
      _header: 'GET /api/v2.2/0x09b54c67b180b67b76ef0012ee29cdeb1ab019a4/nft?chain=0x89&format=decimal&token_addresses[]=0x39d007bae99bdd1e4c3cec4a58496b05330fec0a&media_items=true HTTP/1.1\r\n' +
        'Accept: application/json, text/plain, */*\r\n' +
        'x-moralis-platform: NodeJS SDK\r\n' +
        'x-moralis-platform-version: 2.25.1\r\n' +
        'x-moralis-build-target: node\r\n' +
        'x-api-key: eyJhbGciOiJIUzI1NiIsInR5cCI6IkpXVCJ9.eyJub25jZSI6Ijk3MjlmNmY0LTA4OTQtNGZkOC04NzBkLTkyZDFmOTZhMTljMiIsIm9yZ0lkIjoiMjk1MTU4IiwidXNlcklkIjoiMzAyMTA4IiwidHlwZUlkIjoiYTAyZmNhYmQtMGY3MC00ZjQ2LTg1NmUtZmQ1YjRmOTJiMWJkIiwidHlwZSI6IlBST0pFQ1QiLCJpYXQiOjE3MTA5MTc2MDMsImV4cCI6NDg2NjY3NzYwM30.bYdWb1zCQPrKR_Mn-CHHtvfBUCK7cSIbb6TQBTiu8j8\r\n' +
        'User-Agent: axios/1.6.8\r\n' +
        'Accept-Encoding: gzip, compress, deflate, br\r\n' +
        'Host: deep-index.moralis.io\r\n' +
        'Connection: close\r\n' +
        '\r\n',
      _keepAliveTimeout: 0,
      _onPendingData: [Function: nop],
      agent: [Agent],
      socketPath: undefined,
      method: 'GET',
      maxHeaderSize: undefined,
      insecureHTTPParser: undefined,
      path: '/api/v2.2/0x09b54c67b180b67b76ef0012ee29cdeb1ab019a4/nft?chain=0x89&format=decimal&token_addresses[]=0x39d007bae99bdd1e4c3cec4a58496b05330fec0a&media_items=true',
      _ended: true,
      res: [IncomingMessage],
      aborted: false,
      timeoutCb: null,
      upgradeOrConnect: false,
      parser: null,
      maxHeadersCount: null,
      reusedSocket: false,
      host: 'deep-index.moralis.io',
      protocol: 'https:',
      _redirectable: [Writable],
      [Symbol(kCapture)]: false,
      [Symbol(kBytesWritten)]: 0,
      [Symbol(kEndCalled)]: true,
      [Symbol(kNeedDrain)]: false,
      [Symbol(corked)]: 0,
      [Symbol(kOutHeaders)]: [Object: null prototype],
      [Symbol(kUniqueHeaders)]: null
    },
    response: {
      status: 401,
      statusText: 'Unauthorized',
      headers: [Object [AxiosHeaders]],
      config: [Object],
      request: [ClientRequest],
      data: [Object]
    }
  }
}
MoralisError [Moralis SDK Core Error]: [C0006] Request failed, Unauthorized(401): Invalid key
    at RequestController.makeError (/home/eskillzs/eSKILLZ/node_modules/@moralisweb3/common-core/lib/cjs/index.cjs:1224:20)
    at RequestController.<anonymous> (/home/eskillzs/eSKILLZ/node_modules/@moralisweb3/common-core/lib/cjs/index.cjs:1205:38)
    at step (/home/eskillzs/eSKILLZ/node_modules/@moralisweb3/common-core/lib/cjs/index.cjs:83:23)
    at Object.throw (/home/eskillzs/eSKILLZ/node_modules/@moralisweb3/common-core/lib/cjs/index.cjs:64:53)
    at rejected (/home/eskillzs/eSKILLZ/node_modules/@moralisweb3/common-core/lib/cjs/index.cjs:55:65)
    at runMicrotasks (<anonymous>)
    at processTicksAndRejections (node:internal/process/task_queues:96:5) {
  isMoralisError: true,
  code: 'C0006',
  details: {
    status: 401,
    response: {
      status: 401,
      statusText: 'Unauthorized',
      headers: [Object [AxiosHeaders]],
      config: [Object],
      request: [ClientRequest],
      data: [Object]
    }
  },
  [cause]: AxiosError: Request failed with status code 401
      at settle (/home/eskillzs/eSKILLZ/node_modules/@moralisweb3/common-core/node_modules/axios/dist/node/axios.cjs:1966:12)
      at IncomingMessage.handleStreamEnd (/home/eskillzs/eSKILLZ/node_modules/@moralisweb3/common-core/node_modules/axios/dist/node/axios.cjs:3065:11)
      at IncomingMessage.emit (node:events:525:35)
      at endReadableNT (node:internal/streams/readable:1358:12)
      at processTicksAndRejections (node:internal/process/task_queues:83:21)
      at Axios.request (/home/eskillzs/eSKILLZ/node_modules/@moralisweb3/common-core/node_modules/axios/dist/node/axios.cjs:3876:41)
      at runMicrotasks (<anonymous>)
      at processTicksAndRejections (node:internal/process/task_queues:96:5) {
    code: 'ERR_BAD_REQUEST',
    config: {
      transitional: [Object],
      adapter: [Array],
      transformRequest: [Array],
      transformResponse: [Array],
      timeout: 20000,
      xsrfCookieName: 'XSRF-TOKEN',
      xsrfHeaderName: 'X-XSRF-TOKEN',
      maxContentLength: Infinity,
      maxBodyLength: Infinity,
      env: [Object],
      validateStatus: [Function: validateStatus],
      headers: [Object [AxiosHeaders]],
      method: 'get',
      url: 'https://deep-index.moralis.io/api/v2.2/0x09b54c67b180b67b76ef0012ee29cdeb1ab019a4/nft',
      params: [Object],
      data: undefined
    },
    request: ClientRequest {
      _events: [Object: null prototype],
      _eventsCount: 7,
      _maxListeners: undefined,
      outputData: [],
      outputSize: 0,
      writable: true,
      destroyed: false,
      _last: true,
      chunkedEncoding: false,
      shouldKeepAlive: false,
      maxRequestsOnConnectionReached: false,
      _defaultKeepAlive: true,
      useChunkedEncodingByDefault: false,
      sendDate: false,
      _removedConnection: false,
      _removedContLen: false,
      _removedTE: false,
      strictContentLength: false,
      _contentLength: 0,
      _hasBody: true,
      _trailer: '',
      finished: true,
      _headerSent: true,
      _closed: false,
      socket: [TLSSocket],
      _header: 'GET /api/v2.2/0x09b54c67b180b67b76ef0012ee29cdeb1ab019a4/nft?chain=0x89&format=decimal&token_addresses[]=0xb61df32b42d9f5518f52093caef0f1104e2a4b04&media_items=true HTTP/1.1\r\n' +
        'Accept: application/json, text/plain, */*\r\n' +
        'x-moralis-platform: NodeJS SDK\r\n' +
        'x-moralis-platform-version: 2.25.1\r\n' +
        'x-moralis-build-target: node\r\n' +
        'x-api-key: eyJhbGciOiJIUzI1NiIsInR5cCI6IkpXVCJ9.eyJub25jZSI6Ijk3MjlmNmY0LTA4OTQtNGZkOC04NzBkLTkyZDFmOTZhMTljMiIsIm9yZ0lkIjoiMjk1MTU4IiwidXNlcklkIjoiMzAyMTA4IiwidHlwZUlkIjoiYTAyZmNhYmQtMGY3MC00ZjQ2LTg1NmUtZmQ1YjRmOTJiMWJkIiwidHlwZSI6IlBST0pFQ1QiLCJpYXQiOjE3MTA5MTc2MDMsImV4cCI6NDg2NjY3NzYwM30.bYdWb1zCQPrKR_Mn-CHHtvfBUCK7cSIbb6TQBTiu8j8\r\n' +
        'User-Agent: axios/1.6.8\r\n' +
        'Accept-Encoding: gzip, compress, deflate, br\r\n' +
        'Host: deep-index.moralis.io\r\n' +
        'Connection: close\r\n' +
        '\r\n',
      _keepAliveTimeout: 0,
      _onPendingData: [Function: nop],
      agent: [Agent],
      socketPath: undefined,
      method: 'GET',
      maxHeaderSize: undefined,
      insecureHTTPParser: undefined,
      path: '/api/v2.2/0x09b54c67b180b67b76ef0012ee29cdeb1ab019a4/nft?chain=0x89&format=decimal&token_addresses[]=0xb61df32b42d9f5518f52093caef0f1104e2a4b04&media_items=true',
      _ended: true,
      res: [IncomingMessage],
      aborted: false,
      timeoutCb: null,
      upgradeOrConnect: false,
      parser: null,
      maxHeadersCount: null,
      reusedSocket: false,
      host: 'deep-index.moralis.io',
      protocol: 'https:',
      _redirectable: [Writable],
      [Symbol(kCapture)]: false,
      [Symbol(kBytesWritten)]: 0,
      [Symbol(kEndCalled)]: true,
      [Symbol(kNeedDrain)]: false,
      [Symbol(corked)]: 0,
      [Symbol(kOutHeaders)]: [Object: null prototype],
      [Symbol(kUniqueHeaders)]: null
    },
    response: {
      status: 401,
      statusText: 'Unauthorized',
      headers: [Object [AxiosHeaders]],
      config: [Object],
      request: [ClientRequest],
      data: [Object]
    }
  }
}
MoralisError [Moralis SDK Core Error]: [C0006] Request failed, Unauthorized(401): Validation service blocked: Your plan: free-plan-daily total included usage has been consumed, please upgrade your plan here, https://moralis.io/pricing
    at RequestController.makeError (/home/eskillzs/eSKILLZ/node_modules/@moralisweb3/common-core/lib/cjs/index.cjs:1224:20)
    at RequestController.<anonymous> (/home/eskillzs/eSKILLZ/node_modules/@moralisweb3/common-core/lib/cjs/index.cjs:1205:38)
    at step (/home/eskillzs/eSKILLZ/node_modules/@moralisweb3/common-core/lib/cjs/index.cjs:83:23)
    at Object.throw (/home/eskillzs/eSKILLZ/node_modules/@moralisweb3/common-core/lib/cjs/index.cjs:64:53)
    at rejected (/home/eskillzs/eSKILLZ/node_modules/@moralisweb3/common-core/lib/cjs/index.cjs:55:65)
    at runMicrotasks (<anonymous>)
    at processTicksAndRejections (node:internal/process/task_queues:96:5) {
  isMoralisError: true,
  code: 'C0006',
  details: {
    status: 401,
    response: {
      status: 401,
      statusText: 'Unauthorized',
      headers: [Object [AxiosHeaders]],
      config: [Object],
      request: [ClientRequest],
      data: [Object]
    }
  },
  [cause]: AxiosError: Request failed with status code 401
      at settle (/home/eskillzs/eSKILLZ/node_modules/@moralisweb3/common-core/node_modules/axios/dist/node/axios.cjs:1966:12)
      at IncomingMessage.handleStreamEnd (/home/eskillzs/eSKILLZ/node_modules/@moralisweb3/common-core/node_modules/axios/dist/node/axios.cjs:3065:11)
      at IncomingMessage.emit (node:events:525:35)
      at endReadableNT (node:internal/streams/readable:1358:12)
      at processTicksAndRejections (node:internal/process/task_queues:83:21)
      at Axios.request (/home/eskillzs/eSKILLZ/node_modules/@moralisweb3/common-core/node_modules/axios/dist/node/axios.cjs:3876:41)
      at runMicrotasks (<anonymous>)
      at processTicksAndRejections (node:internal/process/task_queues:96:5) {
    code: 'ERR_BAD_REQUEST',
    config: {
      transitional: [Object],
      adapter: [Array],
      transformRequest: [Array],
      transformResponse: [Array],
      timeout: 20000,
      xsrfCookieName: 'XSRF-TOKEN',
      xsrfHeaderName: 'X-XSRF-TOKEN',
      maxContentLength: Infinity,
      maxBodyLength: Infinity,
      env: [Object],
      validateStatus: [Function: validateStatus],
      headers: [Object [AxiosHeaders]],
      method: 'get',
      url: 'https://deep-index.moralis.io/api/v2.2/0x09b54c67b180b67b76ef0012ee29cdeb1ab019a4/nft',
      params: [Object],
      data: undefined
    },
    request: ClientRequest {
      _events: [Object: null prototype],
      _eventsCount: 7,
      _maxListeners: undefined,
      outputData: [],
      outputSize: 0,
      writable: true,
      destroyed: false,
      _last: true,
      chunkedEncoding: false,
      shouldKeepAlive: false,
      maxRequestsOnConnectionReached: false,
      _defaultKeepAlive: true,
      useChunkedEncodingByDefault: false,
      sendDate: false,
      _removedConnection: false,
      _removedContLen: false,
      _removedTE: false,
      strictContentLength: false,
      _contentLength: 0,
      _hasBody: true,
      _trailer: '',
      finished: true,
      _headerSent: true,
      _closed: false,
      socket: [TLSSocket],
      _header: 'GET /api/v2.2/0x09b54c67b180b67b76ef0012ee29cdeb1ab019a4/nft?chain=0x89&format=decimal&token_addresses[]=0x531a63b59ae113adfa318b46ced64bff94989bf8&media_items=true HTTP/1.1\r\n' +
        'Accept: application/json, text/plain, */*\r\n' +
        'x-moralis-platform: NodeJS SDK\r\n' +
        'x-moralis-platform-version: 2.25.1\r\n' +
        'x-moralis-build-target: node\r\n' +
        'x-api-key: eyJhbGciOiJIUzI1NiIsInR5cCI6IkpXVCJ9.eyJub25jZSI6Ijk3MjlmNmY0LTA4OTQtNGZkOC04NzBkLTkyZDFmOTZhMTljMiIsIm9yZ0lkIjoiMjk1MTU4IiwidXNlcklkIjoiMzAyMTA4IiwidHlwZUlkIjoiYTAyZmNhYmQtMGY3MC00ZjQ2LTg1NmUtZmQ1YjRmOTJiMWJkIiwidHlwZSI6IlBST0pFQ1QiLCJpYXQiOjE3MTA5MTc2MDMsImV4cCI6NDg2NjY3NzYwM30.bYdWb1zCQPrKR_Mn-CHHtvfBUCK7cSIbb6TQBTiu8j8\r\n' +
        'User-Agent: axios/1.6.8\r\n' +
        'Accept-Encoding: gzip, compress, deflate, br\r\n' +
        'Host: deep-index.moralis.io\r\n' +
        'Connection: close\r\n' +
        '\r\n',
      _keepAliveTimeout: 0,
      _onPendingData: [Function: nop],
      agent: [Agent],
      socketPath: undefined,
      method: 'GET',
      maxHeaderSize: undefined,
      insecureHTTPParser: undefined,
      path: '/api/v2.2/0x09b54c67b180b67b76ef0012ee29cdeb1ab019a4/nft?chain=0x89&format=decimal&token_addresses[]=0x531a63b59ae113adfa318b46ced64bff94989bf8&media_items=true',
      _ended: true,
      res: [IncomingMessage],
      aborted: false,
      timeoutCb: null,
      upgradeOrConnect: false,
      parser: null,
      maxHeadersCount: null,
      reusedSocket: false,
      host: 'deep-index.moralis.io',
      protocol: 'https:',
      _redirectable: [Writable],
      [Symbol(kCapture)]: false,
      [Symbol(kBytesWritten)]: 0,
      [Symbol(kEndCalled)]: true,
      [Symbol(kNeedDrain)]: false,
      [Symbol(corked)]: 0,
      [Symbol(kOutHeaders)]: [Object: null prototype],
      [Symbol(kUniqueHeaders)]: null
    },
    response: {
      status: 401,
      statusText: 'Unauthorized',
      headers: [Object [AxiosHeaders]],
      config: [Object],
      request: [ClientRequest],
      data: [Object]
    }
  }
}
MoralisError [Moralis SDK Core Error]: [C0006] Request failed, Unauthorized(401): Invalid key
    at RequestController.makeError (/home/eskillzs/eSKILLZ/node_modules/@moralisweb3/common-core/lib/cjs/index.cjs:1224:20)
    at RequestController.<anonymous> (/home/eskillzs/eSKILLZ/node_modules/@moralisweb3/common-core/lib/cjs/index.cjs:1205:38)
    at step (/home/eskillzs/eSKILLZ/node_modules/@moralisweb3/common-core/lib/cjs/index.cjs:83:23)
    at Object.throw (/home/eskillzs/eSKILLZ/node_modules/@moralisweb3/common-core/lib/cjs/index.cjs:64:53)
    at rejected (/home/eskillzs/eSKILLZ/node_modules/@moralisweb3/common-core/lib/cjs/index.cjs:55:65)
    at runMicrotasks (<anonymous>)
    at processTicksAndRejections (node:internal/process/task_queues:96:5) {
  isMoralisError: true,
  code: 'C0006',
  details: {
    status: 401,
    response: {
      status: 401,
      statusText: 'Unauthorized',
      headers: [Object [AxiosHeaders]],
      config: [Object],
      request: [ClientRequest],
      data: [Object]
    }
  },
  [cause]: AxiosError: Request failed with status code 401
      at settle (/home/eskillzs/eSKILLZ/node_modules/@moralisweb3/common-core/node_modules/axios/dist/node/axios.cjs:1966:12)
      at IncomingMessage.handleStreamEnd (/home/eskillzs/eSKILLZ/node_modules/@moralisweb3/common-core/node_modules/axios/dist/node/axios.cjs:3065:11)
      at IncomingMessage.emit (node:events:525:35)
      at endReadableNT (node:internal/streams/readable:1358:12)
      at processTicksAndRejections (node:internal/process/task_queues:83:21)
      at Axios.request (/home/eskillzs/eSKILLZ/node_modules/@moralisweb3/common-core/node_modules/axios/dist/node/axios.cjs:3876:41)
      at runMicrotasks (<anonymous>)
      at processTicksAndRejections (node:internal/process/task_queues:96:5) {
    code: 'ERR_BAD_REQUEST',
    config: {
      transitional: [Object],
      adapter: [Array],
      transformRequest: [Array],
      transformResponse: [Array],
      timeout: 20000,
      xsrfCookieName: 'XSRF-TOKEN',
      xsrfHeaderName: 'X-XSRF-TOKEN',
      maxContentLength: Infinity,
      maxBodyLength: Infinity,
      env: [Object],
      validateStatus: [Function: validateStatus],
      headers: [Object [AxiosHeaders]],
      method: 'get',
      url: 'https://deep-index.moralis.io/api/v2.2/0x09b54c67b180b67b76ef0012ee29cdeb1ab019a4/nft',
      params: [Object],
      data: undefined
    },
    request: ClientRequest {
      _events: [Object: null prototype],
      _eventsCount: 7,
      _maxListeners: undefined,
      outputData: [],
      outputSize: 0,
      writable: true,
      destroyed: false,
      _last: true,
      chunkedEncoding: false,
      shouldKeepAlive: false,
      maxRequestsOnConnectionReached: false,
      _defaultKeepAlive: true,
      useChunkedEncodingByDefault: false,
      sendDate: false,
      _removedConnection: false,
      _removedContLen: false,
      _removedTE: false,
      strictContentLength: false,
      _contentLength: 0,
      _hasBody: true,
      _trailer: '',
      finished: true,
      _headerSent: true,
      _closed: false,
      socket: [TLSSocket],
      _header: 'GET /api/v2.2/0x09b54c67b180b67b76ef0012ee29cdeb1ab019a4/nft?chain=0x89&format=decimal&token_addresses[]=0xd9095c42fab1f40a7f376078431ab984776ace95&media_items=true HTTP/1.1\r\n' +
        'Accept: application/json, text/plain, */*\r\n' +
        'x-moralis-platform: NodeJS SDK\r\n' +
        'x-moralis-platform-version: 2.25.1\r\n' +
        'x-moralis-build-target: node\r\n' +
        'x-api-key: eyJhbGciOiJIUzI1NiIsInR5cCI6IkpXVCJ9.eyJub25jZSI6Ijk3MjlmNmY0LTA4OTQtNGZkOC04NzBkLTkyZDFmOTZhMTljMiIsIm9yZ0lkIjoiMjk1MTU4IiwidXNlcklkIjoiMzAyMTA4IiwidHlwZUlkIjoiYTAyZmNhYmQtMGY3MC00ZjQ2LTg1NmUtZmQ1YjRmOTJiMWJkIiwidHlwZSI6IlBST0pFQ1QiLCJpYXQiOjE3MTA5MTc2MDMsImV4cCI6NDg2NjY3NzYwM30.bYdWb1zCQPrKR_Mn-CHHtvfBUCK7cSIbb6TQBTiu8j8\r\n' +
        'User-Agent: axios/1.6.8\r\n' +
        'Accept-Encoding: gzip, compress, deflate, br\r\n' +
        'Host: deep-index.moralis.io\r\n' +
        'Connection: close\r\n' +
        '\r\n',
      _keepAliveTimeout: 0,
      _onPendingData: [Function: nop],
      agent: [Agent],
      socketPath: undefined,
      method: 'GET',
      maxHeaderSize: undefined,
      insecureHTTPParser: undefined,
      path: '/api/v2.2/0x09b54c67b180b67b76ef0012ee29cdeb1ab019a4/nft?chain=0x89&format=decimal&token_addresses[]=0xd9095c42fab1f40a7f376078431ab984776ace95&media_items=true',
      _ended: true,
      res: [IncomingMessage],
      aborted: false,
      timeoutCb: null,
      upgradeOrConnect: false,
      parser: null,
      maxHeadersCount: null,
      reusedSocket: false,
      host: 'deep-index.moralis.io',
      protocol: 'https:',
      _redirectable: [Writable],
      [Symbol(kCapture)]: false,
      [Symbol(kBytesWritten)]: 0,
      [Symbol(kEndCalled)]: true,
      [Symbol(kNeedDrain)]: false,
      [Symbol(corked)]: 0,
      [Symbol(kOutHeaders)]: [Object: null prototype],
      [Symbol(kUniqueHeaders)]: null
    },
    response: {
      status: 401,
      statusText: 'Unauthorized',
      headers: [Object [AxiosHeaders]],
      config: [Object],
      request: [ClientRequest],
      data: [Object]
    }
  }
}
MoralisError [Moralis SDK Core Error]: [C0006] Request failed, Unauthorized(401): Invalid key
    at RequestController.makeError (/home/eskillzs/eSKILLZ/node_modules/@moralisweb3/common-core/lib/cjs/index.cjs:1224:20)
    at RequestController.<anonymous> (/home/eskillzs/eSKILLZ/node_modules/@moralisweb3/common-core/lib/cjs/index.cjs:1205:38)
    at step (/home/eskillzs/eSKILLZ/node_modules/@moralisweb3/common-core/lib/cjs/index.cjs:83:23)
    at Object.throw (/home/eskillzs/eSKILLZ/node_modules/@moralisweb3/common-core/lib/cjs/index.cjs:64:53)
    at rejected (/home/eskillzs/eSKILLZ/node_modules/@moralisweb3/common-core/lib/cjs/index.cjs:55:65)
    at runMicrotasks (<anonymous>)
    at processTicksAndRejections (node:internal/process/task_queues:96:5) {
  isMoralisError: true,
  code: 'C0006',
  details: {
    status: 401,
    response: {
      status: 401,
      statusText: 'Unauthorized',
      headers: [Object [AxiosHeaders]],
      config: [Object],
      request: [ClientRequest],
      data: [Object]
    }
  },
  [cause]: AxiosError: Request failed with status code 401
      at settle (/home/eskillzs/eSKILLZ/node_modules/@moralisweb3/common-core/node_modules/axios/dist/node/axios.cjs:1966:12)
      at IncomingMessage.handleStreamEnd (/home/eskillzs/eSKILLZ/node_modules/@moralisweb3/common-core/node_modules/axios/dist/node/axios.cjs:3065:11)
      at IncomingMessage.emit (node:events:525:35)
      at endReadableNT (node:internal/streams/readable:1358:12)
      at processTicksAndRejections (node:internal/process/task_queues:83:21)
      at Axios.request (/home/eskillzs/eSKILLZ/node_modules/@moralisweb3/common-core/node_modules/axios/dist/node/axios.cjs:3876:41)
      at runMicrotasks (<anonymous>)
      at processTicksAndRejections (node:internal/process/task_queues:96:5) {
    code: 'ERR_BAD_REQUEST',
    config: {
      transitional: [Object],
      adapter: [Array],
      transformRequest: [Array],
      transformResponse: [Array],
      timeout: 20000,
      xsrfCookieName: 'XSRF-TOKEN',
      xsrfHeaderName: 'X-XSRF-TOKEN',
      maxContentLength: Infinity,
      maxBodyLength: Infinity,
      env: [Object],
      validateStatus: [Function: validateStatus],
      headers: [Object [AxiosHeaders]],
      method: 'get',
      url: 'https://deep-index.moralis.io/api/v2.2/0x09b54c67b180b67b76ef0012ee29cdeb1ab019a4/nft',
      params: [Object],
      data: undefined
    },
    request: ClientRequest {
      _events: [Object: null prototype],
      _eventsCount: 7,
      _maxListeners: undefined,
      outputData: [],
      outputSize: 0,
      writable: true,
      destroyed: false,
      _last: true,
      chunkedEncoding: false,
      shouldKeepAlive: false,
      maxRequestsOnConnectionReached: false,
      _defaultKeepAlive: true,
      useChunkedEncodingByDefault: false,
      sendDate: false,
      _removedConnection: false,
      _removedContLen: false,
      _removedTE: false,
      strictContentLength: false,
      _contentLength: 0,
      _hasBody: true,
      _trailer: '',
      finished: true,
      _headerSent: true,
      _closed: false,
      socket: [TLSSocket],
      _header: 'GET /api/v2.2/0x09b54c67b180b67b76ef0012ee29cdeb1ab019a4/nft?chain=0x89&format=decimal&token_addresses[]=0xc7e269fe785d5def61c29c91dc254067f75568be&media_items=true HTTP/1.1\r\n' +
        'Accept: application/json, text/plain, */*\r\n' +
        'x-moralis-platform: NodeJS SDK\r\n' +
        'x-moralis-platform-version: 2.25.1\r\n' +
        'x-moralis-build-target: node\r\n' +
        'x-api-key: eyJhbGciOiJIUzI1NiIsInR5cCI6IkpXVCJ9.eyJub25jZSI6Ijk3MjlmNmY0LTA4OTQtNGZkOC04NzBkLTkyZDFmOTZhMTljMiIsIm9yZ0lkIjoiMjk1MTU4IiwidXNlcklkIjoiMzAyMTA4IiwidHlwZUlkIjoiYTAyZmNhYmQtMGY3MC00ZjQ2LTg1NmUtZmQ1YjRmOTJiMWJkIiwidHlwZSI6IlBST0pFQ1QiLCJpYXQiOjE3MTA5MTc2MDMsImV4cCI6NDg2NjY3NzYwM30.bYdWb1zCQPrKR_Mn-CHHtvfBUCK7cSIbb6TQBTiu8j8\r\n' +
        'User-Agent: axios/1.6.8\r\n' +
        'Accept-Encoding: gzip, compress, deflate, br\r\n' +
        'Host: deep-index.moralis.io\r\n' +
        'Connection: close\r\n' +
        '\r\n',
      _keepAliveTimeout: 0,
      _onPendingData: [Function: nop],
      agent: [Agent],
      socketPath: undefined,
      method: 'GET',
      maxHeaderSize: undefined,
      insecureHTTPParser: undefined,
      path: '/api/v2.2/0x09b54c67b180b67b76ef0012ee29cdeb1ab019a4/nft?chain=0x89&format=decimal&token_addresses[]=0xc7e269fe785d5def61c29c91dc254067f75568be&media_items=true',
      _ended: true,
      res: [IncomingMessage],
      aborted: false,
      timeoutCb: null,
      upgradeOrConnect: false,
      parser: null,
      maxHeadersCount: null,
      reusedSocket: false,
      host: 'deep-index.moralis.io',
      protocol: 'https:',
      _redirectable: [Writable],
      [Symbol(kCapture)]: false,
      [Symbol(kBytesWritten)]: 0,
      [Symbol(kEndCalled)]: true,
      [Symbol(kNeedDrain)]: false,
      [Symbol(corked)]: 0,
      [Symbol(kOutHeaders)]: [Object: null prototype],
      [Symbol(kUniqueHeaders)]: null
    },
    response: {
      status: 401,
      statusText: 'Unauthorized',
      headers: [Object [AxiosHeaders]],
      config: [Object],
      request: [ClientRequest],
      data: [Object]
    }
  }
}
MoralisError [Moralis SDK Core Error]: [C0006] Request failed, Unauthorized(401): Invalid key
    at RequestController.makeError (/home/eskillzs/eSKILLZ/node_modules/@moralisweb3/common-core/lib/cjs/index.cjs:1224:20)
    at RequestController.<anonymous> (/home/eskillzs/eSKILLZ/node_modules/@moralisweb3/common-core/lib/cjs/index.cjs:1205:38)
    at step (/home/eskillzs/eSKILLZ/node_modules/@moralisweb3/common-core/lib/cjs/index.cjs:83:23)
    at Object.throw (/home/eskillzs/eSKILLZ/node_modules/@moralisweb3/common-core/lib/cjs/index.cjs:64:53)
    at rejected (/home/eskillzs/eSKILLZ/node_modules/@moralisweb3/common-core/lib/cjs/index.cjs:55:65)
    at runMicrotasks (<anonymous>)
    at processTicksAndRejections (node:internal/process/task_queues:96:5) {
  isMoralisError: true,
  code: 'C0006',
  details: {
    status: 401,
    response: {
      status: 401,
      statusText: 'Unauthorized',
      headers: [Object [AxiosHeaders]],
      config: [Object],
      request: [ClientRequest],
      data: [Object]
    }
  },
  [cause]: AxiosError: Request failed with status code 401
      at settle (/home/eskillzs/eSKILLZ/node_modules/@moralisweb3/common-core/node_modules/axios/dist/node/axios.cjs:1966:12)
      at IncomingMessage.handleStreamEnd (/home/eskillzs/eSKILLZ/node_modules/@moralisweb3/common-core/node_modules/axios/dist/node/axios.cjs:3065:11)
      at IncomingMessage.emit (node:events:525:35)
      at endReadableNT (node:internal/streams/readable:1358:12)
      at processTicksAndRejections (node:internal/process/task_queues:83:21)
      at Axios.request (/home/eskillzs/eSKILLZ/node_modules/@moralisweb3/common-core/node_modules/axios/dist/node/axios.cjs:3876:41)
      at runMicrotasks (<anonymous>)
      at processTicksAndRejections (node:internal/process/task_queues:96:5) {
    code: 'ERR_BAD_REQUEST',
    config: {
      transitional: [Object],
      adapter: [Array],
      transformRequest: [Array],
      transformResponse: [Array],
      timeout: 20000,
      xsrfCookieName: 'XSRF-TOKEN',
      xsrfHeaderName: 'X-XSRF-TOKEN',
      maxContentLength: Infinity,
      maxBodyLength: Infinity,
      env: [Object],
      validateStatus: [Function: validateStatus],
      headers: [Object [AxiosHeaders]],
      method: 'get',
      url: 'https://deep-index.moralis.io/api/v2.2/0x09b54c67b180b67b76ef0012ee29cdeb1ab019a4/nft',
      params: [Object],
      data: undefined
    },
    request: ClientRequest {
      _events: [Object: null prototype],
      _eventsCount: 7,
      _maxListeners: undefined,
      outputData: [],
      outputSize: 0,
      writable: true,
      destroyed: false,
      _last: true,
      chunkedEncoding: false,
      shouldKeepAlive: false,
      maxRequestsOnConnectionReached: false,
      _defaultKeepAlive: true,
      useChunkedEncodingByDefault: false,
      sendDate: false,
      _removedConnection: false,
      _removedContLen: false,
      _removedTE: false,
      strictContentLength: false,
      _contentLength: 0,
      _hasBody: true,
      _trailer: '',
      finished: true,
      _headerSent: true,
      _closed: false,
      socket: [TLSSocket],
      _header: 'GET /api/v2.2/0x09b54c67b180b67b76ef0012ee29cdeb1ab019a4/nft?chain=0x89&format=decimal&token_addresses[]=0x072612df4b37004f6f27cf1a03ba3966e1774685&media_items=true HTTP/1.1\r\n' +
        'Accept: application/json, text/plain, */*\r\n' +
        'x-moralis-platform: NodeJS SDK\r\n' +
        'x-moralis-platform-version: 2.25.1\r\n' +
        'x-moralis-build-target: node\r\n' +
        'x-api-key: eyJhbGciOiJIUzI1NiIsInR5cCI6IkpXVCJ9.eyJub25jZSI6Ijk3MjlmNmY0LTA4OTQtNGZkOC04NzBkLTkyZDFmOTZhMTljMiIsIm9yZ0lkIjoiMjk1MTU4IiwidXNlcklkIjoiMzAyMTA4IiwidHlwZUlkIjoiYTAyZmNhYmQtMGY3MC00ZjQ2LTg1NmUtZmQ1YjRmOTJiMWJkIiwidHlwZSI6IlBST0pFQ1QiLCJpYXQiOjE3MTA5MTc2MDMsImV4cCI6NDg2NjY3NzYwM30.bYdWb1zCQPrKR_Mn-CHHtvfBUCK7cSIbb6TQBTiu8j8\r\n' +
        'User-Agent: axios/1.6.8\r\n' +
        'Accept-Encoding: gzip, compress, deflate, br\r\n' +
        'Host: deep-index.moralis.io\r\n' +
        'Connection: close\r\n' +
        '\r\n',
      _keepAliveTimeout: 0,
      _onPendingData: [Function: nop],
      agent: [Agent],
      socketPath: undefined,
      method: 'GET',
      maxHeaderSize: undefined,
      insecureHTTPParser: undefined,
      path: '/api/v2.2/0x09b54c67b180b67b76ef0012ee29cdeb1ab019a4/nft?chain=0x89&format=decimal&token_addresses[]=0x072612df4b37004f6f27cf1a03ba3966e1774685&media_items=true',
      _ended: true,
      res: [IncomingMessage],
      aborted: false,
      timeoutCb: null,
      upgradeOrConnect: false,
      parser: null,
      maxHeadersCount: null,
      reusedSocket: false,
      host: 'deep-index.moralis.io',
      protocol: 'https:',
      _redirectable: [Writable],
      [Symbol(kCapture)]: false,
      [Symbol(kBytesWritten)]: 0,
      [Symbol(kEndCalled)]: true,
      [Symbol(kNeedDrain)]: false,
      [Symbol(corked)]: 0,
      [Symbol(kOutHeaders)]: [Object: null prototype],
      [Symbol(kUniqueHeaders)]: null
    },
    response: {
      status: 401,
      statusText: 'Unauthorized',
      headers: [Object [AxiosHeaders]],
      config: [Object],
      request: [ClientRequest],
      data: [Object]
    }
  }
}
MoralisError [Moralis SDK Core Error]: [C0006] Request failed, Unauthorized(401): Invalid key
    at RequestController.makeError (/home/eskillzs/eSKILLZ/node_modules/@moralisweb3/common-core/lib/cjs/index.cjs:1224:20)
    at RequestController.<anonymous> (/home/eskillzs/eSKILLZ/node_modules/@moralisweb3/common-core/lib/cjs/index.cjs:1205:38)
    at step (/home/eskillzs/eSKILLZ/node_modules/@moralisweb3/common-core/lib/cjs/index.cjs:83:23)
    at Object.throw (/home/eskillzs/eSKILLZ/node_modules/@moralisweb3/common-core/lib/cjs/index.cjs:64:53)
    at rejected (/home/eskillzs/eSKILLZ/node_modules/@moralisweb3/common-core/lib/cjs/index.cjs:55:65)
    at runMicrotasks (<anonymous>)
    at processTicksAndRejections (node:internal/process/task_queues:96:5) {
  isMoralisError: true,
  code: 'C0006',
  details: {
    status: 401,
    response: {
      status: 401,
      statusText: 'Unauthorized',
      headers: [Object [AxiosHeaders]],
      config: [Object],
      request: [ClientRequest],
      data: [Object]
    }
  },
  [cause]: AxiosError: Request failed with status code 401
      at settle (/home/eskillzs/eSKILLZ/node_modules/@moralisweb3/common-core/node_modules/axios/dist/node/axios.cjs:1966:12)
      at IncomingMessage.handleStreamEnd (/home/eskillzs/eSKILLZ/node_modules/@moralisweb3/common-core/node_modules/axios/dist/node/axios.cjs:3065:11)
      at IncomingMessage.emit (node:events:525:35)
      at endReadableNT (node:internal/streams/readable:1358:12)
      at processTicksAndRejections (node:internal/process/task_queues:83:21)
      at Axios.request (/home/eskillzs/eSKILLZ/node_modules/@moralisweb3/common-core/node_modules/axios/dist/node/axios.cjs:3876:41)
      at runMicrotasks (<anonymous>)
      at processTicksAndRejections (node:internal/process/task_queues:96:5) {
    code: 'ERR_BAD_REQUEST',
    config: {
      transitional: [Object],
      adapter: [Array],
      transformRequest: [Array],
      transformResponse: [Array],
      timeout: 20000,
      xsrfCookieName: 'XSRF-TOKEN',
      xsrfHeaderName: 'X-XSRF-TOKEN',
      maxContentLength: Infinity,
      maxBodyLength: Infinity,
      env: [Object],
      validateStatus: [Function: validateStatus],
      headers: [Object [AxiosHeaders]],
      method: 'get',
      url: 'https://deep-index.moralis.io/api/v2.2/0x09b54c67b180b67b76ef0012ee29cdeb1ab019a4/nft',
      params: [Object],
      data: undefined
    },
    request: ClientRequest {
      _events: [Object: null prototype],
      _eventsCount: 7,
      _maxListeners: undefined,
      outputData: [],
      outputSize: 0,
      writable: true,
      destroyed: false,
      _last: true,
      chunkedEncoding: false,
      shouldKeepAlive: false,
      maxRequestsOnConnectionReached: false,
      _defaultKeepAlive: true,
      useChunkedEncodingByDefault: false,
      sendDate: false,
      _removedConnection: false,
      _removedContLen: false,
      _removedTE: false,
      strictContentLength: false,
      _contentLength: 0,
      _hasBody: true,
      _trailer: '',
      finished: true,
      _headerSent: true,
      _closed: false,
      socket: [TLSSocket],
      _header: 'GET /api/v2.2/0x09b54c67b180b67b76ef0012ee29cdeb1ab019a4/nft?chain=0x89&format=decimal&token_addresses[]=0x823a7aa1e0a0d8648c1d19a4cdb0d21098b145ab&media_items=true HTTP/1.1\r\n' +
        'Accept: application/json, text/plain, */*\r\n' +
        'x-moralis-platform: NodeJS SDK\r\n' +
        'x-moralis-platform-version: 2.25.1\r\n' +
        'x-moralis-build-target: node\r\n' +
        'x-api-key: eyJhbGciOiJIUzI1NiIsInR5cCI6IkpXVCJ9.eyJub25jZSI6Ijk3MjlmNmY0LTA4OTQtNGZkOC04NzBkLTkyZDFmOTZhMTljMiIsIm9yZ0lkIjoiMjk1MTU4IiwidXNlcklkIjoiMzAyMTA4IiwidHlwZUlkIjoiYTAyZmNhYmQtMGY3MC00ZjQ2LTg1NmUtZmQ1YjRmOTJiMWJkIiwidHlwZSI6IlBST0pFQ1QiLCJpYXQiOjE3MTA5MTc2MDMsImV4cCI6NDg2NjY3NzYwM30.bYdWb1zCQPrKR_Mn-CHHtvfBUCK7cSIbb6TQBTiu8j8\r\n' +
        'User-Agent: axios/1.6.8\r\n' +
        'Accept-Encoding: gzip, compress, deflate, br\r\n' +
        'Host: deep-index.moralis.io\r\n' +
        'Connection: close\r\n' +
        '\r\n',
      _keepAliveTimeout: 0,
      _onPendingData: [Function: nop],
      agent: [Agent],
      socketPath: undefined,
      method: 'GET',
      maxHeaderSize: undefined,
      insecureHTTPParser: undefined,
      path: '/api/v2.2/0x09b54c67b180b67b76ef0012ee29cdeb1ab019a4/nft?chain=0x89&format=decimal&token_addresses[]=0x823a7aa1e0a0d8648c1d19a4cdb0d21098b145ab&media_items=true',
      _ended: true,
      res: [IncomingMessage],
      aborted: false,
      timeoutCb: null,
      upgradeOrConnect: false,
      parser: null,
      maxHeadersCount: null,
      reusedSocket: false,
      host: 'deep-index.moralis.io',
      protocol: 'https:',
      _redirectable: [Writable],
      [Symbol(kCapture)]: false,
      [Symbol(kBytesWritten)]: 0,
      [Symbol(kEndCalled)]: true,
      [Symbol(kNeedDrain)]: false,
      [Symbol(corked)]: 0,
      [Symbol(kOutHeaders)]: [Object: null prototype],
      [Symbol(kUniqueHeaders)]: null
    },
    response: {
      status: 401,
      statusText: 'Unauthorized',
      headers: [Object [AxiosHeaders]],
      config: [Object],
      request: [ClientRequest],
      data: [Object]
    }
  }
}
MoralisError [Moralis SDK Core Error]: [C0006] Request failed, Unauthorized(401): Invalid key
    at RequestController.makeError (/home/eskillzs/eSKILLZ/node_modules/@moralisweb3/common-core/lib/cjs/index.cjs:1224:20)
    at RequestController.<anonymous> (/home/eskillzs/eSKILLZ/node_modules/@moralisweb3/common-core/lib/cjs/index.cjs:1205:38)
    at step (/home/eskillzs/eSKILLZ/node_modules/@moralisweb3/common-core/lib/cjs/index.cjs:83:23)
    at Object.throw (/home/eskillzs/eSKILLZ/node_modules/@moralisweb3/common-core/lib/cjs/index.cjs:64:53)
    at rejected (/home/eskillzs/eSKILLZ/node_modules/@moralisweb3/common-core/lib/cjs/index.cjs:55:65)
    at runMicrotasks (<anonymous>)
    at processTicksAndRejections (node:internal/process/task_queues:96:5) {
  isMoralisError: true,
  code: 'C0006',
  details: {
    status: 401,
    response: {
      status: 401,
      statusText: 'Unauthorized',
      headers: [Object [AxiosHeaders]],
      config: [Object],
      request: [ClientRequest],
      data: [Object]
    }
  },
  [cause]: AxiosError: Request failed with status code 401
      at settle (/home/eskillzs/eSKILLZ/node_modules/@moralisweb3/common-core/node_modules/axios/dist/node/axios.cjs:1966:12)
      at IncomingMessage.handleStreamEnd (/home/eskillzs/eSKILLZ/node_modules/@moralisweb3/common-core/node_modules/axios/dist/node/axios.cjs:3065:11)
      at IncomingMessage.emit (node:events:525:35)
      at endReadableNT (node:internal/streams/readable:1358:12)
      at processTicksAndRejections (node:internal/process/task_queues:83:21)
      at Axios.request (/home/eskillzs/eSKILLZ/node_modules/@moralisweb3/common-core/node_modules/axios/dist/node/axios.cjs:3876:41)
      at runMicrotasks (<anonymous>)
      at processTicksAndRejections (node:internal/process/task_queues:96:5) {
    code: 'ERR_BAD_REQUEST',
    config: {
      transitional: [Object],
      adapter: [Array],
      transformRequest: [Array],
      transformResponse: [Array],
      timeout: 20000,
      xsrfCookieName: 'XSRF-TOKEN',
      xsrfHeaderName: 'X-XSRF-TOKEN',
      maxContentLength: Infinity,
      maxBodyLength: Infinity,
      env: [Object],
      validateStatus: [Function: validateStatus],
      headers: [Object [AxiosHeaders]],
      method: 'get',
      url: 'https://deep-index.moralis.io/api/v2.2/0x09b54c67b180b67b76ef0012ee29cdeb1ab019a4/nft',
      params: [Object],
      data: undefined
    },
    request: ClientRequest {
      _events: [Object: null prototype],
      _eventsCount: 7,
      _maxListeners: undefined,
      outputData: [],
      outputSize: 0,
      writable: true,
      destroyed: false,
      _last: true,
      chunkedEncoding: false,
      shouldKeepAlive: false,
      maxRequestsOnConnectionReached: false,
      _defaultKeepAlive: true,
      useChunkedEncodingByDefault: false,
      sendDate: false,
      _removedConnection: false,
      _removedContLen: false,
      _removedTE: false,
      strictContentLength: false,
      _contentLength: 0,
      _hasBody: true,
      _trailer: '',
      finished: true,
      _headerSent: true,
      _closed: false,
      socket: [TLSSocket],
      _header: 'GET /api/v2.2/0x09b54c67b180b67b76ef0012ee29cdeb1ab019a4/nft?chain=0x89&format=decimal&token_addresses[]=0xcd03575fd76aa553aea26812e9d68d0df5ad1ae3&media_items=true HTTP/1.1\r\n' +
        'Accept: application/json, text/plain, */*\r\n' +
        'x-moralis-platform: NodeJS SDK\r\n' +
        'x-moralis-platform-version: 2.25.1\r\n' +
        'x-moralis-build-target: node\r\n' +
        'x-api-key: eyJhbGciOiJIUzI1NiIsInR5cCI6IkpXVCJ9.eyJub25jZSI6Ijk3MjlmNmY0LTA4OTQtNGZkOC04NzBkLTkyZDFmOTZhMTljMiIsIm9yZ0lkIjoiMjk1MTU4IiwidXNlcklkIjoiMzAyMTA4IiwidHlwZUlkIjoiYTAyZmNhYmQtMGY3MC00ZjQ2LTg1NmUtZmQ1YjRmOTJiMWJkIiwidHlwZSI6IlBST0pFQ1QiLCJpYXQiOjE3MTA5MTc2MDMsImV4cCI6NDg2NjY3NzYwM30.bYdWb1zCQPrKR_Mn-CHHtvfBUCK7cSIbb6TQBTiu8j8\r\n' +
        'User-Agent: axios/1.6.8\r\n' +
        'Accept-Encoding: gzip, compress, deflate, br\r\n' +
        'Host: deep-index.moralis.io\r\n' +
        'Connection: close\r\n' +
        '\r\n',
      _keepAliveTimeout: 0,
      _onPendingData: [Function: nop],
      agent: [Agent],
      socketPath: undefined,
      method: 'GET',
      maxHeaderSize: undefined,
      insecureHTTPParser: undefined,
      path: '/api/v2.2/0x09b54c67b180b67b76ef0012ee29cdeb1ab019a4/nft?chain=0x89&format=decimal&token_addresses[]=0xcd03575fd76aa553aea26812e9d68d0df5ad1ae3&media_items=true',
      _ended: true,
      res: [IncomingMessage],
      aborted: false,
      timeoutCb: null,
      upgradeOrConnect: false,
      parser: null,
      maxHeadersCount: null,
      reusedSocket: false,
      host: 'deep-index.moralis.io',
      protocol: 'https:',
      _redirectable: [Writable],
      [Symbol(kCapture)]: false,
      [Symbol(kBytesWritten)]: 0,
      [Symbol(kEndCalled)]: true,
      [Symbol(kNeedDrain)]: false,
      [Symbol(corked)]: 0,
      [Symbol(kOutHeaders)]: [Object: null prototype],
      [Symbol(kUniqueHeaders)]: null
    },
    response: {
      status: 401,
      statusText: 'Unauthorized',
      headers: [Object [AxiosHeaders]],
      config: [Object],
      request: [ClientRequest],
      data: [Object]
    }
  }
}
MoralisError [Moralis SDK Core Error]: [C0006] Request failed, Unauthorized(401): Invalid key
    at RequestController.makeError (/home/eskillzs/eSKILLZ/node_modules/@moralisweb3/common-core/lib/cjs/index.cjs:1224:20)
    at RequestController.<anonymous> (/home/eskillzs/eSKILLZ/node_modules/@moralisweb3/common-core/lib/cjs/index.cjs:1205:38)
    at step (/home/eskillzs/eSKILLZ/node_modules/@moralisweb3/common-core/lib/cjs/index.cjs:83:23)
    at Object.throw (/home/eskillzs/eSKILLZ/node_modules/@moralisweb3/common-core/lib/cjs/index.cjs:64:53)
    at rejected (/home/eskillzs/eSKILLZ/node_modules/@moralisweb3/common-core/lib/cjs/index.cjs:55:65)
    at runMicrotasks (<anonymous>)
    at processTicksAndRejections (node:internal/process/task_queues:96:5) {
  isMoralisError: true,
  code: 'C0006',
  details: {
    status: 401,
    response: {
      status: 401,
      statusText: 'Unauthorized',
      headers: [Object [AxiosHeaders]],
      config: [Object],
      request: [ClientRequest],
      data: [Object]
    }
  },
  [cause]: AxiosError: Request failed with status code 401
      at settle (/home/eskillzs/eSKILLZ/node_modules/@moralisweb3/common-core/node_modules/axios/dist/node/axios.cjs:1966:12)
      at IncomingMessage.handleStreamEnd (/home/eskillzs/eSKILLZ/node_modules/@moralisweb3/common-core/node_modules/axios/dist/node/axios.cjs:3065:11)
      at IncomingMessage.emit (node:events:525:35)
      at endReadableNT (node:internal/streams/readable:1358:12)
      at processTicksAndRejections (node:internal/process/task_queues:83:21)
      at Axios.request (/home/eskillzs/eSKILLZ/node_modules/@moralisweb3/common-core/node_modules/axios/dist/node/axios.cjs:3876:41)
      at runMicrotasks (<anonymous>)
      at processTicksAndRejections (node:internal/process/task_queues:96:5) {
    code: 'ERR_BAD_REQUEST',
    config: {
      transitional: [Object],
      adapter: [Array],
      transformRequest: [Array],
      transformResponse: [Array],
      timeout: 20000,
      xsrfCookieName: 'XSRF-TOKEN',
      xsrfHeaderName: 'X-XSRF-TOKEN',
      maxContentLength: Infinity,
      maxBodyLength: Infinity,
      env: [Object],
      validateStatus: [Function: validateStatus],
      headers: [Object [AxiosHeaders]],
      method: 'get',
      url: 'https://deep-index.moralis.io/api/v2.2/0x09b54c67b180b67b76ef0012ee29cdeb1ab019a4/nft',
      params: [Object],
      data: undefined
    },
    request: ClientRequest {
      _events: [Object: null prototype],
      _eventsCount: 7,
      _maxListeners: undefined,
      outputData: [],
      outputSize: 0,
      writable: true,
      destroyed: false,
      _last: true,
      chunkedEncoding: false,
      shouldKeepAlive: false,
      maxRequestsOnConnectionReached: false,
      _defaultKeepAlive: true,
      useChunkedEncodingByDefault: false,
      sendDate: false,
      _removedConnection: false,
      _removedContLen: false,
      _removedTE: false,
      strictContentLength: false,
      _contentLength: 0,
      _hasBody: true,
      _trailer: '',
      finished: true,
      _headerSent: true,
      _closed: false,
      socket: [TLSSocket],
      _header: 'GET /api/v2.2/0x09b54c67b180b67b76ef0012ee29cdeb1ab019a4/nft?chain=0x89&format=decimal&token_addresses[]=0x39d007bae99bdd1e4c3cec4a58496b05330fec0a&media_items=true HTTP/1.1\r\n' +
        'Accept: application/json, text/plain, */*\r\n' +
        'x-moralis-platform: NodeJS SDK\r\n' +
        'x-moralis-platform-version: 2.25.1\r\n' +
        'x-moralis-build-target: node\r\n' +
        'x-api-key: eyJhbGciOiJIUzI1NiIsInR5cCI6IkpXVCJ9.eyJub25jZSI6Ijk3MjlmNmY0LTA4OTQtNGZkOC04NzBkLTkyZDFmOTZhMTljMiIsIm9yZ0lkIjoiMjk1MTU4IiwidXNlcklkIjoiMzAyMTA4IiwidHlwZUlkIjoiYTAyZmNhYmQtMGY3MC00ZjQ2LTg1NmUtZmQ1YjRmOTJiMWJkIiwidHlwZSI6IlBST0pFQ1QiLCJpYXQiOjE3MTA5MTc2MDMsImV4cCI6NDg2NjY3NzYwM30.bYdWb1zCQPrKR_Mn-CHHtvfBUCK7cSIbb6TQBTiu8j8\r\n' +
        'User-Agent: axios/1.6.8\r\n' +
        'Accept-Encoding: gzip, compress, deflate, br\r\n' +
        'Host: deep-index.moralis.io\r\n' +
        'Connection: close\r\n' +
        '\r\n',
      _keepAliveTimeout: 0,
      _onPendingData: [Function: nop],
      agent: [Agent],
      socketPath: undefined,
      method: 'GET',
      maxHeaderSize: undefined,
      insecureHTTPParser: undefined,
      path: '/api/v2.2/0x09b54c67b180b67b76ef0012ee29cdeb1ab019a4/nft?chain=0x89&format=decimal&token_addresses[]=0x39d007bae99bdd1e4c3cec4a58496b05330fec0a&media_items=true',
      _ended: true,
      res: [IncomingMessage],
      aborted: false,
      timeoutCb: null,
      upgradeOrConnect: false,
      parser: null,
      maxHeadersCount: null,
      reusedSocket: false,
      host: 'deep-index.moralis.io',
      protocol: 'https:',
      _redirectable: [Writable],
      [Symbol(kCapture)]: false,
      [Symbol(kBytesWritten)]: 0,
      [Symbol(kEndCalled)]: true,
      [Symbol(kNeedDrain)]: false,
      [Symbol(corked)]: 0,
      [Symbol(kOutHeaders)]: [Object: null prototype],
      [Symbol(kUniqueHeaders)]: null
    },
    response: {
      status: 401,
      statusText: 'Unauthorized',
      headers: [Object [AxiosHeaders]],
      config: [Object],
      request: [ClientRequest],
      data: [Object]
    }
  }
}
MoralisError [Moralis SDK Core Error]: [C0006] Request failed, Unauthorized(401): Invalid key
    at RequestController.makeError (/home/eskillzs/eSKILLZ/node_modules/@moralisweb3/common-core/lib/cjs/index.cjs:1224:20)
    at RequestController.<anonymous> (/home/eskillzs/eSKILLZ/node_modules/@moralisweb3/common-core/lib/cjs/index.cjs:1205:38)
    at step (/home/eskillzs/eSKILLZ/node_modules/@moralisweb3/common-core/lib/cjs/index.cjs:83:23)
    at Object.throw (/home/eskillzs/eSKILLZ/node_modules/@moralisweb3/common-core/lib/cjs/index.cjs:64:53)
    at rejected (/home/eskillzs/eSKILLZ/node_modules/@moralisweb3/common-core/lib/cjs/index.cjs:55:65)
    at runMicrotasks (<anonymous>)
    at processTicksAndRejections (node:internal/process/task_queues:96:5) {
  isMoralisError: true,
  code: 'C0006',
  details: {
    status: 401,
    response: {
      status: 401,
      statusText: 'Unauthorized',
      headers: [Object [AxiosHeaders]],
      config: [Object],
      request: [ClientRequest],
      data: [Object]
    }
  },
  [cause]: AxiosError: Request failed with status code 401
      at settle (/home/eskillzs/eSKILLZ/node_modules/@moralisweb3/common-core/node_modules/axios/dist/node/axios.cjs:1966:12)
      at IncomingMessage.handleStreamEnd (/home/eskillzs/eSKILLZ/node_modules/@moralisweb3/common-core/node_modules/axios/dist/node/axios.cjs:3065:11)
      at IncomingMessage.emit (node:events:525:35)
      at endReadableNT (node:internal/streams/readable:1358:12)
      at processTicksAndRejections (node:internal/process/task_queues:83:21)
      at Axios.request (/home/eskillzs/eSKILLZ/node_modules/@moralisweb3/common-core/node_modules/axios/dist/node/axios.cjs:3876:41)
      at runMicrotasks (<anonymous>)
      at processTicksAndRejections (node:internal/process/task_queues:96:5) {
    code: 'ERR_BAD_REQUEST',
    config: {
      transitional: [Object],
      adapter: [Array],
      transformRequest: [Array],
      transformResponse: [Array],
      timeout: 20000,
      xsrfCookieName: 'XSRF-TOKEN',
      xsrfHeaderName: 'X-XSRF-TOKEN',
      maxContentLength: Infinity,
      maxBodyLength: Infinity,
      env: [Object],
      validateStatus: [Function: validateStatus],
      headers: [Object [AxiosHeaders]],
      method: 'get',
      url: 'https://deep-index.moralis.io/api/v2.2/0x09b54c67b180b67b76ef0012ee29cdeb1ab019a4/nft',
      params: [Object],
      data: undefined
    },
    request: ClientRequest {
      _events: [Object: null prototype],
      _eventsCount: 7,
      _maxListeners: undefined,
      outputData: [],
      outputSize: 0,
      writable: true,
      destroyed: false,
      _last: true,
      chunkedEncoding: false,
      shouldKeepAlive: false,
      maxRequestsOnConnectionReached: false,
      _defaultKeepAlive: true,
      useChunkedEncodingByDefault: false,
      sendDate: false,
      _removedConnection: false,
      _removedContLen: false,
      _removedTE: false,
      strictContentLength: false,
      _contentLength: 0,
      _hasBody: true,
      _trailer: '',
      finished: true,
      _headerSent: true,
      _closed: false,
      socket: [TLSSocket],
      _header: 'GET /api/v2.2/0x09b54c67b180b67b76ef0012ee29cdeb1ab019a4/nft?chain=0x89&format=decimal&token_addresses[]=0xb61df32b42d9f5518f52093caef0f1104e2a4b04&media_items=true HTTP/1.1\r\n' +
        'Accept: application/json, text/plain, */*\r\n' +
        'x-moralis-platform: NodeJS SDK\r\n' +
        'x-moralis-platform-version: 2.25.1\r\n' +
        'x-moralis-build-target: node\r\n' +
        'x-api-key: eyJhbGciOiJIUzI1NiIsInR5cCI6IkpXVCJ9.eyJub25jZSI6Ijk3MjlmNmY0LTA4OTQtNGZkOC04NzBkLTkyZDFmOTZhMTljMiIsIm9yZ0lkIjoiMjk1MTU4IiwidXNlcklkIjoiMzAyMTA4IiwidHlwZUlkIjoiYTAyZmNhYmQtMGY3MC00ZjQ2LTg1NmUtZmQ1YjRmOTJiMWJkIiwidHlwZSI6IlBST0pFQ1QiLCJpYXQiOjE3MTA5MTc2MDMsImV4cCI6NDg2NjY3NzYwM30.bYdWb1zCQPrKR_Mn-CHHtvfBUCK7cSIbb6TQBTiu8j8\r\n' +
        'User-Agent: axios/1.6.8\r\n' +
        'Accept-Encoding: gzip, compress, deflate, br\r\n' +
        'Host: deep-index.moralis.io\r\n' +
        'Connection: close\r\n' +
        '\r\n',
      _keepAliveTimeout: 0,
      _onPendingData: [Function: nop],
      agent: [Agent],
      socketPath: undefined,
      method: 'GET',
      maxHeaderSize: undefined,
      insecureHTTPParser: undefined,
      path: '/api/v2.2/0x09b54c67b180b67b76ef0012ee29cdeb1ab019a4/nft?chain=0x89&format=decimal&token_addresses[]=0xb61df32b42d9f5518f52093caef0f1104e2a4b04&media_items=true',
      _ended: true,
      res: [IncomingMessage],
      aborted: false,
      timeoutCb: null,
      upgradeOrConnect: false,
      parser: null,
      maxHeadersCount: null,
      reusedSocket: false,
      host: 'deep-index.moralis.io',
      protocol: 'https:',
      _redirectable: [Writable],
      [Symbol(kCapture)]: false,
      [Symbol(kBytesWritten)]: 0,
      [Symbol(kEndCalled)]: true,
      [Symbol(kNeedDrain)]: false,
      [Symbol(corked)]: 0,
      [Symbol(kOutHeaders)]: [Object: null prototype],
      [Symbol(kUniqueHeaders)]: null
    },
    response: {
      status: 401,
      statusText: 'Unauthorized',
      headers: [Object [AxiosHeaders]],
      config: [Object],
      request: [ClientRequest],
      data: [Object]
    }
  }
}
MoralisError [Moralis SDK Core Error]: [C0006] Request failed, Unauthorized(401): Invalid key
    at RequestController.makeError (/home/eskillzs/eSKILLZ/node_modules/@moralisweb3/common-core/lib/cjs/index.cjs:1224:20)
    at RequestController.<anonymous> (/home/eskillzs/eSKILLZ/node_modules/@moralisweb3/common-core/lib/cjs/index.cjs:1205:38)
    at step (/home/eskillzs/eSKILLZ/node_modules/@moralisweb3/common-core/lib/cjs/index.cjs:83:23)
    at Object.throw (/home/eskillzs/eSKILLZ/node_modules/@moralisweb3/common-core/lib/cjs/index.cjs:64:53)
    at rejected (/home/eskillzs/eSKILLZ/node_modules/@moralisweb3/common-core/lib/cjs/index.cjs:55:65)
    at runMicrotasks (<anonymous>)
    at processTicksAndRejections (node:internal/process/task_queues:96:5) {
  isMoralisError: true,
  code: 'C0006',
  details: {
    status: 401,
    response: {
      status: 401,
      statusText: 'Unauthorized',
      headers: [Object [AxiosHeaders]],
      config: [Object],
      request: [ClientRequest],
      data: [Object]
    }
  },
  [cause]: AxiosError: Request failed with status code 401
      at settle (/home/eskillzs/eSKILLZ/node_modules/@moralisweb3/common-core/node_modules/axios/dist/node/axios.cjs:1966:12)
      at IncomingMessage.handleStreamEnd (/home/eskillzs/eSKILLZ/node_modules/@moralisweb3/common-core/node_modules/axios/dist/node/axios.cjs:3065:11)
      at IncomingMessage.emit (node:events:525:35)
      at endReadableNT (node:internal/streams/readable:1358:12)
      at processTicksAndRejections (node:internal/process/task_queues:83:21)
      at Axios.request (/home/eskillzs/eSKILLZ/node_modules/@moralisweb3/common-core/node_modules/axios/dist/node/axios.cjs:3876:41)
      at runMicrotasks (<anonymous>)
      at processTicksAndRejections (node:internal/process/task_queues:96:5) {
    code: 'ERR_BAD_REQUEST',
    config: {
      transitional: [Object],
      adapter: [Array],
      transformRequest: [Array],
      transformResponse: [Array],
      timeout: 20000,
      xsrfCookieName: 'XSRF-TOKEN',
      xsrfHeaderName: 'X-XSRF-TOKEN',
      maxContentLength: Infinity,
      maxBodyLength: Infinity,
      env: [Object],
      validateStatus: [Function: validateStatus],
      headers: [Object [AxiosHeaders]],
      method: 'get',
      url: 'https://deep-index.moralis.io/api/v2.2/0x09b54c67b180b67b76ef0012ee29cdeb1ab019a4/nft',
      params: [Object],
      data: undefined
    },
    request: ClientRequest {
      _events: [Object: null prototype],
      _eventsCount: 7,
      _maxListeners: undefined,
      outputData: [],
      outputSize: 0,
      writable: true,
      destroyed: false,
      _last: true,
      chunkedEncoding: false,
      shouldKeepAlive: false,
      maxRequestsOnConnectionReached: false,
      _defaultKeepAlive: true,
      useChunkedEncodingByDefault: false,
      sendDate: false,
      _removedConnection: false,
      _removedContLen: false,
      _removedTE: false,
      strictContentLength: false,
      _contentLength: 0,
      _hasBody: true,
      _trailer: '',
      finished: true,
      _headerSent: true,
      _closed: false,
      socket: [TLSSocket],
      _header: 'GET /api/v2.2/0x09b54c67b180b67b76ef0012ee29cdeb1ab019a4/nft?chain=0x89&format=decimal&token_addresses[]=0x531a63b59ae113adfa318b46ced64bff94989bf8&media_items=true HTTP/1.1\r\n' +
        'Accept: application/json, text/plain, */*\r\n' +
        'x-moralis-platform: NodeJS SDK\r\n' +
        'x-moralis-platform-version: 2.25.1\r\n' +
        'x-moralis-build-target: node\r\n' +
        'x-api-key: eyJhbGciOiJIUzI1NiIsInR5cCI6IkpXVCJ9.eyJub25jZSI6Ijk3MjlmNmY0LTA4OTQtNGZkOC04NzBkLTkyZDFmOTZhMTljMiIsIm9yZ0lkIjoiMjk1MTU4IiwidXNlcklkIjoiMzAyMTA4IiwidHlwZUlkIjoiYTAyZmNhYmQtMGY3MC00ZjQ2LTg1NmUtZmQ1YjRmOTJiMWJkIiwidHlwZSI6IlBST0pFQ1QiLCJpYXQiOjE3MTA5MTc2MDMsImV4cCI6NDg2NjY3NzYwM30.bYdWb1zCQPrKR_Mn-CHHtvfBUCK7cSIbb6TQBTiu8j8\r\n' +
        'User-Agent: axios/1.6.8\r\n' +
        'Accept-Encoding: gzip, compress, deflate, br\r\n' +
        'Host: deep-index.moralis.io\r\n' +
        'Connection: close\r\n' +
        '\r\n',
      _keepAliveTimeout: 0,
      _onPendingData: [Function: nop],
      agent: [Agent],
      socketPath: undefined,
      method: 'GET',
      maxHeaderSize: undefined,
      insecureHTTPParser: undefined,
      path: '/api/v2.2/0x09b54c67b180b67b76ef0012ee29cdeb1ab019a4/nft?chain=0x89&format=decimal&token_addresses[]=0x531a63b59ae113adfa318b46ced64bff94989bf8&media_items=true',
      _ended: true,
      res: [IncomingMessage],
      aborted: false,
      timeoutCb: null,
      upgradeOrConnect: false,
      parser: null,
      maxHeadersCount: null,
      reusedSocket: false,
      host: 'deep-index.moralis.io',
      protocol: 'https:',
      _redirectable: [Writable],
      [Symbol(kCapture)]: false,
      [Symbol(kBytesWritten)]: 0,
      [Symbol(kEndCalled)]: true,
      [Symbol(kNeedDrain)]: false,
      [Symbol(corked)]: 0,
      [Symbol(kOutHeaders)]: [Object: null prototype],
      [Symbol(kUniqueHeaders)]: null
    },
    response: {
      status: 401,
      statusText: 'Unauthorized',
      headers: [Object [AxiosHeaders]],
      config: [Object],
      request: [ClientRequest],
      data: [Object]
    }
  }
}
MoralisError [Moralis SDK Core Error]: [C0006] Request failed, Unauthorized(401): Invalid key
    at RequestController.makeError (/home/eskillzs/eSKILLZ/node_modules/@moralisweb3/common-core/lib/cjs/index.cjs:1224:20)
    at RequestController.<anonymous> (/home/eskillzs/eSKILLZ/node_modules/@moralisweb3/common-core/lib/cjs/index.cjs:1205:38)
    at step (/home/eskillzs/eSKILLZ/node_modules/@moralisweb3/common-core/lib/cjs/index.cjs:83:23)
    at Object.throw (/home/eskillzs/eSKILLZ/node_modules/@moralisweb3/common-core/lib/cjs/index.cjs:64:53)
    at rejected (/home/eskillzs/eSKILLZ/node_modules/@moralisweb3/common-core/lib/cjs/index.cjs:55:65)
    at runMicrotasks (<anonymous>)
    at processTicksAndRejections (node:internal/process/task_queues:96:5) {
  isMoralisError: true,
  code: 'C0006',
  details: {
    status: 401,
    response: {
      status: 401,
      statusText: 'Unauthorized',
      headers: [Object [AxiosHeaders]],
      config: [Object],
      request: [ClientRequest],
      data: [Object]
    }
  },
  [cause]: AxiosError: Request failed with status code 401
      at settle (/home/eskillzs/eSKILLZ/node_modules/@moralisweb3/common-core/node_modules/axios/dist/node/axios.cjs:1966:12)
      at IncomingMessage.handleStreamEnd (/home/eskillzs/eSKILLZ/node_modules/@moralisweb3/common-core/node_modules/axios/dist/node/axios.cjs:3065:11)
      at IncomingMessage.emit (node:events:525:35)
      at endReadableNT (node:internal/streams/readable:1358:12)
      at processTicksAndRejections (node:internal/process/task_queues:83:21)
      at Axios.request (/home/eskillzs/eSKILLZ/node_modules/@moralisweb3/common-core/node_modules/axios/dist/node/axios.cjs:3876:41)
      at runMicrotasks (<anonymous>)
      at processTicksAndRejections (node:internal/process/task_queues:96:5) {
    code: 'ERR_BAD_REQUEST',
    config: {
      transitional: [Object],
      adapter: [Array],
      transformRequest: [Array],
      transformResponse: [Array],
      timeout: 20000,
      xsrfCookieName: 'XSRF-TOKEN',
      xsrfHeaderName: 'X-XSRF-TOKEN',
      maxContentLength: Infinity,
      maxBodyLength: Infinity,
      env: [Object],
      validateStatus: [Function: validateStatus],
      headers: [Object [AxiosHeaders]],
      method: 'get',
      url: 'https://deep-index.moralis.io/api/v2.2/0x09b54c67b180b67b76ef0012ee29cdeb1ab019a4/nft',
      params: [Object],
      data: undefined
    },
    request: ClientRequest {
      _events: [Object: null prototype],
      _eventsCount: 7,
      _maxListeners: undefined,
      outputData: [],
      outputSize: 0,
      writable: true,
      destroyed: false,
      _last: true,
      chunkedEncoding: false,
      shouldKeepAlive: false,
      maxRequestsOnConnectionReached: false,
      _defaultKeepAlive: true,
      useChunkedEncodingByDefault: false,
      sendDate: false,
      _removedConnection: false,
      _removedContLen: false,
      _removedTE: false,
      strictContentLength: false,
      _contentLength: 0,
      _hasBody: true,
      _trailer: '',
      finished: true,
      _headerSent: true,
      _closed: false,
      socket: [TLSSocket],
      _header: 'GET /api/v2.2/0x09b54c67b180b67b76ef0012ee29cdeb1ab019a4/nft?chain=0x89&format=decimal&token_addresses[]=0xd9095c42fab1f40a7f376078431ab984776ace95&media_items=true HTTP/1.1\r\n' +
        'Accept: application/json, text/plain, */*\r\n' +
        'x-moralis-platform: NodeJS SDK\r\n' +
        'x-moralis-platform-version: 2.25.1\r\n' +
        'x-moralis-build-target: node\r\n' +
        'x-api-key: eyJhbGciOiJIUzI1NiIsInR5cCI6IkpXVCJ9.eyJub25jZSI6Ijk3MjlmNmY0LTA4OTQtNGZkOC04NzBkLTkyZDFmOTZhMTljMiIsIm9yZ0lkIjoiMjk1MTU4IiwidXNlcklkIjoiMzAyMTA4IiwidHlwZUlkIjoiYTAyZmNhYmQtMGY3MC00ZjQ2LTg1NmUtZmQ1YjRmOTJiMWJkIiwidHlwZSI6IlBST0pFQ1QiLCJpYXQiOjE3MTA5MTc2MDMsImV4cCI6NDg2NjY3NzYwM30.bYdWb1zCQPrKR_Mn-CHHtvfBUCK7cSIbb6TQBTiu8j8\r\n' +
        'User-Agent: axios/1.6.8\r\n' +
        'Accept-Encoding: gzip, compress, deflate, br\r\n' +
        'Host: deep-index.moralis.io\r\n' +
        'Connection: close\r\n' +
        '\r\n',
      _keepAliveTimeout: 0,
      _onPendingData: [Function: nop],
      agent: [Agent],
      socketPath: undefined,
      method: 'GET',
      maxHeaderSize: undefined,
      insecureHTTPParser: undefined,
      path: '/api/v2.2/0x09b54c67b180b67b76ef0012ee29cdeb1ab019a4/nft?chain=0x89&format=decimal&token_addresses[]=0xd9095c42fab1f40a7f376078431ab984776ace95&media_items=true',
      _ended: true,
      res: [IncomingMessage],
      aborted: false,
      timeoutCb: null,
      upgradeOrConnect: false,
      parser: null,
      maxHeadersCount: null,
      reusedSocket: false,
      host: 'deep-index.moralis.io',
      protocol: 'https:',
      _redirectable: [Writable],
      [Symbol(kCapture)]: false,
      [Symbol(kBytesWritten)]: 0,
      [Symbol(kEndCalled)]: true,
      [Symbol(kNeedDrain)]: false,
      [Symbol(corked)]: 0,
      [Symbol(kOutHeaders)]: [Object: null prototype],
      [Symbol(kUniqueHeaders)]: null
    },
    response: {
      status: 401,
      statusText: 'Unauthorized',
      headers: [Object [AxiosHeaders]],
      config: [Object],
      request: [ClientRequest],
      data: [Object]
    }
  }
}
MoralisError [Moralis SDK Core Error]: [C0006] Request failed, Unauthorized(401): Invalid key
    at RequestController.makeError (/home/eskillzs/eSKILLZ/node_modules/@moralisweb3/common-core/lib/cjs/index.cjs:1224:20)
    at RequestController.<anonymous> (/home/eskillzs/eSKILLZ/node_modules/@moralisweb3/common-core/lib/cjs/index.cjs:1205:38)
    at step (/home/eskillzs/eSKILLZ/node_modules/@moralisweb3/common-core/lib/cjs/index.cjs:83:23)
    at Object.throw (/home/eskillzs/eSKILLZ/node_modules/@moralisweb3/common-core/lib/cjs/index.cjs:64:53)
    at rejected (/home/eskillzs/eSKILLZ/node_modules/@moralisweb3/common-core/lib/cjs/index.cjs:55:65)
    at runMicrotasks (<anonymous>)
    at processTicksAndRejections (node:internal/process/task_queues:96:5) {
  isMoralisError: true,
  code: 'C0006',
  details: {
    status: 401,
    response: {
      status: 401,
      statusText: 'Unauthorized',
      headers: [Object [AxiosHeaders]],
      config: [Object],
      request: [ClientRequest],
      data: [Object]
    }
  },
  [cause]: AxiosError: Request failed with status code 401
      at settle (/home/eskillzs/eSKILLZ/node_modules/@moralisweb3/common-core/node_modules/axios/dist/node/axios.cjs:1966:12)
      at IncomingMessage.handleStreamEnd (/home/eskillzs/eSKILLZ/node_modules/@moralisweb3/common-core/node_modules/axios/dist/node/axios.cjs:3065:11)
      at IncomingMessage.emit (node:events:525:35)
      at endReadableNT (node:internal/streams/readable:1358:12)
      at processTicksAndRejections (node:internal/process/task_queues:83:21)
      at Axios.request (/home/eskillzs/eSKILLZ/node_modules/@moralisweb3/common-core/node_modules/axios/dist/node/axios.cjs:3876:41)
      at runMicrotasks (<anonymous>)
      at processTicksAndRejections (node:internal/process/task_queues:96:5) {
    code: 'ERR_BAD_REQUEST',
    config: {
      transitional: [Object],
      adapter: [Array],
      transformRequest: [Array],
      transformResponse: [Array],
      timeout: 20000,
      xsrfCookieName: 'XSRF-TOKEN',
      xsrfHeaderName: 'X-XSRF-TOKEN',
      maxContentLength: Infinity,
      maxBodyLength: Infinity,
      env: [Object],
      validateStatus: [Function: validateStatus],
      headers: [Object [AxiosHeaders]],
      method: 'get',
      url: 'https://deep-index.moralis.io/api/v2.2/0x09b54c67b180b67b76ef0012ee29cdeb1ab019a4/nft',
      params: [Object],
      data: undefined
    },
    request: ClientRequest {
      _events: [Object: null prototype],
      _eventsCount: 7,
      _maxListeners: undefined,
      outputData: [],
      outputSize: 0,
      writable: true,
      destroyed: false,
      _last: true,
      chunkedEncoding: false,
      shouldKeepAlive: false,
      maxRequestsOnConnectionReached: false,
      _defaultKeepAlive: true,
      useChunkedEncodingByDefault: false,
      sendDate: false,
      _removedConnection: false,
      _removedContLen: false,
      _removedTE: false,
      strictContentLength: false,
      _contentLength: 0,
      _hasBody: true,
      _trailer: '',
      finished: true,
      _headerSent: true,
      _closed: false,
      socket: [TLSSocket],
      _header: 'GET /api/v2.2/0x09b54c67b180b67b76ef0012ee29cdeb1ab019a4/nft?chain=0x89&format=decimal&token_addresses[]=0xc7e269fe785d5def61c29c91dc254067f75568be&media_items=true HTTP/1.1\r\n' +
        'Accept: application/json, text/plain, */*\r\n' +
        'x-moralis-platform: NodeJS SDK\r\n' +
        'x-moralis-platform-version: 2.25.1\r\n' +
        'x-moralis-build-target: node\r\n' +
        'x-api-key: eyJhbGciOiJIUzI1NiIsInR5cCI6IkpXVCJ9.eyJub25jZSI6Ijk3MjlmNmY0LTA4OTQtNGZkOC04NzBkLTkyZDFmOTZhMTljMiIsIm9yZ0lkIjoiMjk1MTU4IiwidXNlcklkIjoiMzAyMTA4IiwidHlwZUlkIjoiYTAyZmNhYmQtMGY3MC00ZjQ2LTg1NmUtZmQ1YjRmOTJiMWJkIiwidHlwZSI6IlBST0pFQ1QiLCJpYXQiOjE3MTA5MTc2MDMsImV4cCI6NDg2NjY3NzYwM30.bYdWb1zCQPrKR_Mn-CHHtvfBUCK7cSIbb6TQBTiu8j8\r\n' +
        'User-Agent: axios/1.6.8\r\n' +
        'Accept-Encoding: gzip, compress, deflate, br\r\n' +
        'Host: deep-index.moralis.io\r\n' +
        'Connection: close\r\n' +
        '\r\n',
      _keepAliveTimeout: 0,
      _onPendingData: [Function: nop],
      agent: [Agent],
      socketPath: undefined,
      method: 'GET',
      maxHeaderSize: undefined,
      insecureHTTPParser: undefined,
      path: '/api/v2.2/0x09b54c67b180b67b76ef0012ee29cdeb1ab019a4/nft?chain=0x89&format=decimal&token_addresses[]=0xc7e269fe785d5def61c29c91dc254067f75568be&media_items=true',
      _ended: true,
      res: [IncomingMessage],
      aborted: false,
      timeoutCb: null,
      upgradeOrConnect: false,
      parser: null,
      maxHeadersCount: null,
      reusedSocket: false,
      host: 'deep-index.moralis.io',
      protocol: 'https:',
      _redirectable: [Writable],
      [Symbol(kCapture)]: false,
      [Symbol(kBytesWritten)]: 0,
      [Symbol(kEndCalled)]: true,
      [Symbol(kNeedDrain)]: false,
      [Symbol(corked)]: 0,
      [Symbol(kOutHeaders)]: [Object: null prototype],
      [Symbol(kUniqueHeaders)]: null
    },
    response: {
      status: 401,
      statusText: 'Unauthorized',
      headers: [Object [AxiosHeaders]],
      config: [Object],
      request: [ClientRequest],
      data: [Object]
    }
  }
}
MoralisError [Moralis SDK Core Error]: [C0006] Request failed, Unauthorized(401): Invalid key
    at RequestController.makeError (/home/eskillzs/eSKILLZ/node_modules/@moralisweb3/common-core/lib/cjs/index.cjs:1224:20)
    at RequestController.<anonymous> (/home/eskillzs/eSKILLZ/node_modules/@moralisweb3/common-core/lib/cjs/index.cjs:1205:38)
    at step (/home/eskillzs/eSKILLZ/node_modules/@moralisweb3/common-core/lib/cjs/index.cjs:83:23)
    at Object.throw (/home/eskillzs/eSKILLZ/node_modules/@moralisweb3/common-core/lib/cjs/index.cjs:64:53)
    at rejected (/home/eskillzs/eSKILLZ/node_modules/@moralisweb3/common-core/lib/cjs/index.cjs:55:65)
    at runMicrotasks (<anonymous>)
    at processTicksAndRejections (node:internal/process/task_queues:96:5) {
  isMoralisError: true,
  code: 'C0006',
  details: {
    status: 401,
    response: {
      status: 401,
      statusText: 'Unauthorized',
      headers: [Object [AxiosHeaders]],
      config: [Object],
      request: [ClientRequest],
      data: [Object]
    }
  },
  [cause]: AxiosError: Request failed with status code 401
      at settle (/home/eskillzs/eSKILLZ/node_modules/@moralisweb3/common-core/node_modules/axios/dist/node/axios.cjs:1966:12)
      at IncomingMessage.handleStreamEnd (/home/eskillzs/eSKILLZ/node_modules/@moralisweb3/common-core/node_modules/axios/dist/node/axios.cjs:3065:11)
      at IncomingMessage.emit (node:events:525:35)
      at endReadableNT (node:internal/streams/readable:1358:12)
      at processTicksAndRejections (node:internal/process/task_queues:83:21)
      at Axios.request (/home/eskillzs/eSKILLZ/node_modules/@moralisweb3/common-core/node_modules/axios/dist/node/axios.cjs:3876:41)
      at runMicrotasks (<anonymous>)
      at processTicksAndRejections (node:internal/process/task_queues:96:5) {
    code: 'ERR_BAD_REQUEST',
    config: {
      transitional: [Object],
      adapter: [Array],
      transformRequest: [Array],
      transformResponse: [Array],
      timeout: 20000,
      xsrfCookieName: 'XSRF-TOKEN',
      xsrfHeaderName: 'X-XSRF-TOKEN',
      maxContentLength: Infinity,
      maxBodyLength: Infinity,
      env: [Object],
      validateStatus: [Function: validateStatus],
      headers: [Object [AxiosHeaders]],
      method: 'get',
      url: 'https://deep-index.moralis.io/api/v2.2/0x09b54c67b180b67b76ef0012ee29cdeb1ab019a4/nft',
      params: [Object],
      data: undefined
    },
    request: ClientRequest {
      _events: [Object: null prototype],
      _eventsCount: 7,
      _maxListeners: undefined,
      outputData: [],
      outputSize: 0,
      writable: true,
      destroyed: false,
      _last: true,
      chunkedEncoding: false,
      shouldKeepAlive: false,
      maxRequestsOnConnectionReached: false,
      _defaultKeepAlive: true,
      useChunkedEncodingByDefault: false,
      sendDate: false,
      _removedConnection: false,
      _removedContLen: false,
      _removedTE: false,
      strictContentLength: false,
      _contentLength: 0,
      _hasBody: true,
      _trailer: '',
      finished: true,
      _headerSent: true,
      _closed: false,
      socket: [TLSSocket],
      _header: 'GET /api/v2.2/0x09b54c67b180b67b76ef0012ee29cdeb1ab019a4/nft?chain=0x89&format=decimal&token_addresses[]=0x072612df4b37004f6f27cf1a03ba3966e1774685&media_items=true HTTP/1.1\r\n' +
        'Accept: application/json, text/plain, */*\r\n' +
        'x-moralis-platform: NodeJS SDK\r\n' +
        'x-moralis-platform-version: 2.25.1\r\n' +
        'x-moralis-build-target: node\r\n' +
        'x-api-key: eyJhbGciOiJIUzI1NiIsInR5cCI6IkpXVCJ9.eyJub25jZSI6Ijk3MjlmNmY0LTA4OTQtNGZkOC04NzBkLTkyZDFmOTZhMTljMiIsIm9yZ0lkIjoiMjk1MTU4IiwidXNlcklkIjoiMzAyMTA4IiwidHlwZUlkIjoiYTAyZmNhYmQtMGY3MC00ZjQ2LTg1NmUtZmQ1YjRmOTJiMWJkIiwidHlwZSI6IlBST0pFQ1QiLCJpYXQiOjE3MTA5MTc2MDMsImV4cCI6NDg2NjY3NzYwM30.bYdWb1zCQPrKR_Mn-CHHtvfBUCK7cSIbb6TQBTiu8j8\r\n' +
        'User-Agent: axios/1.6.8\r\n' +
        'Accept-Encoding: gzip, compress, deflate, br\r\n' +
        'Host: deep-index.moralis.io\r\n' +
        'Connection: close\r\n' +
        '\r\n',
      _keepAliveTimeout: 0,
      _onPendingData: [Function: nop],
      agent: [Agent],
      socketPath: undefined,
      method: 'GET',
      maxHeaderSize: undefined,
      insecureHTTPParser: undefined,
      path: '/api/v2.2/0x09b54c67b180b67b76ef0012ee29cdeb1ab019a4/nft?chain=0x89&format=decimal&token_addresses[]=0x072612df4b37004f6f27cf1a03ba3966e1774685&media_items=true',
      _ended: true,
      res: [IncomingMessage],
      aborted: false,
      timeoutCb: null,
      upgradeOrConnect: false,
      parser: null,
      maxHeadersCount: null,
      reusedSocket: false,
      host: 'deep-index.moralis.io',
      protocol: 'https:',
      _redirectable: [Writable],
      [Symbol(kCapture)]: false,
      [Symbol(kBytesWritten)]: 0,
      [Symbol(kEndCalled)]: true,
      [Symbol(kNeedDrain)]: false,
      [Symbol(corked)]: 0,
      [Symbol(kOutHeaders)]: [Object: null prototype],
      [Symbol(kUniqueHeaders)]: null
    },
    response: {
      status: 401,
      statusText: 'Unauthorized',
      headers: [Object [AxiosHeaders]],
      config: [Object],
      request: [ClientRequest],
      data: [Object]
    }
  }
}
MoralisError [Moralis SDK Core Error]: [C0006] Request failed, Unauthorized(401): Validation service blocked: Your plan: free-plan-daily total included usage has been consumed, please upgrade your plan here, https://moralis.io/pricing
    at RequestController.makeError (/home/eskillzs/eSKILLZ/node_modules/@moralisweb3/common-core/lib/cjs/index.cjs:1224:20)
    at RequestController.<anonymous> (/home/eskillzs/eSKILLZ/node_modules/@moralisweb3/common-core/lib/cjs/index.cjs:1205:38)
    at step (/home/eskillzs/eSKILLZ/node_modules/@moralisweb3/common-core/lib/cjs/index.cjs:83:23)
    at Object.throw (/home/eskillzs/eSKILLZ/node_modules/@moralisweb3/common-core/lib/cjs/index.cjs:64:53)
    at rejected (/home/eskillzs/eSKILLZ/node_modules/@moralisweb3/common-core/lib/cjs/index.cjs:55:65)
    at runMicrotasks (<anonymous>)
    at processTicksAndRejections (node:internal/process/task_queues:96:5) {
  isMoralisError: true,
  code: 'C0006',
  details: {
    status: 401,
    response: {
      status: 401,
      statusText: 'Unauthorized',
      headers: [Object [AxiosHeaders]],
      config: [Object],
      request: [ClientRequest],
      data: [Object]
    }
  },
  [cause]: AxiosError: Request failed with status code 401
      at settle (/home/eskillzs/eSKILLZ/node_modules/@moralisweb3/common-core/node_modules/axios/dist/node/axios.cjs:1966:12)
      at IncomingMessage.handleStreamEnd (/home/eskillzs/eSKILLZ/node_modules/@moralisweb3/common-core/node_modules/axios/dist/node/axios.cjs:3065:11)
      at IncomingMessage.emit (node:events:525:35)
      at endReadableNT (node:internal/streams/readable:1358:12)
      at processTicksAndRejections (node:internal/process/task_queues:83:21)
      at Axios.request (/home/eskillzs/eSKILLZ/node_modules/@moralisweb3/common-core/node_modules/axios/dist/node/axios.cjs:3876:41)
      at runMicrotasks (<anonymous>)
      at processTicksAndRejections (node:internal/process/task_queues:96:5) {
    code: 'ERR_BAD_REQUEST',
    config: {
      transitional: [Object],
      adapter: [Array],
      transformRequest: [Array],
      transformResponse: [Array],
      timeout: 20000,
      xsrfCookieName: 'XSRF-TOKEN',
      xsrfHeaderName: 'X-XSRF-TOKEN',
      maxContentLength: Infinity,
      maxBodyLength: Infinity,
      env: [Object],
      validateStatus: [Function: validateStatus],
      headers: [Object [AxiosHeaders]],
      method: 'get',
      url: 'https://deep-index.moralis.io/api/v2.2/0x09b54c67b180b67b76ef0012ee29cdeb1ab019a4/nft',
      params: [Object],
      data: undefined
    },
    request: ClientRequest {
      _events: [Object: null prototype],
      _eventsCount: 7,
      _maxListeners: undefined,
      outputData: [],
      outputSize: 0,
      writable: true,
      destroyed: false,
      _last: true,
      chunkedEncoding: false,
      shouldKeepAlive: false,
      maxRequestsOnConnectionReached: false,
      _defaultKeepAlive: true,
      useChunkedEncodingByDefault: false,
      sendDate: false,
      _removedConnection: false,
      _removedContLen: false,
      _removedTE: false,
      strictContentLength: false,
      _contentLength: 0,
      _hasBody: true,
      _trailer: '',
      finished: true,
      _headerSent: true,
      _closed: false,
      socket: [TLSSocket],
      _header: 'GET /api/v2.2/0x09b54c67b180b67b76ef0012ee29cdeb1ab019a4/nft?chain=0x89&format=decimal&token_addresses[]=0x823a7aa1e0a0d8648c1d19a4cdb0d21098b145ab&media_items=true HTTP/1.1\r\n' +
        'Accept: application/json, text/plain, */*\r\n' +
        'x-moralis-platform: NodeJS SDK\r\n' +
        'x-moralis-platform-version: 2.25.1\r\n' +
        'x-moralis-build-target: node\r\n' +
        'x-api-key: eyJhbGciOiJIUzI1NiIsInR5cCI6IkpXVCJ9.eyJub25jZSI6Ijk3MjlmNmY0LTA4OTQtNGZkOC04NzBkLTkyZDFmOTZhMTljMiIsIm9yZ0lkIjoiMjk1MTU4IiwidXNlcklkIjoiMzAyMTA4IiwidHlwZUlkIjoiYTAyZmNhYmQtMGY3MC00ZjQ2LTg1NmUtZmQ1YjRmOTJiMWJkIiwidHlwZSI6IlBST0pFQ1QiLCJpYXQiOjE3MTA5MTc2MDMsImV4cCI6NDg2NjY3NzYwM30.bYdWb1zCQPrKR_Mn-CHHtvfBUCK7cSIbb6TQBTiu8j8\r\n' +
        'User-Agent: axios/1.6.8\r\n' +
        'Accept-Encoding: gzip, compress, deflate, br\r\n' +
        'Host: deep-index.moralis.io\r\n' +
        'Connection: close\r\n' +
        '\r\n',
      _keepAliveTimeout: 0,
      _onPendingData: [Function: nop],
      agent: [Agent],
      socketPath: undefined,
      method: 'GET',
      maxHeaderSize: undefined,
      insecureHTTPParser: undefined,
      path: '/api/v2.2/0x09b54c67b180b67b76ef0012ee29cdeb1ab019a4/nft?chain=0x89&format=decimal&token_addresses[]=0x823a7aa1e0a0d8648c1d19a4cdb0d21098b145ab&media_items=true',
      _ended: true,
      res: [IncomingMessage],
      aborted: false,
      timeoutCb: null,
      upgradeOrConnect: false,
      parser: null,
      maxHeadersCount: null,
      reusedSocket: false,
      host: 'deep-index.moralis.io',
      protocol: 'https:',
      _redirectable: [Writable],
      [Symbol(kCapture)]: false,
      [Symbol(kBytesWritten)]: 0,
      [Symbol(kEndCalled)]: true,
      [Symbol(kNeedDrain)]: false,
      [Symbol(corked)]: 0,
      [Symbol(kOutHeaders)]: [Object: null prototype],
      [Symbol(kUniqueHeaders)]: null
    },
    response: {
      status: 401,
      statusText: 'Unauthorized',
      headers: [Object [AxiosHeaders]],
      config: [Object],
      request: [ClientRequest],
      data: [Object]
    }
  }
}
MoralisError [Moralis SDK Core Error]: [C0006] Request failed, Unauthorized(401): Invalid key
    at RequestController.makeError (/home/eskillzs/eSKILLZ/node_modules/@moralisweb3/common-core/lib/cjs/index.cjs:1224:20)
    at RequestController.<anonymous> (/home/eskillzs/eSKILLZ/node_modules/@moralisweb3/common-core/lib/cjs/index.cjs:1205:38)
    at step (/home/eskillzs/eSKILLZ/node_modules/@moralisweb3/common-core/lib/cjs/index.cjs:83:23)
    at Object.throw (/home/eskillzs/eSKILLZ/node_modules/@moralisweb3/common-core/lib/cjs/index.cjs:64:53)
    at rejected (/home/eskillzs/eSKILLZ/node_modules/@moralisweb3/common-core/lib/cjs/index.cjs:55:65)
    at runMicrotasks (<anonymous>)
    at processTicksAndRejections (node:internal/process/task_queues:96:5) {
  isMoralisError: true,
  code: 'C0006',
  details: {
    status: 401,
    response: {
      status: 401,
      statusText: 'Unauthorized',
      headers: [Object [AxiosHeaders]],
      config: [Object],
      request: [ClientRequest],
      data: [Object]
    }
  },
  [cause]: AxiosError: Request failed with status code 401
      at settle (/home/eskillzs/eSKILLZ/node_modules/@moralisweb3/common-core/node_modules/axios/dist/node/axios.cjs:1966:12)
      at IncomingMessage.handleStreamEnd (/home/eskillzs/eSKILLZ/node_modules/@moralisweb3/common-core/node_modules/axios/dist/node/axios.cjs:3065:11)
      at IncomingMessage.emit (node:events:525:35)
      at endReadableNT (node:internal/streams/readable:1358:12)
      at processTicksAndRejections (node:internal/process/task_queues:83:21)
      at Axios.request (/home/eskillzs/eSKILLZ/node_modules/@moralisweb3/common-core/node_modules/axios/dist/node/axios.cjs:3876:41)
      at runMicrotasks (<anonymous>)
      at processTicksAndRejections (node:internal/process/task_queues:96:5) {
    code: 'ERR_BAD_REQUEST',
    config: {
      transitional: [Object],
      adapter: [Array],
      transformRequest: [Array],
      transformResponse: [Array],
      timeout: 20000,
      xsrfCookieName: 'XSRF-TOKEN',
      xsrfHeaderName: 'X-XSRF-TOKEN',
      maxContentLength: Infinity,
      maxBodyLength: Infinity,
      env: [Object],
      validateStatus: [Function: validateStatus],
      headers: [Object [AxiosHeaders]],
      method: 'get',
      url: 'https://deep-index.moralis.io/api/v2.2/0x09b54c67b180b67b76ef0012ee29cdeb1ab019a4/nft',
      params: [Object],
      data: undefined
    },
    request: ClientRequest {
      _events: [Object: null prototype],
      _eventsCount: 7,
      _maxListeners: undefined,
      outputData: [],
      outputSize: 0,
      writable: true,
      destroyed: false,
      _last: true,
      chunkedEncoding: false,
      shouldKeepAlive: false,
      maxRequestsOnConnectionReached: false,
      _defaultKeepAlive: true,
      useChunkedEncodingByDefault: false,
      sendDate: false,
      _removedConnection: false,
      _removedContLen: false,
      _removedTE: false,
      strictContentLength: false,
      _contentLength: 0,
      _hasBody: true,
      _trailer: '',
      finished: true,
      _headerSent: true,
      _closed: false,
      socket: [TLSSocket],
      _header: 'GET /api/v2.2/0x09b54c67b180b67b76ef0012ee29cdeb1ab019a4/nft?chain=0x89&format=decimal&token_addresses[]=0xcd03575fd76aa553aea26812e9d68d0df5ad1ae3&media_items=true HTTP/1.1\r\n' +
        'Accept: application/json, text/plain, */*\r\n' +
        'x-moralis-platform: NodeJS SDK\r\n' +
        'x-moralis-platform-version: 2.25.1\r\n' +
        'x-moralis-build-target: node\r\n' +
        'x-api-key: eyJhbGciOiJIUzI1NiIsInR5cCI6IkpXVCJ9.eyJub25jZSI6Ijk3MjlmNmY0LTA4OTQtNGZkOC04NzBkLTkyZDFmOTZhMTljMiIsIm9yZ0lkIjoiMjk1MTU4IiwidXNlcklkIjoiMzAyMTA4IiwidHlwZUlkIjoiYTAyZmNhYmQtMGY3MC00ZjQ2LTg1NmUtZmQ1YjRmOTJiMWJkIiwidHlwZSI6IlBST0pFQ1QiLCJpYXQiOjE3MTA5MTc2MDMsImV4cCI6NDg2NjY3NzYwM30.bYdWb1zCQPrKR_Mn-CHHtvfBUCK7cSIbb6TQBTiu8j8\r\n' +
        'User-Agent: axios/1.6.8\r\n' +
        'Accept-Encoding: gzip, compress, deflate, br\r\n' +
        'Host: deep-index.moralis.io\r\n' +
        'Connection: close\r\n' +
        '\r\n',
      _keepAliveTimeout: 0,
      _onPendingData: [Function: nop],
      agent: [Agent],
      socketPath: undefined,
      method: 'GET',
      maxHeaderSize: undefined,
      insecureHTTPParser: undefined,
      path: '/api/v2.2/0x09b54c67b180b67b76ef0012ee29cdeb1ab019a4/nft?chain=0x89&format=decimal&token_addresses[]=0xcd03575fd76aa553aea26812e9d68d0df5ad1ae3&media_items=true',
      _ended: true,
      res: [IncomingMessage],
      aborted: false,
      timeoutCb: null,
      upgradeOrConnect: false,
      parser: null,
      maxHeadersCount: null,
      reusedSocket: false,
      host: 'deep-index.moralis.io',
      protocol: 'https:',
      _redirectable: [Writable],
      [Symbol(kCapture)]: false,
      [Symbol(kBytesWritten)]: 0,
      [Symbol(kEndCalled)]: true,
      [Symbol(kNeedDrain)]: false,
      [Symbol(corked)]: 0,
      [Symbol(kOutHeaders)]: [Object: null prototype],
      [Symbol(kUniqueHeaders)]: null
    },
    response: {
      status: 401,
      statusText: 'Unauthorized',
      headers: [Object [AxiosHeaders]],
      config: [Object],
      request: [ClientRequest],
      data: [Object]
    }
  }
}
MoralisError [Moralis SDK Core Error]: [C0006] Request failed, Unauthorized(401): Invalid key
    at RequestController.makeError (/home/eskillzs/eSKILLZ/node_modules/@moralisweb3/common-core/lib/cjs/index.cjs:1224:20)
    at RequestController.<anonymous> (/home/eskillzs/eSKILLZ/node_modules/@moralisweb3/common-core/lib/cjs/index.cjs:1205:38)
    at step (/home/eskillzs/eSKILLZ/node_modules/@moralisweb3/common-core/lib/cjs/index.cjs:83:23)
    at Object.throw (/home/eskillzs/eSKILLZ/node_modules/@moralisweb3/common-core/lib/cjs/index.cjs:64:53)
    at rejected (/home/eskillzs/eSKILLZ/node_modules/@moralisweb3/common-core/lib/cjs/index.cjs:55:65)
    at runMicrotasks (<anonymous>)
    at processTicksAndRejections (node:internal/process/task_queues:96:5) {
  isMoralisError: true,
  code: 'C0006',
  details: {
    status: 401,
    response: {
      status: 401,
      statusText: 'Unauthorized',
      headers: [Object [AxiosHeaders]],
      config: [Object],
      request: [ClientRequest],
      data: [Object]
    }
  },
  [cause]: AxiosError: Request failed with status code 401
      at settle (/home/eskillzs/eSKILLZ/node_modules/@moralisweb3/common-core/node_modules/axios/dist/node/axios.cjs:1966:12)
      at IncomingMessage.handleStreamEnd (/home/eskillzs/eSKILLZ/node_modules/@moralisweb3/common-core/node_modules/axios/dist/node/axios.cjs:3065:11)
      at IncomingMessage.emit (node:events:525:35)
      at endReadableNT (node:internal/streams/readable:1358:12)
      at processTicksAndRejections (node:internal/process/task_queues:83:21)
      at Axios.request (/home/eskillzs/eSKILLZ/node_modules/@moralisweb3/common-core/node_modules/axios/dist/node/axios.cjs:3876:41)
      at runMicrotasks (<anonymous>)
      at processTicksAndRejections (node:internal/process/task_queues:96:5) {
    code: 'ERR_BAD_REQUEST',
    config: {
      transitional: [Object],
      adapter: [Array],
      transformRequest: [Array],
      transformResponse: [Array],
      timeout: 20000,
      xsrfCookieName: 'XSRF-TOKEN',
      xsrfHeaderName: 'X-XSRF-TOKEN',
      maxContentLength: Infinity,
      maxBodyLength: Infinity,
      env: [Object],
      validateStatus: [Function: validateStatus],
      headers: [Object [AxiosHeaders]],
      method: 'get',
      url: 'https://deep-index.moralis.io/api/v2.2/0x09b54c67b180b67b76ef0012ee29cdeb1ab019a4/nft',
      params: [Object],
      data: undefined
    },
    request: ClientRequest {
      _events: [Object: null prototype],
      _eventsCount: 7,
      _maxListeners: undefined,
      outputData: [],
      outputSize: 0,
      writable: true,
      destroyed: false,
      _last: true,
      chunkedEncoding: false,
      shouldKeepAlive: false,
      maxRequestsOnConnectionReached: false,
      _defaultKeepAlive: true,
      useChunkedEncodingByDefault: false,
      sendDate: false,
      _removedConnection: false,
      _removedContLen: false,
      _removedTE: false,
      strictContentLength: false,
      _contentLength: 0,
      _hasBody: true,
      _trailer: '',
      finished: true,
      _headerSent: true,
      _closed: false,
      socket: [TLSSocket],
      _header: 'GET /api/v2.2/0x09b54c67b180b67b76ef0012ee29cdeb1ab019a4/nft?chain=0x89&format=decimal&token_addresses[]=0x39d007bae99bdd1e4c3cec4a58496b05330fec0a&media_items=true HTTP/1.1\r\n' +
        'Accept: application/json, text/plain, */*\r\n' +
        'x-moralis-platform: NodeJS SDK\r\n' +
        'x-moralis-platform-version: 2.25.1\r\n' +
        'x-moralis-build-target: node\r\n' +
        'x-api-key: eyJhbGciOiJIUzI1NiIsInR5cCI6IkpXVCJ9.eyJub25jZSI6Ijk3MjlmNmY0LTA4OTQtNGZkOC04NzBkLTkyZDFmOTZhMTljMiIsIm9yZ0lkIjoiMjk1MTU4IiwidXNlcklkIjoiMzAyMTA4IiwidHlwZUlkIjoiYTAyZmNhYmQtMGY3MC00ZjQ2LTg1NmUtZmQ1YjRmOTJiMWJkIiwidHlwZSI6IlBST0pFQ1QiLCJpYXQiOjE3MTA5MTc2MDMsImV4cCI6NDg2NjY3NzYwM30.bYdWb1zCQPrKR_Mn-CHHtvfBUCK7cSIbb6TQBTiu8j8\r\n' +
        'User-Agent: axios/1.6.8\r\n' +
        'Accept-Encoding: gzip, compress, deflate, br\r\n' +
        'Host: deep-index.moralis.io\r\n' +
        'Connection: close\r\n' +
        '\r\n',
      _keepAliveTimeout: 0,
      _onPendingData: [Function: nop],
      agent: [Agent],
      socketPath: undefined,
      method: 'GET',
      maxHeaderSize: undefined,
      insecureHTTPParser: undefined,
      path: '/api/v2.2/0x09b54c67b180b67b76ef0012ee29cdeb1ab019a4/nft?chain=0x89&format=decimal&token_addresses[]=0x39d007bae99bdd1e4c3cec4a58496b05330fec0a&media_items=true',
      _ended: true,
      res: [IncomingMessage],
      aborted: false,
      timeoutCb: null,
      upgradeOrConnect: false,
      parser: null,
      maxHeadersCount: null,
      reusedSocket: false,
      host: 'deep-index.moralis.io',
      protocol: 'https:',
      _redirectable: [Writable],
      [Symbol(kCapture)]: false,
      [Symbol(kBytesWritten)]: 0,
      [Symbol(kEndCalled)]: true,
      [Symbol(kNeedDrain)]: false,
      [Symbol(corked)]: 0,
      [Symbol(kOutHeaders)]: [Object: null prototype],
      [Symbol(kUniqueHeaders)]: null
    },
    response: {
      status: 401,
      statusText: 'Unauthorized',
      headers: [Object [AxiosHeaders]],
      config: [Object],
      request: [ClientRequest],
      data: [Object]
    }
  }
}
MoralisError [Moralis SDK Core Error]: [C0006] Request failed, Unauthorized(401): Invalid key
    at RequestController.makeError (/home/eskillzs/eSKILLZ/node_modules/@moralisweb3/common-core/lib/cjs/index.cjs:1224:20)
    at RequestController.<anonymous> (/home/eskillzs/eSKILLZ/node_modules/@moralisweb3/common-core/lib/cjs/index.cjs:1205:38)
    at step (/home/eskillzs/eSKILLZ/node_modules/@moralisweb3/common-core/lib/cjs/index.cjs:83:23)
    at Object.throw (/home/eskillzs/eSKILLZ/node_modules/@moralisweb3/common-core/lib/cjs/index.cjs:64:53)
    at rejected (/home/eskillzs/eSKILLZ/node_modules/@moralisweb3/common-core/lib/cjs/index.cjs:55:65)
    at runMicrotasks (<anonymous>)
    at processTicksAndRejections (node:internal/process/task_queues:96:5) {
  isMoralisError: true,
  code: 'C0006',
  details: {
    status: 401,
    response: {
      status: 401,
      statusText: 'Unauthorized',
      headers: [Object [AxiosHeaders]],
      config: [Object],
      request: [ClientRequest],
      data: [Object]
    }
  },
  [cause]: AxiosError: Request failed with status code 401
      at settle (/home/eskillzs/eSKILLZ/node_modules/@moralisweb3/common-core/node_modules/axios/dist/node/axios.cjs:1966:12)
      at IncomingMessage.handleStreamEnd (/home/eskillzs/eSKILLZ/node_modules/@moralisweb3/common-core/node_modules/axios/dist/node/axios.cjs:3065:11)
      at IncomingMessage.emit (node:events:525:35)
      at endReadableNT (node:internal/streams/readable:1358:12)
      at processTicksAndRejections (node:internal/process/task_queues:83:21)
      at Axios.request (/home/eskillzs/eSKILLZ/node_modules/@moralisweb3/common-core/node_modules/axios/dist/node/axios.cjs:3876:41)
      at runMicrotasks (<anonymous>)
      at processTicksAndRejections (node:internal/process/task_queues:96:5) {
    code: 'ERR_BAD_REQUEST',
    config: {
      transitional: [Object],
      adapter: [Array],
      transformRequest: [Array],
      transformResponse: [Array],
      timeout: 20000,
      xsrfCookieName: 'XSRF-TOKEN',
      xsrfHeaderName: 'X-XSRF-TOKEN',
      maxContentLength: Infinity,
      maxBodyLength: Infinity,
      env: [Object],
      validateStatus: [Function: validateStatus],
      headers: [Object [AxiosHeaders]],
      method: 'get',
      url: 'https://deep-index.moralis.io/api/v2.2/0x09b54c67b180b67b76ef0012ee29cdeb1ab019a4/nft',
      params: [Object],
      data: undefined
    },
    request: ClientRequest {
      _events: [Object: null prototype],
      _eventsCount: 7,
      _maxListeners: undefined,
      outputData: [],
      outputSize: 0,
      writable: true,
      destroyed: false,
      _last: true,
      chunkedEncoding: false,
      shouldKeepAlive: false,
      maxRequestsOnConnectionReached: false,
      _defaultKeepAlive: true,
      useChunkedEncodingByDefault: false,
      sendDate: false,
      _removedConnection: false,
      _removedContLen: false,
      _removedTE: false,
      strictContentLength: false,
      _contentLength: 0,
      _hasBody: true,
      _trailer: '',
      finished: true,
      _headerSent: true,
      _closed: false,
      socket: [TLSSocket],
      _header: 'GET /api/v2.2/0x09b54c67b180b67b76ef0012ee29cdeb1ab019a4/nft?chain=0x89&format=decimal&token_addresses[]=0xb61df32b42d9f5518f52093caef0f1104e2a4b04&media_items=true HTTP/1.1\r\n' +
        'Accept: application/json, text/plain, */*\r\n' +
        'x-moralis-platform: NodeJS SDK\r\n' +
        'x-moralis-platform-version: 2.25.1\r\n' +
        'x-moralis-build-target: node\r\n' +
        'x-api-key: eyJhbGciOiJIUzI1NiIsInR5cCI6IkpXVCJ9.eyJub25jZSI6Ijk3MjlmNmY0LTA4OTQtNGZkOC04NzBkLTkyZDFmOTZhMTljMiIsIm9yZ0lkIjoiMjk1MTU4IiwidXNlcklkIjoiMzAyMTA4IiwidHlwZUlkIjoiYTAyZmNhYmQtMGY3MC00ZjQ2LTg1NmUtZmQ1YjRmOTJiMWJkIiwidHlwZSI6IlBST0pFQ1QiLCJpYXQiOjE3MTA5MTc2MDMsImV4cCI6NDg2NjY3NzYwM30.bYdWb1zCQPrKR_Mn-CHHtvfBUCK7cSIbb6TQBTiu8j8\r\n' +
        'User-Agent: axios/1.6.8\r\n' +
        'Accept-Encoding: gzip, compress, deflate, br\r\n' +
        'Host: deep-index.moralis.io\r\n' +
        'Connection: close\r\n' +
        '\r\n',
      _keepAliveTimeout: 0,
      _onPendingData: [Function: nop],
      agent: [Agent],
      socketPath: undefined,
      method: 'GET',
      maxHeaderSize: undefined,
      insecureHTTPParser: undefined,
      path: '/api/v2.2/0x09b54c67b180b67b76ef0012ee29cdeb1ab019a4/nft?chain=0x89&format=decimal&token_addresses[]=0xb61df32b42d9f5518f52093caef0f1104e2a4b04&media_items=true',
      _ended: true,
      res: [IncomingMessage],
      aborted: false,
      timeoutCb: null,
      upgradeOrConnect: false,
      parser: null,
      maxHeadersCount: null,
      reusedSocket: false,
      host: 'deep-index.moralis.io',
      protocol: 'https:',
      _redirectable: [Writable],
      [Symbol(kCapture)]: false,
      [Symbol(kBytesWritten)]: 0,
      [Symbol(kEndCalled)]: true,
      [Symbol(kNeedDrain)]: false,
      [Symbol(corked)]: 0,
      [Symbol(kOutHeaders)]: [Object: null prototype],
      [Symbol(kUniqueHeaders)]: null
    },
    response: {
      status: 401,
      statusText: 'Unauthorized',
      headers: [Object [AxiosHeaders]],
      config: [Object],
      request: [ClientRequest],
      data: [Object]
    }
  }
}
MoralisError [Moralis SDK Core Error]: [C0006] Request failed, Unauthorized(401): Invalid key
    at RequestController.makeError (/home/eskillzs/eSKILLZ/node_modules/@moralisweb3/common-core/lib/cjs/index.cjs:1224:20)
    at RequestController.<anonymous> (/home/eskillzs/eSKILLZ/node_modules/@moralisweb3/common-core/lib/cjs/index.cjs:1205:38)
    at step (/home/eskillzs/eSKILLZ/node_modules/@moralisweb3/common-core/lib/cjs/index.cjs:83:23)
    at Object.throw (/home/eskillzs/eSKILLZ/node_modules/@moralisweb3/common-core/lib/cjs/index.cjs:64:53)
    at rejected (/home/eskillzs/eSKILLZ/node_modules/@moralisweb3/common-core/lib/cjs/index.cjs:55:65)
    at runMicrotasks (<anonymous>)
    at processTicksAndRejections (node:internal/process/task_queues:96:5) {
  isMoralisError: true,
  code: 'C0006',
  details: {
    status: 401,
    response: {
      status: 401,
      statusText: 'Unauthorized',
      headers: [Object [AxiosHeaders]],
      config: [Object],
      request: [ClientRequest],
      data: [Object]
    }
  },
  [cause]: AxiosError: Request failed with status code 401
      at settle (/home/eskillzs/eSKILLZ/node_modules/@moralisweb3/common-core/node_modules/axios/dist/node/axios.cjs:1966:12)
      at IncomingMessage.handleStreamEnd (/home/eskillzs/eSKILLZ/node_modules/@moralisweb3/common-core/node_modules/axios/dist/node/axios.cjs:3065:11)
      at IncomingMessage.emit (node:events:525:35)
      at endReadableNT (node:internal/streams/readable:1358:12)
      at processTicksAndRejections (node:internal/process/task_queues:83:21)
      at Axios.request (/home/eskillzs/eSKILLZ/node_modules/@moralisweb3/common-core/node_modules/axios/dist/node/axios.cjs:3876:41)
      at runMicrotasks (<anonymous>)
      at processTicksAndRejections (node:internal/process/task_queues:96:5) {
    code: 'ERR_BAD_REQUEST',
    config: {
      transitional: [Object],
      adapter: [Array],
      transformRequest: [Array],
      transformResponse: [Array],
      timeout: 20000,
      xsrfCookieName: 'XSRF-TOKEN',
      xsrfHeaderName: 'X-XSRF-TOKEN',
      maxContentLength: Infinity,
      maxBodyLength: Infinity,
      env: [Object],
      validateStatus: [Function: validateStatus],
      headers: [Object [AxiosHeaders]],
      method: 'get',
      url: 'https://deep-index.moralis.io/api/v2.2/0x09b54c67b180b67b76ef0012ee29cdeb1ab019a4/nft',
      params: [Object],
      data: undefined
    },
    request: ClientRequest {
      _events: [Object: null prototype],
      _eventsCount: 7,
      _maxListeners: undefined,
      outputData: [],
      outputSize: 0,
      writable: true,
      destroyed: false,
      _last: true,
      chunkedEncoding: false,
      shouldKeepAlive: false,
      maxRequestsOnConnectionReached: false,
      _defaultKeepAlive: true,
      useChunkedEncodingByDefault: false,
      sendDate: false,
      _removedConnection: false,
      _removedContLen: false,
      _removedTE: false,
      strictContentLength: false,
      _contentLength: 0,
      _hasBody: true,
      _trailer: '',
      finished: true,
      _headerSent: true,
      _closed: false,
      socket: [TLSSocket],
      _header: 'GET /api/v2.2/0x09b54c67b180b67b76ef0012ee29cdeb1ab019a4/nft?chain=0x89&format=decimal&token_addresses[]=0x531a63b59ae113adfa318b46ced64bff94989bf8&media_items=true HTTP/1.1\r\n' +
        'Accept: application/json, text/plain, */*\r\n' +
        'x-moralis-platform: NodeJS SDK\r\n' +
        'x-moralis-platform-version: 2.25.1\r\n' +
        'x-moralis-build-target: node\r\n' +
        'x-api-key: eyJhbGciOiJIUzI1NiIsInR5cCI6IkpXVCJ9.eyJub25jZSI6Ijk3MjlmNmY0LTA4OTQtNGZkOC04NzBkLTkyZDFmOTZhMTljMiIsIm9yZ0lkIjoiMjk1MTU4IiwidXNlcklkIjoiMzAyMTA4IiwidHlwZUlkIjoiYTAyZmNhYmQtMGY3MC00ZjQ2LTg1NmUtZmQ1YjRmOTJiMWJkIiwidHlwZSI6IlBST0pFQ1QiLCJpYXQiOjE3MTA5MTc2MDMsImV4cCI6NDg2NjY3NzYwM30.bYdWb1zCQPrKR_Mn-CHHtvfBUCK7cSIbb6TQBTiu8j8\r\n' +
        'User-Agent: axios/1.6.8\r\n' +
        'Accept-Encoding: gzip, compress, deflate, br\r\n' +
        'Host: deep-index.moralis.io\r\n' +
        'Connection: close\r\n' +
        '\r\n',
      _keepAliveTimeout: 0,
      _onPendingData: [Function: nop],
      agent: [Agent],
      socketPath: undefined,
      method: 'GET',
      maxHeaderSize: undefined,
      insecureHTTPParser: undefined,
      path: '/api/v2.2/0x09b54c67b180b67b76ef0012ee29cdeb1ab019a4/nft?chain=0x89&format=decimal&token_addresses[]=0x531a63b59ae113adfa318b46ced64bff94989bf8&media_items=true',
      _ended: true,
      res: [IncomingMessage],
      aborted: false,
      timeoutCb: null,
      upgradeOrConnect: false,
      parser: null,
      maxHeadersCount: null,
      reusedSocket: false,
      host: 'deep-index.moralis.io',
      protocol: 'https:',
      _redirectable: [Writable],
      [Symbol(kCapture)]: false,
      [Symbol(kBytesWritten)]: 0,
      [Symbol(kEndCalled)]: true,
      [Symbol(kNeedDrain)]: false,
      [Symbol(corked)]: 0,
      [Symbol(kOutHeaders)]: [Object: null prototype],
      [Symbol(kUniqueHeaders)]: null
    },
    response: {
      status: 401,
      statusText: 'Unauthorized',
      headers: [Object [AxiosHeaders]],
      config: [Object],
      request: [ClientRequest],
      data: [Object]
    }
  }
}
MoralisError [Moralis SDK Core Error]: [C0006] Request failed, Unauthorized(401): Invalid key
    at RequestController.makeError (/home/eskillzs/eSKILLZ/node_modules/@moralisweb3/common-core/lib/cjs/index.cjs:1224:20)
    at RequestController.<anonymous> (/home/eskillzs/eSKILLZ/node_modules/@moralisweb3/common-core/lib/cjs/index.cjs:1205:38)
    at step (/home/eskillzs/eSKILLZ/node_modules/@moralisweb3/common-core/lib/cjs/index.cjs:83:23)
    at Object.throw (/home/eskillzs/eSKILLZ/node_modules/@moralisweb3/common-core/lib/cjs/index.cjs:64:53)
    at rejected (/home/eskillzs/eSKILLZ/node_modules/@moralisweb3/common-core/lib/cjs/index.cjs:55:65)
    at runMicrotasks (<anonymous>)
    at processTicksAndRejections (node:internal/process/task_queues:96:5) {
  isMoralisError: true,
  code: 'C0006',
  details: {
    status: 401,
    response: {
      status: 401,
      statusText: 'Unauthorized',
      headers: [Object [AxiosHeaders]],
      config: [Object],
      request: [ClientRequest],
      data: [Object]
    }
  },
  [cause]: AxiosError: Request failed with status code 401
      at settle (/home/eskillzs/eSKILLZ/node_modules/@moralisweb3/common-core/node_modules/axios/dist/node/axios.cjs:1966:12)
      at IncomingMessage.handleStreamEnd (/home/eskillzs/eSKILLZ/node_modules/@moralisweb3/common-core/node_modules/axios/dist/node/axios.cjs:3065:11)
      at IncomingMessage.emit (node:events:525:35)
      at endReadableNT (node:internal/streams/readable:1358:12)
      at processTicksAndRejections (node:internal/process/task_queues:83:21)
      at Axios.request (/home/eskillzs/eSKILLZ/node_modules/@moralisweb3/common-core/node_modules/axios/dist/node/axios.cjs:3876:41)
      at runMicrotasks (<anonymous>)
      at processTicksAndRejections (node:internal/process/task_queues:96:5) {
    code: 'ERR_BAD_REQUEST',
    config: {
      transitional: [Object],
      adapter: [Array],
      transformRequest: [Array],
      transformResponse: [Array],
      timeout: 20000,
      xsrfCookieName: 'XSRF-TOKEN',
      xsrfHeaderName: 'X-XSRF-TOKEN',
      maxContentLength: Infinity,
      maxBodyLength: Infinity,
      env: [Object],
      validateStatus: [Function: validateStatus],
      headers: [Object [AxiosHeaders]],
      method: 'get',
      url: 'https://deep-index.moralis.io/api/v2.2/0x09b54c67b180b67b76ef0012ee29cdeb1ab019a4/nft',
      params: [Object],
      data: undefined
    },
    request: ClientRequest {
      _events: [Object: null prototype],
      _eventsCount: 7,
      _maxListeners: undefined,
      outputData: [],
      outputSize: 0,
      writable: true,
      destroyed: false,
      _last: true,
      chunkedEncoding: false,
      shouldKeepAlive: false,
      maxRequestsOnConnectionReached: false,
      _defaultKeepAlive: true,
      useChunkedEncodingByDefault: false,
      sendDate: false,
      _removedConnection: false,
      _removedContLen: false,
      _removedTE: false,
      strictContentLength: false,
      _contentLength: 0,
      _hasBody: true,
      _trailer: '',
      finished: true,
      _headerSent: true,
      _closed: false,
      socket: [TLSSocket],
      _header: 'GET /api/v2.2/0x09b54c67b180b67b76ef0012ee29cdeb1ab019a4/nft?chain=0x89&format=decimal&token_addresses[]=0xd9095c42fab1f40a7f376078431ab984776ace95&media_items=true HTTP/1.1\r\n' +
        'Accept: application/json, text/plain, */*\r\n' +
        'x-moralis-platform: NodeJS SDK\r\n' +
        'x-moralis-platform-version: 2.25.1\r\n' +
        'x-moralis-build-target: node\r\n' +
        'x-api-key: eyJhbGciOiJIUzI1NiIsInR5cCI6IkpXVCJ9.eyJub25jZSI6Ijk3MjlmNmY0LTA4OTQtNGZkOC04NzBkLTkyZDFmOTZhMTljMiIsIm9yZ0lkIjoiMjk1MTU4IiwidXNlcklkIjoiMzAyMTA4IiwidHlwZUlkIjoiYTAyZmNhYmQtMGY3MC00ZjQ2LTg1NmUtZmQ1YjRmOTJiMWJkIiwidHlwZSI6IlBST0pFQ1QiLCJpYXQiOjE3MTA5MTc2MDMsImV4cCI6NDg2NjY3NzYwM30.bYdWb1zCQPrKR_Mn-CHHtvfBUCK7cSIbb6TQBTiu8j8\r\n' +
        'User-Agent: axios/1.6.8\r\n' +
        'Accept-Encoding: gzip, compress, deflate, br\r\n' +
        'Host: deep-index.moralis.io\r\n' +
        'Connection: close\r\n' +
        '\r\n',
      _keepAliveTimeout: 0,
      _onPendingData: [Function: nop],
      agent: [Agent],
      socketPath: undefined,
      method: 'GET',
      maxHeaderSize: undefined,
      insecureHTTPParser: undefined,
      path: '/api/v2.2/0x09b54c67b180b67b76ef0012ee29cdeb1ab019a4/nft?chain=0x89&format=decimal&token_addresses[]=0xd9095c42fab1f40a7f376078431ab984776ace95&media_items=true',
      _ended: true,
      res: [IncomingMessage],
      aborted: false,
      timeoutCb: null,
      upgradeOrConnect: false,
      parser: null,
      maxHeadersCount: null,
      reusedSocket: false,
      host: 'deep-index.moralis.io',
      protocol: 'https:',
      _redirectable: [Writable],
      [Symbol(kCapture)]: false,
      [Symbol(kBytesWritten)]: 0,
      [Symbol(kEndCalled)]: true,
      [Symbol(kNeedDrain)]: false,
      [Symbol(corked)]: 0,
      [Symbol(kOutHeaders)]: [Object: null prototype],
      [Symbol(kUniqueHeaders)]: null
    },
    response: {
      status: 401,
      statusText: 'Unauthorized',
      headers: [Object [AxiosHeaders]],
      config: [Object],
      request: [ClientRequest],
      data: [Object]
    }
  }
}
MoralisError [Moralis SDK Core Error]: [C0006] Request failed, Unauthorized(401): Invalid key
    at RequestController.makeError (/home/eskillzs/eSKILLZ/node_modules/@moralisweb3/common-core/lib/cjs/index.cjs:1224:20)
    at RequestController.<anonymous> (/home/eskillzs/eSKILLZ/node_modules/@moralisweb3/common-core/lib/cjs/index.cjs:1205:38)
    at step (/home/eskillzs/eSKILLZ/node_modules/@moralisweb3/common-core/lib/cjs/index.cjs:83:23)
    at Object.throw (/home/eskillzs/eSKILLZ/node_modules/@moralisweb3/common-core/lib/cjs/index.cjs:64:53)
    at rejected (/home/eskillzs/eSKILLZ/node_modules/@moralisweb3/common-core/lib/cjs/index.cjs:55:65)
    at runMicrotasks (<anonymous>)
    at processTicksAndRejections (node:internal/process/task_queues:96:5) {
  isMoralisError: true,
  code: 'C0006',
  details: {
    status: 401,
    response: {
      status: 401,
      statusText: 'Unauthorized',
      headers: [Object [AxiosHeaders]],
      config: [Object],
      request: [ClientRequest],
      data: [Object]
    }
  },
  [cause]: AxiosError: Request failed with status code 401
      at settle (/home/eskillzs/eSKILLZ/node_modules/@moralisweb3/common-core/node_modules/axios/dist/node/axios.cjs:1966:12)
      at IncomingMessage.handleStreamEnd (/home/eskillzs/eSKILLZ/node_modules/@moralisweb3/common-core/node_modules/axios/dist/node/axios.cjs:3065:11)
      at IncomingMessage.emit (node:events:525:35)
      at endReadableNT (node:internal/streams/readable:1358:12)
      at processTicksAndRejections (node:internal/process/task_queues:83:21)
      at Axios.request (/home/eskillzs/eSKILLZ/node_modules/@moralisweb3/common-core/node_modules/axios/dist/node/axios.cjs:3876:41)
      at runMicrotasks (<anonymous>)
      at processTicksAndRejections (node:internal/process/task_queues:96:5) {
    code: 'ERR_BAD_REQUEST',
    config: {
      transitional: [Object],
      adapter: [Array],
      transformRequest: [Array],
      transformResponse: [Array],
      timeout: 20000,
      xsrfCookieName: 'XSRF-TOKEN',
      xsrfHeaderName: 'X-XSRF-TOKEN',
      maxContentLength: Infinity,
      maxBodyLength: Infinity,
      env: [Object],
      validateStatus: [Function: validateStatus],
      headers: [Object [AxiosHeaders]],
      method: 'get',
      url: 'https://deep-index.moralis.io/api/v2.2/0x09b54c67b180b67b76ef0012ee29cdeb1ab019a4/nft',
      params: [Object],
      data: undefined
    },
    request: ClientRequest {
      _events: [Object: null prototype],
      _eventsCount: 7,
      _maxListeners: undefined,
      outputData: [],
      outputSize: 0,
      writable: true,
      destroyed: false,
      _last: true,
      chunkedEncoding: false,
      shouldKeepAlive: false,
      maxRequestsOnConnectionReached: false,
      _defaultKeepAlive: true,
      useChunkedEncodingByDefault: false,
      sendDate: false,
      _removedConnection: false,
      _removedContLen: false,
      _removedTE: false,
      strictContentLength: false,
      _contentLength: 0,
      _hasBody: true,
      _trailer: '',
      finished: true,
      _headerSent: true,
      _closed: false,
      socket: [TLSSocket],
      _header: 'GET /api/v2.2/0x09b54c67b180b67b76ef0012ee29cdeb1ab019a4/nft?chain=0x89&format=decimal&token_addresses[]=0xc7e269fe785d5def61c29c91dc254067f75568be&media_items=true HTTP/1.1\r\n' +
        'Accept: application/json, text/plain, */*\r\n' +
        'x-moralis-platform: NodeJS SDK\r\n' +
        'x-moralis-platform-version: 2.25.1\r\n' +
        'x-moralis-build-target: node\r\n' +
        'x-api-key: eyJhbGciOiJIUzI1NiIsInR5cCI6IkpXVCJ9.eyJub25jZSI6Ijk3MjlmNmY0LTA4OTQtNGZkOC04NzBkLTkyZDFmOTZhMTljMiIsIm9yZ0lkIjoiMjk1MTU4IiwidXNlcklkIjoiMzAyMTA4IiwidHlwZUlkIjoiYTAyZmNhYmQtMGY3MC00ZjQ2LTg1NmUtZmQ1YjRmOTJiMWJkIiwidHlwZSI6IlBST0pFQ1QiLCJpYXQiOjE3MTA5MTc2MDMsImV4cCI6NDg2NjY3NzYwM30.bYdWb1zCQPrKR_Mn-CHHtvfBUCK7cSIbb6TQBTiu8j8\r\n' +
        'User-Agent: axios/1.6.8\r\n' +
        'Accept-Encoding: gzip, compress, deflate, br\r\n' +
        'Host: deep-index.moralis.io\r\n' +
        'Connection: close\r\n' +
        '\r\n',
      _keepAliveTimeout: 0,
      _onPendingData: [Function: nop],
      agent: [Agent],
      socketPath: undefined,
      method: 'GET',
      maxHeaderSize: undefined,
      insecureHTTPParser: undefined,
      path: '/api/v2.2/0x09b54c67b180b67b76ef0012ee29cdeb1ab019a4/nft?chain=0x89&format=decimal&token_addresses[]=0xc7e269fe785d5def61c29c91dc254067f75568be&media_items=true',
      _ended: true,
      res: [IncomingMessage],
      aborted: false,
      timeoutCb: null,
      upgradeOrConnect: false,
      parser: null,
      maxHeadersCount: null,
      reusedSocket: false,
      host: 'deep-index.moralis.io',
      protocol: 'https:',
      _redirectable: [Writable],
      [Symbol(kCapture)]: false,
      [Symbol(kBytesWritten)]: 0,
      [Symbol(kEndCalled)]: true,
      [Symbol(kNeedDrain)]: false,
      [Symbol(corked)]: 0,
      [Symbol(kOutHeaders)]: [Object: null prototype],
      [Symbol(kUniqueHeaders)]: null
    },
    response: {
      status: 401,
      statusText: 'Unauthorized',
      headers: [Object [AxiosHeaders]],
      config: [Object],
      request: [ClientRequest],
      data: [Object]
    }
  }
}
MoralisError [Moralis SDK Core Error]: [C0006] Request failed, Unauthorized(401): Invalid key
    at RequestController.makeError (/home/eskillzs/eSKILLZ/node_modules/@moralisweb3/common-core/lib/cjs/index.cjs:1224:20)
    at RequestController.<anonymous> (/home/eskillzs/eSKILLZ/node_modules/@moralisweb3/common-core/lib/cjs/index.cjs:1205:38)
    at step (/home/eskillzs/eSKILLZ/node_modules/@moralisweb3/common-core/lib/cjs/index.cjs:83:23)
    at Object.throw (/home/eskillzs/eSKILLZ/node_modules/@moralisweb3/common-core/lib/cjs/index.cjs:64:53)
    at rejected (/home/eskillzs/eSKILLZ/node_modules/@moralisweb3/common-core/lib/cjs/index.cjs:55:65)
    at runMicrotasks (<anonymous>)
    at processTicksAndRejections (node:internal/process/task_queues:96:5) {
  isMoralisError: true,
  code: 'C0006',
  details: {
    status: 401,
    response: {
      status: 401,
      statusText: 'Unauthorized',
      headers: [Object [AxiosHeaders]],
      config: [Object],
      request: [ClientRequest],
      data: [Object]
    }
  },
  [cause]: AxiosError: Request failed with status code 401
      at settle (/home/eskillzs/eSKILLZ/node_modules/@moralisweb3/common-core/node_modules/axios/dist/node/axios.cjs:1966:12)
      at IncomingMessage.handleStreamEnd (/home/eskillzs/eSKILLZ/node_modules/@moralisweb3/common-core/node_modules/axios/dist/node/axios.cjs:3065:11)
      at IncomingMessage.emit (node:events:525:35)
      at endReadableNT (node:internal/streams/readable:1358:12)
      at processTicksAndRejections (node:internal/process/task_queues:83:21)
      at Axios.request (/home/eskillzs/eSKILLZ/node_modules/@moralisweb3/common-core/node_modules/axios/dist/node/axios.cjs:3876:41)
      at runMicrotasks (<anonymous>)
      at processTicksAndRejections (node:internal/process/task_queues:96:5) {
    code: 'ERR_BAD_REQUEST',
    config: {
      transitional: [Object],
      adapter: [Array],
      transformRequest: [Array],
      transformResponse: [Array],
      timeout: 20000,
      xsrfCookieName: 'XSRF-TOKEN',
      xsrfHeaderName: 'X-XSRF-TOKEN',
      maxContentLength: Infinity,
      maxBodyLength: Infinity,
      env: [Object],
      validateStatus: [Function: validateStatus],
      headers: [Object [AxiosHeaders]],
      method: 'get',
      url: 'https://deep-index.moralis.io/api/v2.2/0x09b54c67b180b67b76ef0012ee29cdeb1ab019a4/nft',
      params: [Object],
      data: undefined
    },
    request: ClientRequest {
      _events: [Object: null prototype],
      _eventsCount: 7,
      _maxListeners: undefined,
      outputData: [],
      outputSize: 0,
      writable: true,
      destroyed: false,
      _last: true,
      chunkedEncoding: false,
      shouldKeepAlive: false,
      maxRequestsOnConnectionReached: false,
      _defaultKeepAlive: true,
      useChunkedEncodingByDefault: false,
      sendDate: false,
      _removedConnection: false,
      _removedContLen: false,
      _removedTE: false,
      strictContentLength: false,
      _contentLength: 0,
      _hasBody: true,
      _trailer: '',
      finished: true,
      _headerSent: true,
      _closed: false,
      socket: [TLSSocket],
      _header: 'GET /api/v2.2/0x09b54c67b180b67b76ef0012ee29cdeb1ab019a4/nft?chain=0x89&format=decimal&token_addresses[]=0x072612df4b37004f6f27cf1a03ba3966e1774685&media_items=true HTTP/1.1\r\n' +
        'Accept: application/json, text/plain, */*\r\n' +
        'x-moralis-platform: NodeJS SDK\r\n' +
        'x-moralis-platform-version: 2.25.1\r\n' +
        'x-moralis-build-target: node\r\n' +
        'x-api-key: eyJhbGciOiJIUzI1NiIsInR5cCI6IkpXVCJ9.eyJub25jZSI6Ijk3MjlmNmY0LTA4OTQtNGZkOC04NzBkLTkyZDFmOTZhMTljMiIsIm9yZ0lkIjoiMjk1MTU4IiwidXNlcklkIjoiMzAyMTA4IiwidHlwZUlkIjoiYTAyZmNhYmQtMGY3MC00ZjQ2LTg1NmUtZmQ1YjRmOTJiMWJkIiwidHlwZSI6IlBST0pFQ1QiLCJpYXQiOjE3MTA5MTc2MDMsImV4cCI6NDg2NjY3NzYwM30.bYdWb1zCQPrKR_Mn-CHHtvfBUCK7cSIbb6TQBTiu8j8\r\n' +
        'User-Agent: axios/1.6.8\r\n' +
        'Accept-Encoding: gzip, compress, deflate, br\r\n' +
        'Host: deep-index.moralis.io\r\n' +
        'Connection: close\r\n' +
        '\r\n',
      _keepAliveTimeout: 0,
      _onPendingData: [Function: nop],
      agent: [Agent],
      socketPath: undefined,
      method: 'GET',
      maxHeaderSize: undefined,
      insecureHTTPParser: undefined,
      path: '/api/v2.2/0x09b54c67b180b67b76ef0012ee29cdeb1ab019a4/nft?chain=0x89&format=decimal&token_addresses[]=0x072612df4b37004f6f27cf1a03ba3966e1774685&media_items=true',
      _ended: true,
      res: [IncomingMessage],
      aborted: false,
      timeoutCb: null,
      upgradeOrConnect: false,
      parser: null,
      maxHeadersCount: null,
      reusedSocket: false,
      host: 'deep-index.moralis.io',
      protocol: 'https:',
      _redirectable: [Writable],
      [Symbol(kCapture)]: false,
      [Symbol(kBytesWritten)]: 0,
      [Symbol(kEndCalled)]: true,
      [Symbol(kNeedDrain)]: false,
      [Symbol(corked)]: 0,
      [Symbol(kOutHeaders)]: [Object: null prototype],
      [Symbol(kUniqueHeaders)]: null
    },
    response: {
      status: 401,
      statusText: 'Unauthorized',
      headers: [Object [AxiosHeaders]],
      config: [Object],
      request: [ClientRequest],
      data: [Object]
    }
  }
}
MoralisError [Moralis SDK Core Error]: [C0006] Request failed, Unauthorized(401): Invalid key
    at RequestController.makeError (/home/eskillzs/eSKILLZ/node_modules/@moralisweb3/common-core/lib/cjs/index.cjs:1224:20)
    at RequestController.<anonymous> (/home/eskillzs/eSKILLZ/node_modules/@moralisweb3/common-core/lib/cjs/index.cjs:1205:38)
    at step (/home/eskillzs/eSKILLZ/node_modules/@moralisweb3/common-core/lib/cjs/index.cjs:83:23)
    at Object.throw (/home/eskillzs/eSKILLZ/node_modules/@moralisweb3/common-core/lib/cjs/index.cjs:64:53)
    at rejected (/home/eskillzs/eSKILLZ/node_modules/@moralisweb3/common-core/lib/cjs/index.cjs:55:65)
    at runMicrotasks (<anonymous>)
    at processTicksAndRejections (node:internal/process/task_queues:96:5) {
  isMoralisError: true,
  code: 'C0006',
  details: {
    status: 401,
    response: {
      status: 401,
      statusText: 'Unauthorized',
      headers: [Object [AxiosHeaders]],
      config: [Object],
      request: [ClientRequest],
      data: [Object]
    }
  },
  [cause]: AxiosError: Request failed with status code 401
      at settle (/home/eskillzs/eSKILLZ/node_modules/@moralisweb3/common-core/node_modules/axios/dist/node/axios.cjs:1966:12)
      at IncomingMessage.handleStreamEnd (/home/eskillzs/eSKILLZ/node_modules/@moralisweb3/common-core/node_modules/axios/dist/node/axios.cjs:3065:11)
      at IncomingMessage.emit (node:events:525:35)
      at endReadableNT (node:internal/streams/readable:1358:12)
      at processTicksAndRejections (node:internal/process/task_queues:83:21)
      at Axios.request (/home/eskillzs/eSKILLZ/node_modules/@moralisweb3/common-core/node_modules/axios/dist/node/axios.cjs:3876:41)
      at runMicrotasks (<anonymous>)
      at processTicksAndRejections (node:internal/process/task_queues:96:5) {
    code: 'ERR_BAD_REQUEST',
    config: {
      transitional: [Object],
      adapter: [Array],
      transformRequest: [Array],
      transformResponse: [Array],
      timeout: 20000,
      xsrfCookieName: 'XSRF-TOKEN',
      xsrfHeaderName: 'X-XSRF-TOKEN',
      maxContentLength: Infinity,
      maxBodyLength: Infinity,
      env: [Object],
      validateStatus: [Function: validateStatus],
      headers: [Object [AxiosHeaders]],
      method: 'get',
      url: 'https://deep-index.moralis.io/api/v2.2/0x09b54c67b180b67b76ef0012ee29cdeb1ab019a4/nft',
      params: [Object],
      data: undefined
    },
    request: ClientRequest {
      _events: [Object: null prototype],
      _eventsCount: 7,
      _maxListeners: undefined,
      outputData: [],
      outputSize: 0,
      writable: true,
      destroyed: false,
      _last: true,
      chunkedEncoding: false,
      shouldKeepAlive: false,
      maxRequestsOnConnectionReached: false,
      _defaultKeepAlive: true,
      useChunkedEncodingByDefault: false,
      sendDate: false,
      _removedConnection: false,
      _removedContLen: false,
      _removedTE: false,
      strictContentLength: false,
      _contentLength: 0,
      _hasBody: true,
      _trailer: '',
      finished: true,
      _headerSent: true,
      _closed: false,
      socket: [TLSSocket],
      _header: 'GET /api/v2.2/0x09b54c67b180b67b76ef0012ee29cdeb1ab019a4/nft?chain=0x89&format=decimal&token_addresses[]=0x823a7aa1e0a0d8648c1d19a4cdb0d21098b145ab&media_items=true HTTP/1.1\r\n' +
        'Accept: application/json, text/plain, */*\r\n' +
        'x-moralis-platform: NodeJS SDK\r\n' +
        'x-moralis-platform-version: 2.25.1\r\n' +
        'x-moralis-build-target: node\r\n' +
        'x-api-key: eyJhbGciOiJIUzI1NiIsInR5cCI6IkpXVCJ9.eyJub25jZSI6Ijk3MjlmNmY0LTA4OTQtNGZkOC04NzBkLTkyZDFmOTZhMTljMiIsIm9yZ0lkIjoiMjk1MTU4IiwidXNlcklkIjoiMzAyMTA4IiwidHlwZUlkIjoiYTAyZmNhYmQtMGY3MC00ZjQ2LTg1NmUtZmQ1YjRmOTJiMWJkIiwidHlwZSI6IlBST0pFQ1QiLCJpYXQiOjE3MTA5MTc2MDMsImV4cCI6NDg2NjY3NzYwM30.bYdWb1zCQPrKR_Mn-CHHtvfBUCK7cSIbb6TQBTiu8j8\r\n' +
        'User-Agent: axios/1.6.8\r\n' +
        'Accept-Encoding: gzip, compress, deflate, br\r\n' +
        'Host: deep-index.moralis.io\r\n' +
        'Connection: close\r\n' +
        '\r\n',
      _keepAliveTimeout: 0,
      _onPendingData: [Function: nop],
      agent: [Agent],
      socketPath: undefined,
      method: 'GET',
      maxHeaderSize: undefined,
      insecureHTTPParser: undefined,
      path: '/api/v2.2/0x09b54c67b180b67b76ef0012ee29cdeb1ab019a4/nft?chain=0x89&format=decimal&token_addresses[]=0x823a7aa1e0a0d8648c1d19a4cdb0d21098b145ab&media_items=true',
      _ended: true,
      res: [IncomingMessage],
      aborted: false,
      timeoutCb: null,
      upgradeOrConnect: false,
      parser: null,
      maxHeadersCount: null,
      reusedSocket: false,
      host: 'deep-index.moralis.io',
      protocol: 'https:',
      _redirectable: [Writable],
      [Symbol(kCapture)]: false,
      [Symbol(kBytesWritten)]: 0,
      [Symbol(kEndCalled)]: true,
      [Symbol(kNeedDrain)]: false,
      [Symbol(corked)]: 0,
      [Symbol(kOutHeaders)]: [Object: null prototype],
      [Symbol(kUniqueHeaders)]: null
    },
    response: {
      status: 401,
      statusText: 'Unauthorized',
      headers: [Object [AxiosHeaders]],
      config: [Object],
      request: [ClientRequest],
      data: [Object]
    }
  }
}
MoralisError [Moralis SDK Core Error]: [C0006] Request failed, Unauthorized(401): Invalid key
    at RequestController.makeError (/home/eskillzs/eSKILLZ/node_modules/@moralisweb3/common-core/lib/cjs/index.cjs:1224:20)
    at RequestController.<anonymous> (/home/eskillzs/eSKILLZ/node_modules/@moralisweb3/common-core/lib/cjs/index.cjs:1205:38)
    at step (/home/eskillzs/eSKILLZ/node_modules/@moralisweb3/common-core/lib/cjs/index.cjs:83:23)
    at Object.throw (/home/eskillzs/eSKILLZ/node_modules/@moralisweb3/common-core/lib/cjs/index.cjs:64:53)
    at rejected (/home/eskillzs/eSKILLZ/node_modules/@moralisweb3/common-core/lib/cjs/index.cjs:55:65)
    at runMicrotasks (<anonymous>)
    at processTicksAndRejections (node:internal/process/task_queues:96:5) {
  isMoralisError: true,
  code: 'C0006',
  details: {
    status: 401,
    response: {
      status: 401,
      statusText: 'Unauthorized',
      headers: [Object [AxiosHeaders]],
      config: [Object],
      request: [ClientRequest],
      data: [Object]
    }
  },
  [cause]: AxiosError: Request failed with status code 401
      at settle (/home/eskillzs/eSKILLZ/node_modules/@moralisweb3/common-core/node_modules/axios/dist/node/axios.cjs:1966:12)
      at IncomingMessage.handleStreamEnd (/home/eskillzs/eSKILLZ/node_modules/@moralisweb3/common-core/node_modules/axios/dist/node/axios.cjs:3065:11)
      at IncomingMessage.emit (node:events:525:35)
      at endReadableNT (node:internal/streams/readable:1358:12)
      at processTicksAndRejections (node:internal/process/task_queues:83:21)
      at Axios.request (/home/eskillzs/eSKILLZ/node_modules/@moralisweb3/common-core/node_modules/axios/dist/node/axios.cjs:3876:41)
      at runMicrotasks (<anonymous>)
      at processTicksAndRejections (node:internal/process/task_queues:96:5) {
    code: 'ERR_BAD_REQUEST',
    config: {
      transitional: [Object],
      adapter: [Array],
      transformRequest: [Array],
      transformResponse: [Array],
      timeout: 20000,
      xsrfCookieName: 'XSRF-TOKEN',
      xsrfHeaderName: 'X-XSRF-TOKEN',
      maxContentLength: Infinity,
      maxBodyLength: Infinity,
      env: [Object],
      validateStatus: [Function: validateStatus],
      headers: [Object [AxiosHeaders]],
      method: 'get',
      url: 'https://deep-index.moralis.io/api/v2.2/0x09b54c67b180b67b76ef0012ee29cdeb1ab019a4/nft',
      params: [Object],
      data: undefined
    },
    request: ClientRequest {
      _events: [Object: null prototype],
      _eventsCount: 7,
      _maxListeners: undefined,
      outputData: [],
      outputSize: 0,
      writable: true,
      destroyed: false,
      _last: true,
      chunkedEncoding: false,
      shouldKeepAlive: false,
      maxRequestsOnConnectionReached: false,
      _defaultKeepAlive: true,
      useChunkedEncodingByDefault: false,
      sendDate: false,
      _removedConnection: false,
      _removedContLen: false,
      _removedTE: false,
      strictContentLength: false,
      _contentLength: 0,
      _hasBody: true,
      _trailer: '',
      finished: true,
      _headerSent: true,
      _closed: false,
      socket: [TLSSocket],
      _header: 'GET /api/v2.2/0x09b54c67b180b67b76ef0012ee29cdeb1ab019a4/nft?chain=0x89&format=decimal&token_addresses[]=0xcd03575fd76aa553aea26812e9d68d0df5ad1ae3&media_items=true HTTP/1.1\r\n' +
        'Accept: application/json, text/plain, */*\r\n' +
        'x-moralis-platform: NodeJS SDK\r\n' +
        'x-moralis-platform-version: 2.25.1\r\n' +
        'x-moralis-build-target: node\r\n' +
        'x-api-key: eyJhbGciOiJIUzI1NiIsInR5cCI6IkpXVCJ9.eyJub25jZSI6Ijk3MjlmNmY0LTA4OTQtNGZkOC04NzBkLTkyZDFmOTZhMTljMiIsIm9yZ0lkIjoiMjk1MTU4IiwidXNlcklkIjoiMzAyMTA4IiwidHlwZUlkIjoiYTAyZmNhYmQtMGY3MC00ZjQ2LTg1NmUtZmQ1YjRmOTJiMWJkIiwidHlwZSI6IlBST0pFQ1QiLCJpYXQiOjE3MTA5MTc2MDMsImV4cCI6NDg2NjY3NzYwM30.bYdWb1zCQPrKR_Mn-CHHtvfBUCK7cSIbb6TQBTiu8j8\r\n' +
        'User-Agent: axios/1.6.8\r\n' +
        'Accept-Encoding: gzip, compress, deflate, br\r\n' +
        'Host: deep-index.moralis.io\r\n' +
        'Connection: close\r\n' +
        '\r\n',
      _keepAliveTimeout: 0,
      _onPendingData: [Function: nop],
      agent: [Agent],
      socketPath: undefined,
      method: 'GET',
      maxHeaderSize: undefined,
      insecureHTTPParser: undefined,
      path: '/api/v2.2/0x09b54c67b180b67b76ef0012ee29cdeb1ab019a4/nft?chain=0x89&format=decimal&token_addresses[]=0xcd03575fd76aa553aea26812e9d68d0df5ad1ae3&media_items=true',
      _ended: true,
      res: [IncomingMessage],
      aborted: false,
      timeoutCb: null,
      upgradeOrConnect: false,
      parser: null,
      maxHeadersCount: null,
      reusedSocket: false,
      host: 'deep-index.moralis.io',
      protocol: 'https:',
      _redirectable: [Writable],
      [Symbol(kCapture)]: false,
      [Symbol(kBytesWritten)]: 0,
      [Symbol(kEndCalled)]: true,
      [Symbol(kNeedDrain)]: false,
      [Symbol(corked)]: 0,
      [Symbol(kOutHeaders)]: [Object: null prototype],
      [Symbol(kUniqueHeaders)]: null
    },
    response: {
      status: 401,
      statusText: 'Unauthorized',
      headers: [Object [AxiosHeaders]],
      config: [Object],
      request: [ClientRequest],
      data: [Object]
    }
  }
}
MoralisError [Moralis SDK Core Error]: [C0006] Request failed, Unauthorized(401): Invalid key
    at RequestController.makeError (/home/eskillzs/eSKILLZ/node_modules/@moralisweb3/common-core/lib/cjs/index.cjs:1224:20)
    at RequestController.<anonymous> (/home/eskillzs/eSKILLZ/node_modules/@moralisweb3/common-core/lib/cjs/index.cjs:1205:38)
    at step (/home/eskillzs/eSKILLZ/node_modules/@moralisweb3/common-core/lib/cjs/index.cjs:83:23)
    at Object.throw (/home/eskillzs/eSKILLZ/node_modules/@moralisweb3/common-core/lib/cjs/index.cjs:64:53)
    at rejected (/home/eskillzs/eSKILLZ/node_modules/@moralisweb3/common-core/lib/cjs/index.cjs:55:65)
    at runMicrotasks (<anonymous>)
    at processTicksAndRejections (node:internal/process/task_queues:96:5) {
  isMoralisError: true,
  code: 'C0006',
  details: {
    status: 401,
    response: {
      status: 401,
      statusText: 'Unauthorized',
      headers: [Object [AxiosHeaders]],
      config: [Object],
      request: [ClientRequest],
      data: [Object]
    }
  },
  [cause]: AxiosError: Request failed with status code 401
      at settle (/home/eskillzs/eSKILLZ/node_modules/@moralisweb3/common-core/node_modules/axios/dist/node/axios.cjs:1966:12)
      at IncomingMessage.handleStreamEnd (/home/eskillzs/eSKILLZ/node_modules/@moralisweb3/common-core/node_modules/axios/dist/node/axios.cjs:3065:11)
      at IncomingMessage.emit (node:events:525:35)
      at endReadableNT (node:internal/streams/readable:1358:12)
      at processTicksAndRejections (node:internal/process/task_queues:83:21)
      at Axios.request (/home/eskillzs/eSKILLZ/node_modules/@moralisweb3/common-core/node_modules/axios/dist/node/axios.cjs:3876:41)
      at runMicrotasks (<anonymous>)
      at processTicksAndRejections (node:internal/process/task_queues:96:5) {
    code: 'ERR_BAD_REQUEST',
    config: {
      transitional: [Object],
      adapter: [Array],
      transformRequest: [Array],
      transformResponse: [Array],
      timeout: 20000,
      xsrfCookieName: 'XSRF-TOKEN',
      xsrfHeaderName: 'X-XSRF-TOKEN',
      maxContentLength: Infinity,
      maxBodyLength: Infinity,
      env: [Object],
      validateStatus: [Function: validateStatus],
      headers: [Object [AxiosHeaders]],
      method: 'get',
      url: 'https://deep-index.moralis.io/api/v2.2/0x09b54c67b180b67b76ef0012ee29cdeb1ab019a4/nft',
      params: [Object],
      data: undefined
    },
    request: ClientRequest {
      _events: [Object: null prototype],
      _eventsCount: 7,
      _maxListeners: undefined,
      outputData: [],
      outputSize: 0,
      writable: true,
      destroyed: false,
      _last: true,
      chunkedEncoding: false,
      shouldKeepAlive: false,
      maxRequestsOnConnectionReached: false,
      _defaultKeepAlive: true,
      useChunkedEncodingByDefault: false,
      sendDate: false,
      _removedConnection: false,
      _removedContLen: false,
      _removedTE: false,
      strictContentLength: false,
      _contentLength: 0,
      _hasBody: true,
      _trailer: '',
      finished: true,
      _headerSent: true,
      _closed: false,
      socket: [TLSSocket],
      _header: 'GET /api/v2.2/0x09b54c67b180b67b76ef0012ee29cdeb1ab019a4/nft?chain=0x89&format=decimal&token_addresses[]=0x39d007bae99bdd1e4c3cec4a58496b05330fec0a&media_items=true HTTP/1.1\r\n' +
        'Accept: application/json, text/plain, */*\r\n' +
        'x-moralis-platform: NodeJS SDK\r\n' +
        'x-moralis-platform-version: 2.25.1\r\n' +
        'x-moralis-build-target: node\r\n' +
        'x-api-key: eyJhbGciOiJIUzI1NiIsInR5cCI6IkpXVCJ9.eyJub25jZSI6Ijk3MjlmNmY0LTA4OTQtNGZkOC04NzBkLTkyZDFmOTZhMTljMiIsIm9yZ0lkIjoiMjk1MTU4IiwidXNlcklkIjoiMzAyMTA4IiwidHlwZUlkIjoiYTAyZmNhYmQtMGY3MC00ZjQ2LTg1NmUtZmQ1YjRmOTJiMWJkIiwidHlwZSI6IlBST0pFQ1QiLCJpYXQiOjE3MTA5MTc2MDMsImV4cCI6NDg2NjY3NzYwM30.bYdWb1zCQPrKR_Mn-CHHtvfBUCK7cSIbb6TQBTiu8j8\r\n' +
        'User-Agent: axios/1.6.8\r\n' +
        'Accept-Encoding: gzip, compress, deflate, br\r\n' +
        'Host: deep-index.moralis.io\r\n' +
        'Connection: close\r\n' +
        '\r\n',
      _keepAliveTimeout: 0,
      _onPendingData: [Function: nop],
      agent: [Agent],
      socketPath: undefined,
      method: 'GET',
      maxHeaderSize: undefined,
      insecureHTTPParser: undefined,
      path: '/api/v2.2/0x09b54c67b180b67b76ef0012ee29cdeb1ab019a4/nft?chain=0x89&format=decimal&token_addresses[]=0x39d007bae99bdd1e4c3cec4a58496b05330fec0a&media_items=true',
      _ended: true,
      res: [IncomingMessage],
      aborted: false,
      timeoutCb: null,
      upgradeOrConnect: false,
      parser: null,
      maxHeadersCount: null,
      reusedSocket: false,
      host: 'deep-index.moralis.io',
      protocol: 'https:',
      _redirectable: [Writable],
      [Symbol(kCapture)]: false,
      [Symbol(kBytesWritten)]: 0,
      [Symbol(kEndCalled)]: true,
      [Symbol(kNeedDrain)]: false,
      [Symbol(corked)]: 0,
      [Symbol(kOutHeaders)]: [Object: null prototype],
      [Symbol(kUniqueHeaders)]: null
    },
    response: {
      status: 401,
      statusText: 'Unauthorized',
      headers: [Object [AxiosHeaders]],
      config: [Object],
      request: [ClientRequest],
      data: [Object]
    }
  }
}
MoralisError [Moralis SDK Core Error]: [C0006] Request failed, Unauthorized(401): Invalid key
    at RequestController.makeError (/home/eskillzs/eSKILLZ/node_modules/@moralisweb3/common-core/lib/cjs/index.cjs:1224:20)
    at RequestController.<anonymous> (/home/eskillzs/eSKILLZ/node_modules/@moralisweb3/common-core/lib/cjs/index.cjs:1205:38)
    at step (/home/eskillzs/eSKILLZ/node_modules/@moralisweb3/common-core/lib/cjs/index.cjs:83:23)
    at Object.throw (/home/eskillzs/eSKILLZ/node_modules/@moralisweb3/common-core/lib/cjs/index.cjs:64:53)
    at rejected (/home/eskillzs/eSKILLZ/node_modules/@moralisweb3/common-core/lib/cjs/index.cjs:55:65)
    at runMicrotasks (<anonymous>)
    at processTicksAndRejections (node:internal/process/task_queues:96:5) {
  isMoralisError: true,
  code: 'C0006',
  details: {
    status: 401,
    response: {
      status: 401,
      statusText: 'Unauthorized',
      headers: [Object [AxiosHeaders]],
      config: [Object],
      request: [ClientRequest],
      data: [Object]
    }
  },
  [cause]: AxiosError: Request failed with status code 401
      at settle (/home/eskillzs/eSKILLZ/node_modules/@moralisweb3/common-core/node_modules/axios/dist/node/axios.cjs:1966:12)
      at IncomingMessage.handleStreamEnd (/home/eskillzs/eSKILLZ/node_modules/@moralisweb3/common-core/node_modules/axios/dist/node/axios.cjs:3065:11)
      at IncomingMessage.emit (node:events:525:35)
      at endReadableNT (node:internal/streams/readable:1358:12)
      at processTicksAndRejections (node:internal/process/task_queues:83:21)
      at Axios.request (/home/eskillzs/eSKILLZ/node_modules/@moralisweb3/common-core/node_modules/axios/dist/node/axios.cjs:3876:41)
      at runMicrotasks (<anonymous>)
      at processTicksAndRejections (node:internal/process/task_queues:96:5) {
    code: 'ERR_BAD_REQUEST',
    config: {
      transitional: [Object],
      adapter: [Array],
      transformRequest: [Array],
      transformResponse: [Array],
      timeout: 20000,
      xsrfCookieName: 'XSRF-TOKEN',
      xsrfHeaderName: 'X-XSRF-TOKEN',
      maxContentLength: Infinity,
      maxBodyLength: Infinity,
      env: [Object],
      validateStatus: [Function: validateStatus],
      headers: [Object [AxiosHeaders]],
      method: 'get',
      url: 'https://deep-index.moralis.io/api/v2.2/0x09b54c67b180b67b76ef0012ee29cdeb1ab019a4/nft',
      params: [Object],
      data: undefined
    },
    request: ClientRequest {
      _events: [Object: null prototype],
      _eventsCount: 7,
      _maxListeners: undefined,
      outputData: [],
      outputSize: 0,
      writable: true,
      destroyed: false,
      _last: true,
      chunkedEncoding: false,
      shouldKeepAlive: false,
      maxRequestsOnConnectionReached: false,
      _defaultKeepAlive: true,
      useChunkedEncodingByDefault: false,
      sendDate: false,
      _removedConnection: false,
      _removedContLen: false,
      _removedTE: false,
      strictContentLength: false,
      _contentLength: 0,
      _hasBody: true,
      _trailer: '',
      finished: true,
      _headerSent: true,
      _closed: false,
      socket: [TLSSocket],
      _header: 'GET /api/v2.2/0x09b54c67b180b67b76ef0012ee29cdeb1ab019a4/nft?chain=0x89&format=decimal&token_addresses[]=0xb61df32b42d9f5518f52093caef0f1104e2a4b04&media_items=true HTTP/1.1\r\n' +
        'Accept: application/json, text/plain, */*\r\n' +
        'x-moralis-platform: NodeJS SDK\r\n' +
        'x-moralis-platform-version: 2.25.1\r\n' +
        'x-moralis-build-target: node\r\n' +
        'x-api-key: eyJhbGciOiJIUzI1NiIsInR5cCI6IkpXVCJ9.eyJub25jZSI6Ijk3MjlmNmY0LTA4OTQtNGZkOC04NzBkLTkyZDFmOTZhMTljMiIsIm9yZ0lkIjoiMjk1MTU4IiwidXNlcklkIjoiMzAyMTA4IiwidHlwZUlkIjoiYTAyZmNhYmQtMGY3MC00ZjQ2LTg1NmUtZmQ1YjRmOTJiMWJkIiwidHlwZSI6IlBST0pFQ1QiLCJpYXQiOjE3MTA5MTc2MDMsImV4cCI6NDg2NjY3NzYwM30.bYdWb1zCQPrKR_Mn-CHHtvfBUCK7cSIbb6TQBTiu8j8\r\n' +
        'User-Agent: axios/1.6.8\r\n' +
        'Accept-Encoding: gzip, compress, deflate, br\r\n' +
        'Host: deep-index.moralis.io\r\n' +
        'Connection: close\r\n' +
        '\r\n',
      _keepAliveTimeout: 0,
      _onPendingData: [Function: nop],
      agent: [Agent],
      socketPath: undefined,
      method: 'GET',
      maxHeaderSize: undefined,
      insecureHTTPParser: undefined,
      path: '/api/v2.2/0x09b54c67b180b67b76ef0012ee29cdeb1ab019a4/nft?chain=0x89&format=decimal&token_addresses[]=0xb61df32b42d9f5518f52093caef0f1104e2a4b04&media_items=true',
      _ended: true,
      res: [IncomingMessage],
      aborted: false,
      timeoutCb: null,
      upgradeOrConnect: false,
      parser: null,
      maxHeadersCount: null,
      reusedSocket: false,
      host: 'deep-index.moralis.io',
      protocol: 'https:',
      _redirectable: [Writable],
      [Symbol(kCapture)]: false,
      [Symbol(kBytesWritten)]: 0,
      [Symbol(kEndCalled)]: true,
      [Symbol(kNeedDrain)]: false,
      [Symbol(corked)]: 0,
      [Symbol(kOutHeaders)]: [Object: null prototype],
      [Symbol(kUniqueHeaders)]: null
    },
    response: {
      status: 401,
      statusText: 'Unauthorized',
      headers: [Object [AxiosHeaders]],
      config: [Object],
      request: [ClientRequest],
      data: [Object]
    }
  }
}
MoralisError [Moralis SDK Core Error]: [C0006] Request failed, Unauthorized(401): Invalid key
    at RequestController.makeError (/home/eskillzs/eSKILLZ/node_modules/@moralisweb3/common-core/lib/cjs/index.cjs:1224:20)
    at RequestController.<anonymous> (/home/eskillzs/eSKILLZ/node_modules/@moralisweb3/common-core/lib/cjs/index.cjs:1205:38)
    at step (/home/eskillzs/eSKILLZ/node_modules/@moralisweb3/common-core/lib/cjs/index.cjs:83:23)
    at Object.throw (/home/eskillzs/eSKILLZ/node_modules/@moralisweb3/common-core/lib/cjs/index.cjs:64:53)
    at rejected (/home/eskillzs/eSKILLZ/node_modules/@moralisweb3/common-core/lib/cjs/index.cjs:55:65)
    at runMicrotasks (<anonymous>)
    at processTicksAndRejections (node:internal/process/task_queues:96:5) {
  isMoralisError: true,
  code: 'C0006',
  details: {
    status: 401,
    response: {
      status: 401,
      statusText: 'Unauthorized',
      headers: [Object [AxiosHeaders]],
      config: [Object],
      request: [ClientRequest],
      data: [Object]
    }
  },
  [cause]: AxiosError: Request failed with status code 401
      at settle (/home/eskillzs/eSKILLZ/node_modules/@moralisweb3/common-core/node_modules/axios/dist/node/axios.cjs:1966:12)
      at IncomingMessage.handleStreamEnd (/home/eskillzs/eSKILLZ/node_modules/@moralisweb3/common-core/node_modules/axios/dist/node/axios.cjs:3065:11)
      at IncomingMessage.emit (node:events:525:35)
      at endReadableNT (node:internal/streams/readable:1358:12)
      at processTicksAndRejections (node:internal/process/task_queues:83:21)
      at Axios.request (/home/eskillzs/eSKILLZ/node_modules/@moralisweb3/common-core/node_modules/axios/dist/node/axios.cjs:3876:41)
      at runMicrotasks (<anonymous>)
      at processTicksAndRejections (node:internal/process/task_queues:96:5) {
    code: 'ERR_BAD_REQUEST',
    config: {
      transitional: [Object],
      adapter: [Array],
      transformRequest: [Array],
      transformResponse: [Array],
      timeout: 20000,
      xsrfCookieName: 'XSRF-TOKEN',
      xsrfHeaderName: 'X-XSRF-TOKEN',
      maxContentLength: Infinity,
      maxBodyLength: Infinity,
      env: [Object],
      validateStatus: [Function: validateStatus],
      headers: [Object [AxiosHeaders]],
      method: 'get',
      url: 'https://deep-index.moralis.io/api/v2.2/0x09b54c67b180b67b76ef0012ee29cdeb1ab019a4/nft',
      params: [Object],
      data: undefined
    },
    request: ClientRequest {
      _events: [Object: null prototype],
      _eventsCount: 7,
      _maxListeners: undefined,
      outputData: [],
      outputSize: 0,
      writable: true,
      destroyed: false,
      _last: true,
      chunkedEncoding: false,
      shouldKeepAlive: false,
      maxRequestsOnConnectionReached: false,
      _defaultKeepAlive: true,
      useChunkedEncodingByDefault: false,
      sendDate: false,
      _removedConnection: false,
      _removedContLen: false,
      _removedTE: false,
      strictContentLength: false,
      _contentLength: 0,
      _hasBody: true,
      _trailer: '',
      finished: true,
      _headerSent: true,
      _closed: false,
      socket: [TLSSocket],
      _header: 'GET /api/v2.2/0x09b54c67b180b67b76ef0012ee29cdeb1ab019a4/nft?chain=0x89&format=decimal&token_addresses[]=0x531a63b59ae113adfa318b46ced64bff94989bf8&media_items=true HTTP/1.1\r\n' +
        'Accept: application/json, text/plain, */*\r\n' +
        'x-moralis-platform: NodeJS SDK\r\n' +
        'x-moralis-platform-version: 2.25.1\r\n' +
        'x-moralis-build-target: node\r\n' +
        'x-api-key: eyJhbGciOiJIUzI1NiIsInR5cCI6IkpXVCJ9.eyJub25jZSI6Ijk3MjlmNmY0LTA4OTQtNGZkOC04NzBkLTkyZDFmOTZhMTljMiIsIm9yZ0lkIjoiMjk1MTU4IiwidXNlcklkIjoiMzAyMTA4IiwidHlwZUlkIjoiYTAyZmNhYmQtMGY3MC00ZjQ2LTg1NmUtZmQ1YjRmOTJiMWJkIiwidHlwZSI6IlBST0pFQ1QiLCJpYXQiOjE3MTA5MTc2MDMsImV4cCI6NDg2NjY3NzYwM30.bYdWb1zCQPrKR_Mn-CHHtvfBUCK7cSIbb6TQBTiu8j8\r\n' +
        'User-Agent: axios/1.6.8\r\n' +
        'Accept-Encoding: gzip, compress, deflate, br\r\n' +
        'Host: deep-index.moralis.io\r\n' +
        'Connection: close\r\n' +
        '\r\n',
      _keepAliveTimeout: 0,
      _onPendingData: [Function: nop],
      agent: [Agent],
      socketPath: undefined,
      method: 'GET',
      maxHeaderSize: undefined,
      insecureHTTPParser: undefined,
      path: '/api/v2.2/0x09b54c67b180b67b76ef0012ee29cdeb1ab019a4/nft?chain=0x89&format=decimal&token_addresses[]=0x531a63b59ae113adfa318b46ced64bff94989bf8&media_items=true',
      _ended: true,
      res: [IncomingMessage],
      aborted: false,
      timeoutCb: null,
      upgradeOrConnect: false,
      parser: null,
      maxHeadersCount: null,
      reusedSocket: false,
      host: 'deep-index.moralis.io',
      protocol: 'https:',
      _redirectable: [Writable],
      [Symbol(kCapture)]: false,
      [Symbol(kBytesWritten)]: 0,
      [Symbol(kEndCalled)]: true,
      [Symbol(kNeedDrain)]: false,
      [Symbol(corked)]: 0,
      [Symbol(kOutHeaders)]: [Object: null prototype],
      [Symbol(kUniqueHeaders)]: null
    },
    response: {
      status: 401,
      statusText: 'Unauthorized',
      headers: [Object [AxiosHeaders]],
      config: [Object],
      request: [ClientRequest],
      data: [Object]
    }
  }
}
MoralisError [Moralis SDK Core Error]: [C0006] Request failed, Unauthorized(401): Invalid key
    at RequestController.makeError (/home/eskillzs/eSKILLZ/node_modules/@moralisweb3/common-core/lib/cjs/index.cjs:1224:20)
    at RequestController.<anonymous> (/home/eskillzs/eSKILLZ/node_modules/@moralisweb3/common-core/lib/cjs/index.cjs:1205:38)
    at step (/home/eskillzs/eSKILLZ/node_modules/@moralisweb3/common-core/lib/cjs/index.cjs:83:23)
    at Object.throw (/home/eskillzs/eSKILLZ/node_modules/@moralisweb3/common-core/lib/cjs/index.cjs:64:53)
    at rejected (/home/eskillzs/eSKILLZ/node_modules/@moralisweb3/common-core/lib/cjs/index.cjs:55:65)
    at runMicrotasks (<anonymous>)
    at processTicksAndRejections (node:internal/process/task_queues:96:5) {
  isMoralisError: true,
  code: 'C0006',
  details: {
    status: 401,
    response: {
      status: 401,
      statusText: 'Unauthorized',
      headers: [Object [AxiosHeaders]],
      config: [Object],
      request: [ClientRequest],
      data: [Object]
    }
  },
  [cause]: AxiosError: Request failed with status code 401
      at settle (/home/eskillzs/eSKILLZ/node_modules/@moralisweb3/common-core/node_modules/axios/dist/node/axios.cjs:1966:12)
      at IncomingMessage.handleStreamEnd (/home/eskillzs/eSKILLZ/node_modules/@moralisweb3/common-core/node_modules/axios/dist/node/axios.cjs:3065:11)
      at IncomingMessage.emit (node:events:525:35)
      at endReadableNT (node:internal/streams/readable:1358:12)
      at processTicksAndRejections (node:internal/process/task_queues:83:21)
      at Axios.request (/home/eskillzs/eSKILLZ/node_modules/@moralisweb3/common-core/node_modules/axios/dist/node/axios.cjs:3876:41)
      at runMicrotasks (<anonymous>)
      at processTicksAndRejections (node:internal/process/task_queues:96:5) {
    code: 'ERR_BAD_REQUEST',
    config: {
      transitional: [Object],
      adapter: [Array],
      transformRequest: [Array],
      transformResponse: [Array],
      timeout: 20000,
      xsrfCookieName: 'XSRF-TOKEN',
      xsrfHeaderName: 'X-XSRF-TOKEN',
      maxContentLength: Infinity,
      maxBodyLength: Infinity,
      env: [Object],
      validateStatus: [Function: validateStatus],
      headers: [Object [AxiosHeaders]],
      method: 'get',
      url: 'https://deep-index.moralis.io/api/v2.2/0x09b54c67b180b67b76ef0012ee29cdeb1ab019a4/nft',
      params: [Object],
      data: undefined
    },
    request: ClientRequest {
      _events: [Object: null prototype],
      _eventsCount: 7,
      _maxListeners: undefined,
      outputData: [],
      outputSize: 0,
      writable: true,
      destroyed: false,
      _last: true,
      chunkedEncoding: false,
      shouldKeepAlive: false,
      maxRequestsOnConnectionReached: false,
      _defaultKeepAlive: true,
      useChunkedEncodingByDefault: false,
      sendDate: false,
      _removedConnection: false,
      _removedContLen: false,
      _removedTE: false,
      strictContentLength: false,
      _contentLength: 0,
      _hasBody: true,
      _trailer: '',
      finished: true,
      _headerSent: true,
      _closed: false,
      socket: [TLSSocket],
      _header: 'GET /api/v2.2/0x09b54c67b180b67b76ef0012ee29cdeb1ab019a4/nft?chain=0x89&format=decimal&token_addresses[]=0xd9095c42fab1f40a7f376078431ab984776ace95&media_items=true HTTP/1.1\r\n' +
        'Accept: application/json, text/plain, */*\r\n' +
        'x-moralis-platform: NodeJS SDK\r\n' +
        'x-moralis-platform-version: 2.25.1\r\n' +
        'x-moralis-build-target: node\r\n' +
        'x-api-key: eyJhbGciOiJIUzI1NiIsInR5cCI6IkpXVCJ9.eyJub25jZSI6Ijk3MjlmNmY0LTA4OTQtNGZkOC04NzBkLTkyZDFmOTZhMTljMiIsIm9yZ0lkIjoiMjk1MTU4IiwidXNlcklkIjoiMzAyMTA4IiwidHlwZUlkIjoiYTAyZmNhYmQtMGY3MC00ZjQ2LTg1NmUtZmQ1YjRmOTJiMWJkIiwidHlwZSI6IlBST0pFQ1QiLCJpYXQiOjE3MTA5MTc2MDMsImV4cCI6NDg2NjY3NzYwM30.bYdWb1zCQPrKR_Mn-CHHtvfBUCK7cSIbb6TQBTiu8j8\r\n' +
        'User-Agent: axios/1.6.8\r\n' +
        'Accept-Encoding: gzip, compress, deflate, br\r\n' +
        'Host: deep-index.moralis.io\r\n' +
        'Connection: close\r\n' +
        '\r\n',
      _keepAliveTimeout: 0,
      _onPendingData: [Function: nop],
      agent: [Agent],
      socketPath: undefined,
      method: 'GET',
      maxHeaderSize: undefined,
      insecureHTTPParser: undefined,
      path: '/api/v2.2/0x09b54c67b180b67b76ef0012ee29cdeb1ab019a4/nft?chain=0x89&format=decimal&token_addresses[]=0xd9095c42fab1f40a7f376078431ab984776ace95&media_items=true',
      _ended: true,
      res: [IncomingMessage],
      aborted: false,
      timeoutCb: null,
      upgradeOrConnect: false,
      parser: null,
      maxHeadersCount: null,
      reusedSocket: false,
      host: 'deep-index.moralis.io',
      protocol: 'https:',
      _redirectable: [Writable],
      [Symbol(kCapture)]: false,
      [Symbol(kBytesWritten)]: 0,
      [Symbol(kEndCalled)]: true,
      [Symbol(kNeedDrain)]: false,
      [Symbol(corked)]: 0,
      [Symbol(kOutHeaders)]: [Object: null prototype],
      [Symbol(kUniqueHeaders)]: null
    },
    response: {
      status: 401,
      statusText: 'Unauthorized',
      headers: [Object [AxiosHeaders]],
      config: [Object],
      request: [ClientRequest],
      data: [Object]
    }
  }
}
MoralisError [Moralis SDK Core Error]: [C0006] Request failed, Unauthorized(401): Invalid key
    at RequestController.makeError (/home/eskillzs/eSKILLZ/node_modules/@moralisweb3/common-core/lib/cjs/index.cjs:1224:20)
    at RequestController.<anonymous> (/home/eskillzs/eSKILLZ/node_modules/@moralisweb3/common-core/lib/cjs/index.cjs:1205:38)
    at step (/home/eskillzs/eSKILLZ/node_modules/@moralisweb3/common-core/lib/cjs/index.cjs:83:23)
    at Object.throw (/home/eskillzs/eSKILLZ/node_modules/@moralisweb3/common-core/lib/cjs/index.cjs:64:53)
    at rejected (/home/eskillzs/eSKILLZ/node_modules/@moralisweb3/common-core/lib/cjs/index.cjs:55:65)
    at runMicrotasks (<anonymous>)
    at processTicksAndRejections (node:internal/process/task_queues:96:5) {
  isMoralisError: true,
  code: 'C0006',
  details: {
    status: 401,
    response: {
      status: 401,
      statusText: 'Unauthorized',
      headers: [Object [AxiosHeaders]],
      config: [Object],
      request: [ClientRequest],
      data: [Object]
    }
  },
  [cause]: AxiosError: Request failed with status code 401
      at settle (/home/eskillzs/eSKILLZ/node_modules/@moralisweb3/common-core/node_modules/axios/dist/node/axios.cjs:1966:12)
      at IncomingMessage.handleStreamEnd (/home/eskillzs/eSKILLZ/node_modules/@moralisweb3/common-core/node_modules/axios/dist/node/axios.cjs:3065:11)
      at IncomingMessage.emit (node:events:525:35)
      at endReadableNT (node:internal/streams/readable:1358:12)
      at processTicksAndRejections (node:internal/process/task_queues:83:21)
      at Axios.request (/home/eskillzs/eSKILLZ/node_modules/@moralisweb3/common-core/node_modules/axios/dist/node/axios.cjs:3876:41)
      at runMicrotasks (<anonymous>)
      at processTicksAndRejections (node:internal/process/task_queues:96:5) {
    code: 'ERR_BAD_REQUEST',
    config: {
      transitional: [Object],
      adapter: [Array],
      transformRequest: [Array],
      transformResponse: [Array],
      timeout: 20000,
      xsrfCookieName: 'XSRF-TOKEN',
      xsrfHeaderName: 'X-XSRF-TOKEN',
      maxContentLength: Infinity,
      maxBodyLength: Infinity,
      env: [Object],
      validateStatus: [Function: validateStatus],
      headers: [Object [AxiosHeaders]],
      method: 'get',
      url: 'https://deep-index.moralis.io/api/v2.2/0x09b54c67b180b67b76ef0012ee29cdeb1ab019a4/nft',
      params: [Object],
      data: undefined
    },
    request: ClientRequest {
      _events: [Object: null prototype],
      _eventsCount: 7,
      _maxListeners: undefined,
      outputData: [],
      outputSize: 0,
      writable: true,
      destroyed: false,
      _last: true,
      chunkedEncoding: false,
      shouldKeepAlive: false,
      maxRequestsOnConnectionReached: false,
      _defaultKeepAlive: true,
      useChunkedEncodingByDefault: false,
      sendDate: false,
      _removedConnection: false,
      _removedContLen: false,
      _removedTE: false,
      strictContentLength: false,
      _contentLength: 0,
      _hasBody: true,
      _trailer: '',
      finished: true,
      _headerSent: true,
      _closed: false,
      socket: [TLSSocket],
      _header: 'GET /api/v2.2/0x09b54c67b180b67b76ef0012ee29cdeb1ab019a4/nft?chain=0x89&format=decimal&token_addresses[]=0xc7e269fe785d5def61c29c91dc254067f75568be&media_items=true HTTP/1.1\r\n' +
        'Accept: application/json, text/plain, */*\r\n' +
        'x-moralis-platform: NodeJS SDK\r\n' +
        'x-moralis-platform-version: 2.25.1\r\n' +
        'x-moralis-build-target: node\r\n' +
        'x-api-key: eyJhbGciOiJIUzI1NiIsInR5cCI6IkpXVCJ9.eyJub25jZSI6Ijk3MjlmNmY0LTA4OTQtNGZkOC04NzBkLTkyZDFmOTZhMTljMiIsIm9yZ0lkIjoiMjk1MTU4IiwidXNlcklkIjoiMzAyMTA4IiwidHlwZUlkIjoiYTAyZmNhYmQtMGY3MC00ZjQ2LTg1NmUtZmQ1YjRmOTJiMWJkIiwidHlwZSI6IlBST0pFQ1QiLCJpYXQiOjE3MTA5MTc2MDMsImV4cCI6NDg2NjY3NzYwM30.bYdWb1zCQPrKR_Mn-CHHtvfBUCK7cSIbb6TQBTiu8j8\r\n' +
        'User-Agent: axios/1.6.8\r\n' +
        'Accept-Encoding: gzip, compress, deflate, br\r\n' +
        'Host: deep-index.moralis.io\r\n' +
        'Connection: close\r\n' +
        '\r\n',
      _keepAliveTimeout: 0,
      _onPendingData: [Function: nop],
      agent: [Agent],
      socketPath: undefined,
      method: 'GET',
      maxHeaderSize: undefined,
      insecureHTTPParser: undefined,
      path: '/api/v2.2/0x09b54c67b180b67b76ef0012ee29cdeb1ab019a4/nft?chain=0x89&format=decimal&token_addresses[]=0xc7e269fe785d5def61c29c91dc254067f75568be&media_items=true',
      _ended: true,
      res: [IncomingMessage],
      aborted: false,
      timeoutCb: null,
      upgradeOrConnect: false,
      parser: null,
      maxHeadersCount: null,
      reusedSocket: false,
      host: 'deep-index.moralis.io',
      protocol: 'https:',
      _redirectable: [Writable],
      [Symbol(kCapture)]: false,
      [Symbol(kBytesWritten)]: 0,
      [Symbol(kEndCalled)]: true,
      [Symbol(kNeedDrain)]: false,
      [Symbol(corked)]: 0,
      [Symbol(kOutHeaders)]: [Object: null prototype],
      [Symbol(kUniqueHeaders)]: null
    },
    response: {
      status: 401,
      statusText: 'Unauthorized',
      headers: [Object [AxiosHeaders]],
      config: [Object],
      request: [ClientRequest],
      data: [Object]
    }
  }
}
MoralisError [Moralis SDK Core Error]: [C0006] Request failed, Unauthorized(401): Invalid key
    at RequestController.makeError (/home/eskillzs/eSKILLZ/node_modules/@moralisweb3/common-core/lib/cjs/index.cjs:1224:20)
    at RequestController.<anonymous> (/home/eskillzs/eSKILLZ/node_modules/@moralisweb3/common-core/lib/cjs/index.cjs:1205:38)
    at step (/home/eskillzs/eSKILLZ/node_modules/@moralisweb3/common-core/lib/cjs/index.cjs:83:23)
    at Object.throw (/home/eskillzs/eSKILLZ/node_modules/@moralisweb3/common-core/lib/cjs/index.cjs:64:53)
    at rejected (/home/eskillzs/eSKILLZ/node_modules/@moralisweb3/common-core/lib/cjs/index.cjs:55:65)
    at runMicrotasks (<anonymous>)
    at processTicksAndRejections (node:internal/process/task_queues:96:5) {
  isMoralisError: true,
  code: 'C0006',
  details: {
    status: 401,
    response: {
      status: 401,
      statusText: 'Unauthorized',
      headers: [Object [AxiosHeaders]],
      config: [Object],
      request: [ClientRequest],
      data: [Object]
    }
  },
  [cause]: AxiosError: Request failed with status code 401
      at settle (/home/eskillzs/eSKILLZ/node_modules/@moralisweb3/common-core/node_modules/axios/dist/node/axios.cjs:1966:12)
      at IncomingMessage.handleStreamEnd (/home/eskillzs/eSKILLZ/node_modules/@moralisweb3/common-core/node_modules/axios/dist/node/axios.cjs:3065:11)
      at IncomingMessage.emit (node:events:525:35)
      at endReadableNT (node:internal/streams/readable:1358:12)
      at processTicksAndRejections (node:internal/process/task_queues:83:21)
      at Axios.request (/home/eskillzs/eSKILLZ/node_modules/@moralisweb3/common-core/node_modules/axios/dist/node/axios.cjs:3876:41)
      at runMicrotasks (<anonymous>)
      at processTicksAndRejections (node:internal/process/task_queues:96:5) {
    code: 'ERR_BAD_REQUEST',
    config: {
      transitional: [Object],
      adapter: [Array],
      transformRequest: [Array],
      transformResponse: [Array],
      timeout: 20000,
      xsrfCookieName: 'XSRF-TOKEN',
      xsrfHeaderName: 'X-XSRF-TOKEN',
      maxContentLength: Infinity,
      maxBodyLength: Infinity,
      env: [Object],
      validateStatus: [Function: validateStatus],
      headers: [Object [AxiosHeaders]],
      method: 'get',
      url: 'https://deep-index.moralis.io/api/v2.2/0x09b54c67b180b67b76ef0012ee29cdeb1ab019a4/nft',
      params: [Object],
      data: undefined
    },
    request: ClientRequest {
      _events: [Object: null prototype],
      _eventsCount: 7,
      _maxListeners: undefined,
      outputData: [],
      outputSize: 0,
      writable: true,
      destroyed: false,
      _last: true,
      chunkedEncoding: false,
      shouldKeepAlive: false,
      maxRequestsOnConnectionReached: false,
      _defaultKeepAlive: true,
      useChunkedEncodingByDefault: false,
      sendDate: false,
      _removedConnection: false,
      _removedContLen: false,
      _removedTE: false,
      strictContentLength: false,
      _contentLength: 0,
      _hasBody: true,
      _trailer: '',
      finished: true,
      _headerSent: true,
      _closed: false,
      socket: [TLSSocket],
      _header: 'GET /api/v2.2/0x09b54c67b180b67b76ef0012ee29cdeb1ab019a4/nft?chain=0x89&format=decimal&token_addresses[]=0x072612df4b37004f6f27cf1a03ba3966e1774685&media_items=true HTTP/1.1\r\n' +
        'Accept: application/json, text/plain, */*\r\n' +
        'x-moralis-platform: NodeJS SDK\r\n' +
        'x-moralis-platform-version: 2.25.1\r\n' +
        'x-moralis-build-target: node\r\n' +
        'x-api-key: eyJhbGciOiJIUzI1NiIsInR5cCI6IkpXVCJ9.eyJub25jZSI6Ijk3MjlmNmY0LTA4OTQtNGZkOC04NzBkLTkyZDFmOTZhMTljMiIsIm9yZ0lkIjoiMjk1MTU4IiwidXNlcklkIjoiMzAyMTA4IiwidHlwZUlkIjoiYTAyZmNhYmQtMGY3MC00ZjQ2LTg1NmUtZmQ1YjRmOTJiMWJkIiwidHlwZSI6IlBST0pFQ1QiLCJpYXQiOjE3MTA5MTc2MDMsImV4cCI6NDg2NjY3NzYwM30.bYdWb1zCQPrKR_Mn-CHHtvfBUCK7cSIbb6TQBTiu8j8\r\n' +
        'User-Agent: axios/1.6.8\r\n' +
        'Accept-Encoding: gzip, compress, deflate, br\r\n' +
        'Host: deep-index.moralis.io\r\n' +
        'Connection: close\r\n' +
        '\r\n',
      _keepAliveTimeout: 0,
      _onPendingData: [Function: nop],
      agent: [Agent],
      socketPath: undefined,
      method: 'GET',
      maxHeaderSize: undefined,
      insecureHTTPParser: undefined,
      path: '/api/v2.2/0x09b54c67b180b67b76ef0012ee29cdeb1ab019a4/nft?chain=0x89&format=decimal&token_addresses[]=0x072612df4b37004f6f27cf1a03ba3966e1774685&media_items=true',
      _ended: true,
      res: [IncomingMessage],
      aborted: false,
      timeoutCb: null,
      upgradeOrConnect: false,
      parser: null,
      maxHeadersCount: null,
      reusedSocket: false,
      host: 'deep-index.moralis.io',
      protocol: 'https:',
      _redirectable: [Writable],
      [Symbol(kCapture)]: false,
      [Symbol(kBytesWritten)]: 0,
      [Symbol(kEndCalled)]: true,
      [Symbol(kNeedDrain)]: false,
      [Symbol(corked)]: 0,
      [Symbol(kOutHeaders)]: [Object: null prototype],
      [Symbol(kUniqueHeaders)]: null
    },
    response: {
      status: 401,
      statusText: 'Unauthorized',
      headers: [Object [AxiosHeaders]],
      config: [Object],
      request: [ClientRequest],
      data: [Object]
    }
  }
}
MoralisError [Moralis SDK Core Error]: [C0006] Request failed, Unauthorized(401): Invalid key
    at RequestController.makeError (/home/eskillzs/eSKILLZ/node_modules/@moralisweb3/common-core/lib/cjs/index.cjs:1224:20)
    at RequestController.<anonymous> (/home/eskillzs/eSKILLZ/node_modules/@moralisweb3/common-core/lib/cjs/index.cjs:1205:38)
    at step (/home/eskillzs/eSKILLZ/node_modules/@moralisweb3/common-core/lib/cjs/index.cjs:83:23)
    at Object.throw (/home/eskillzs/eSKILLZ/node_modules/@moralisweb3/common-core/lib/cjs/index.cjs:64:53)
    at rejected (/home/eskillzs/eSKILLZ/node_modules/@moralisweb3/common-core/lib/cjs/index.cjs:55:65)
    at runMicrotasks (<anonymous>)
    at processTicksAndRejections (node:internal/process/task_queues:96:5) {
  isMoralisError: true,
  code: 'C0006',
  details: {
    status: 401,
    response: {
      status: 401,
      statusText: 'Unauthorized',
      headers: [Object [AxiosHeaders]],
      config: [Object],
      request: [ClientRequest],
      data: [Object]
    }
  },
  [cause]: AxiosError: Request failed with status code 401
      at settle (/home/eskillzs/eSKILLZ/node_modules/@moralisweb3/common-core/node_modules/axios/dist/node/axios.cjs:1966:12)
      at IncomingMessage.handleStreamEnd (/home/eskillzs/eSKILLZ/node_modules/@moralisweb3/common-core/node_modules/axios/dist/node/axios.cjs:3065:11)
      at IncomingMessage.emit (node:events:525:35)
      at endReadableNT (node:internal/streams/readable:1358:12)
      at processTicksAndRejections (node:internal/process/task_queues:83:21)
      at Axios.request (/home/eskillzs/eSKILLZ/node_modules/@moralisweb3/common-core/node_modules/axios/dist/node/axios.cjs:3876:41)
      at runMicrotasks (<anonymous>)
      at processTicksAndRejections (node:internal/process/task_queues:96:5) {
    code: 'ERR_BAD_REQUEST',
    config: {
      transitional: [Object],
      adapter: [Array],
      transformRequest: [Array],
      transformResponse: [Array],
      timeout: 20000,
      xsrfCookieName: 'XSRF-TOKEN',
      xsrfHeaderName: 'X-XSRF-TOKEN',
      maxContentLength: Infinity,
      maxBodyLength: Infinity,
      env: [Object],
      validateStatus: [Function: validateStatus],
      headers: [Object [AxiosHeaders]],
      method: 'get',
      url: 'https://deep-index.moralis.io/api/v2.2/0x09b54c67b180b67b76ef0012ee29cdeb1ab019a4/nft',
      params: [Object],
      data: undefined
    },
    request: ClientRequest {
      _events: [Object: null prototype],
      _eventsCount: 7,
      _maxListeners: undefined,
      outputData: [],
      outputSize: 0,
      writable: true,
      destroyed: false,
      _last: true,
      chunkedEncoding: false,
      shouldKeepAlive: false,
      maxRequestsOnConnectionReached: false,
      _defaultKeepAlive: true,
      useChunkedEncodingByDefault: false,
      sendDate: false,
      _removedConnection: false,
      _removedContLen: false,
      _removedTE: false,
      strictContentLength: false,
      _contentLength: 0,
      _hasBody: true,
      _trailer: '',
      finished: true,
      _headerSent: true,
      _closed: false,
      socket: [TLSSocket],
      _header: 'GET /api/v2.2/0x09b54c67b180b67b76ef0012ee29cdeb1ab019a4/nft?chain=0x89&format=decimal&token_addresses[]=0x823a7aa1e0a0d8648c1d19a4cdb0d21098b145ab&media_items=true HTTP/1.1\r\n' +
        'Accept: application/json, text/plain, */*\r\n' +
        'x-moralis-platform: NodeJS SDK\r\n' +
        'x-moralis-platform-version: 2.25.1\r\n' +
        'x-moralis-build-target: node\r\n' +
        'x-api-key: eyJhbGciOiJIUzI1NiIsInR5cCI6IkpXVCJ9.eyJub25jZSI6Ijk3MjlmNmY0LTA4OTQtNGZkOC04NzBkLTkyZDFmOTZhMTljMiIsIm9yZ0lkIjoiMjk1MTU4IiwidXNlcklkIjoiMzAyMTA4IiwidHlwZUlkIjoiYTAyZmNhYmQtMGY3MC00ZjQ2LTg1NmUtZmQ1YjRmOTJiMWJkIiwidHlwZSI6IlBST0pFQ1QiLCJpYXQiOjE3MTA5MTc2MDMsImV4cCI6NDg2NjY3NzYwM30.bYdWb1zCQPrKR_Mn-CHHtvfBUCK7cSIbb6TQBTiu8j8\r\n' +
        'User-Agent: axios/1.6.8\r\n' +
        'Accept-Encoding: gzip, compress, deflate, br\r\n' +
        'Host: deep-index.moralis.io\r\n' +
        'Connection: close\r\n' +
        '\r\n',
      _keepAliveTimeout: 0,
      _onPendingData: [Function: nop],
      agent: [Agent],
      socketPath: undefined,
      method: 'GET',
      maxHeaderSize: undefined,
      insecureHTTPParser: undefined,
      path: '/api/v2.2/0x09b54c67b180b67b76ef0012ee29cdeb1ab019a4/nft?chain=0x89&format=decimal&token_addresses[]=0x823a7aa1e0a0d8648c1d19a4cdb0d21098b145ab&media_items=true',
      _ended: true,
      res: [IncomingMessage],
      aborted: false,
      timeoutCb: null,
      upgradeOrConnect: false,
      parser: null,
      maxHeadersCount: null,
      reusedSocket: false,
      host: 'deep-index.moralis.io',
      protocol: 'https:',
      _redirectable: [Writable],
      [Symbol(kCapture)]: false,
      [Symbol(kBytesWritten)]: 0,
      [Symbol(kEndCalled)]: true,
      [Symbol(kNeedDrain)]: false,
      [Symbol(corked)]: 0,
      [Symbol(kOutHeaders)]: [Object: null prototype],
      [Symbol(kUniqueHeaders)]: null
    },
    response: {
      status: 401,
      statusText: 'Unauthorized',
      headers: [Object [AxiosHeaders]],
      config: [Object],
      request: [ClientRequest],
      data: [Object]
    }
  }
}
MoralisError [Moralis SDK Core Error]: [C0006] Request failed, Unauthorized(401): Invalid key
    at RequestController.makeError (/home/eskillzs/eSKILLZ/node_modules/@moralisweb3/common-core/lib/cjs/index.cjs:1224:20)
    at RequestController.<anonymous> (/home/eskillzs/eSKILLZ/node_modules/@moralisweb3/common-core/lib/cjs/index.cjs:1205:38)
    at step (/home/eskillzs/eSKILLZ/node_modules/@moralisweb3/common-core/lib/cjs/index.cjs:83:23)
    at Object.throw (/home/eskillzs/eSKILLZ/node_modules/@moralisweb3/common-core/lib/cjs/index.cjs:64:53)
    at rejected (/home/eskillzs/eSKILLZ/node_modules/@moralisweb3/common-core/lib/cjs/index.cjs:55:65)
    at runMicrotasks (<anonymous>)
    at processTicksAndRejections (node:internal/process/task_queues:96:5) {
  isMoralisError: true,
  code: 'C0006',
  details: {
    status: 401,
    response: {
      status: 401,
      statusText: 'Unauthorized',
      headers: [Object [AxiosHeaders]],
      config: [Object],
      request: [ClientRequest],
      data: [Object]
    }
  },
  [cause]: AxiosError: Request failed with status code 401
      at settle (/home/eskillzs/eSKILLZ/node_modules/@moralisweb3/common-core/node_modules/axios/dist/node/axios.cjs:1966:12)
      at IncomingMessage.handleStreamEnd (/home/eskillzs/eSKILLZ/node_modules/@moralisweb3/common-core/node_modules/axios/dist/node/axios.cjs:3065:11)
      at IncomingMessage.emit (node:events:525:35)
      at endReadableNT (node:internal/streams/readable:1358:12)
      at processTicksAndRejections (node:internal/process/task_queues:83:21)
      at Axios.request (/home/eskillzs/eSKILLZ/node_modules/@moralisweb3/common-core/node_modules/axios/dist/node/axios.cjs:3876:41)
      at runMicrotasks (<anonymous>)
      at processTicksAndRejections (node:internal/process/task_queues:96:5) {
    code: 'ERR_BAD_REQUEST',
    config: {
      transitional: [Object],
      adapter: [Array],
      transformRequest: [Array],
      transformResponse: [Array],
      timeout: 20000,
      xsrfCookieName: 'XSRF-TOKEN',
      xsrfHeaderName: 'X-XSRF-TOKEN',
      maxContentLength: Infinity,
      maxBodyLength: Infinity,
      env: [Object],
      validateStatus: [Function: validateStatus],
      headers: [Object [AxiosHeaders]],
      method: 'get',
      url: 'https://deep-index.moralis.io/api/v2.2/0x09b54c67b180b67b76ef0012ee29cdeb1ab019a4/nft',
      params: [Object],
      data: undefined
    },
    request: ClientRequest {
      _events: [Object: null prototype],
      _eventsCount: 7,
      _maxListeners: undefined,
      outputData: [],
      outputSize: 0,
      writable: true,
      destroyed: false,
      _last: true,
      chunkedEncoding: false,
      shouldKeepAlive: false,
      maxRequestsOnConnectionReached: false,
      _defaultKeepAlive: true,
      useChunkedEncodingByDefault: false,
      sendDate: false,
      _removedConnection: false,
      _removedContLen: false,
      _removedTE: false,
      strictContentLength: false,
      _contentLength: 0,
      _hasBody: true,
      _trailer: '',
      finished: true,
      _headerSent: true,
      _closed: false,
      socket: [TLSSocket],
      _header: 'GET /api/v2.2/0x09b54c67b180b67b76ef0012ee29cdeb1ab019a4/nft?chain=0x89&format=decimal&token_addresses[]=0xcd03575fd76aa553aea26812e9d68d0df5ad1ae3&media_items=true HTTP/1.1\r\n' +
        'Accept: application/json, text/plain, */*\r\n' +
        'x-moralis-platform: NodeJS SDK\r\n' +
        'x-moralis-platform-version: 2.25.1\r\n' +
        'x-moralis-build-target: node\r\n' +
        'x-api-key: eyJhbGciOiJIUzI1NiIsInR5cCI6IkpXVCJ9.eyJub25jZSI6Ijk3MjlmNmY0LTA4OTQtNGZkOC04NzBkLTkyZDFmOTZhMTljMiIsIm9yZ0lkIjoiMjk1MTU4IiwidXNlcklkIjoiMzAyMTA4IiwidHlwZUlkIjoiYTAyZmNhYmQtMGY3MC00ZjQ2LTg1NmUtZmQ1YjRmOTJiMWJkIiwidHlwZSI6IlBST0pFQ1QiLCJpYXQiOjE3MTA5MTc2MDMsImV4cCI6NDg2NjY3NzYwM30.bYdWb1zCQPrKR_Mn-CHHtvfBUCK7cSIbb6TQBTiu8j8\r\n' +
        'User-Agent: axios/1.6.8\r\n' +
        'Accept-Encoding: gzip, compress, deflate, br\r\n' +
        'Host: deep-index.moralis.io\r\n' +
        'Connection: close\r\n' +
        '\r\n',
      _keepAliveTimeout: 0,
      _onPendingData: [Function: nop],
      agent: [Agent],
      socketPath: undefined,
      method: 'GET',
      maxHeaderSize: undefined,
      insecureHTTPParser: undefined,
      path: '/api/v2.2/0x09b54c67b180b67b76ef0012ee29cdeb1ab019a4/nft?chain=0x89&format=decimal&token_addresses[]=0xcd03575fd76aa553aea26812e9d68d0df5ad1ae3&media_items=true',
      _ended: true,
      res: [IncomingMessage],
      aborted: false,
      timeoutCb: null,
      upgradeOrConnect: false,
      parser: null,
      maxHeadersCount: null,
      reusedSocket: false,
      host: 'deep-index.moralis.io',
      protocol: 'https:',
      _redirectable: [Writable],
      [Symbol(kCapture)]: false,
      [Symbol(kBytesWritten)]: 0,
      [Symbol(kEndCalled)]: true,
      [Symbol(kNeedDrain)]: false,
      [Symbol(corked)]: 0,
      [Symbol(kOutHeaders)]: [Object: null prototype],
      [Symbol(kUniqueHeaders)]: null
    },
    response: {
      status: 401,
      statusText: 'Unauthorized',
      headers: [Object [AxiosHeaders]],
      config: [Object],
      request: [ClientRequest],
      data: [Object]
    }
  }
}
MoralisError [Moralis SDK Core Error]: [C0006] Request failed, Unauthorized(401): Validation service blocked: Your plan: free-plan-daily total included usage has been consumed, please upgrade your plan here, https://moralis.io/pricing
    at RequestController.makeError (/home/eskillzs/eSKILLZ/node_modules/@moralisweb3/common-core/lib/cjs/index.cjs:1224:20)
    at RequestController.<anonymous> (/home/eskillzs/eSKILLZ/node_modules/@moralisweb3/common-core/lib/cjs/index.cjs:1205:38)
    at step (/home/eskillzs/eSKILLZ/node_modules/@moralisweb3/common-core/lib/cjs/index.cjs:83:23)
    at Object.throw (/home/eskillzs/eSKILLZ/node_modules/@moralisweb3/common-core/lib/cjs/index.cjs:64:53)
    at rejected (/home/eskillzs/eSKILLZ/node_modules/@moralisweb3/common-core/lib/cjs/index.cjs:55:65)
    at runMicrotasks (<anonymous>)
    at processTicksAndRejections (node:internal/process/task_queues:96:5) {
  isMoralisError: true,
  code: 'C0006',
  details: {
    status: 401,
    response: {
      status: 401,
      statusText: 'Unauthorized',
      headers: [Object [AxiosHeaders]],
      config: [Object],
      request: [ClientRequest],
      data: [Object]
    }
  },
  [cause]: AxiosError: Request failed with status code 401
      at settle (/home/eskillzs/eSKILLZ/node_modules/@moralisweb3/common-core/node_modules/axios/dist/node/axios.cjs:1966:12)
      at IncomingMessage.handleStreamEnd (/home/eskillzs/eSKILLZ/node_modules/@moralisweb3/common-core/node_modules/axios/dist/node/axios.cjs:3065:11)
      at IncomingMessage.emit (node:events:525:35)
      at endReadableNT (node:internal/streams/readable:1358:12)
      at processTicksAndRejections (node:internal/process/task_queues:83:21)
      at Axios.request (/home/eskillzs/eSKILLZ/node_modules/@moralisweb3/common-core/node_modules/axios/dist/node/axios.cjs:3876:41)
      at runMicrotasks (<anonymous>)
      at processTicksAndRejections (node:internal/process/task_queues:96:5) {
    code: 'ERR_BAD_REQUEST',
    config: {
      transitional: [Object],
      adapter: [Array],
      transformRequest: [Array],
      transformResponse: [Array],
      timeout: 20000,
      xsrfCookieName: 'XSRF-TOKEN',
      xsrfHeaderName: 'X-XSRF-TOKEN',
      maxContentLength: Infinity,
      maxBodyLength: Infinity,
      env: [Object],
      validateStatus: [Function: validateStatus],
      headers: [Object [AxiosHeaders]],
      method: 'get',
      url: 'https://deep-index.moralis.io/api/v2.2/0x09b54c67b180b67b76ef0012ee29cdeb1ab019a4/nft',
      params: [Object],
      data: undefined
    },
    request: ClientRequest {
      _events: [Object: null prototype],
      _eventsCount: 7,
      _maxListeners: undefined,
      outputData: [],
      outputSize: 0,
      writable: true,
      destroyed: false,
      _last: true,
      chunkedEncoding: false,
      shouldKeepAlive: false,
      maxRequestsOnConnectionReached: false,
      _defaultKeepAlive: true,
      useChunkedEncodingByDefault: false,
      sendDate: false,
      _removedConnection: false,
      _removedContLen: false,
      _removedTE: false,
      strictContentLength: false,
      _contentLength: 0,
      _hasBody: true,
      _trailer: '',
      finished: true,
      _headerSent: true,
      _closed: false,
      socket: [TLSSocket],
      _header: 'GET /api/v2.2/0x09b54c67b180b67b76ef0012ee29cdeb1ab019a4/nft?chain=0x89&format=decimal&token_addresses[]=0x39d007bae99bdd1e4c3cec4a58496b05330fec0a&media_items=true HTTP/1.1\r\n' +
        'Accept: application/json, text/plain, */*\r\n' +
        'x-moralis-platform: NodeJS SDK\r\n' +
        'x-moralis-platform-version: 2.25.1\r\n' +
        'x-moralis-build-target: node\r\n' +
        'x-api-key: eyJhbGciOiJIUzI1NiIsInR5cCI6IkpXVCJ9.eyJub25jZSI6Ijk3MjlmNmY0LTA4OTQtNGZkOC04NzBkLTkyZDFmOTZhMTljMiIsIm9yZ0lkIjoiMjk1MTU4IiwidXNlcklkIjoiMzAyMTA4IiwidHlwZUlkIjoiYTAyZmNhYmQtMGY3MC00ZjQ2LTg1NmUtZmQ1YjRmOTJiMWJkIiwidHlwZSI6IlBST0pFQ1QiLCJpYXQiOjE3MTA5MTc2MDMsImV4cCI6NDg2NjY3NzYwM30.bYdWb1zCQPrKR_Mn-CHHtvfBUCK7cSIbb6TQBTiu8j8\r\n' +
        'User-Agent: axios/1.6.8\r\n' +
        'Accept-Encoding: gzip, compress, deflate, br\r\n' +
        'Host: deep-index.moralis.io\r\n' +
        'Connection: close\r\n' +
        '\r\n',
      _keepAliveTimeout: 0,
      _onPendingData: [Function: nop],
      agent: [Agent],
      socketPath: undefined,
      method: 'GET',
      maxHeaderSize: undefined,
      insecureHTTPParser: undefined,
      path: '/api/v2.2/0x09b54c67b180b67b76ef0012ee29cdeb1ab019a4/nft?chain=0x89&format=decimal&token_addresses[]=0x39d007bae99bdd1e4c3cec4a58496b05330fec0a&media_items=true',
      _ended: true,
      res: [IncomingMessage],
      aborted: false,
      timeoutCb: null,
      upgradeOrConnect: false,
      parser: null,
      maxHeadersCount: null,
      reusedSocket: false,
      host: 'deep-index.moralis.io',
      protocol: 'https:',
      _redirectable: [Writable],
      [Symbol(kCapture)]: false,
      [Symbol(kBytesWritten)]: 0,
      [Symbol(kEndCalled)]: true,
      [Symbol(kNeedDrain)]: false,
      [Symbol(corked)]: 0,
      [Symbol(kOutHeaders)]: [Object: null prototype],
      [Symbol(kUniqueHeaders)]: null
    },
    response: {
      status: 401,
      statusText: 'Unauthorized',
      headers: [Object [AxiosHeaders]],
      config: [Object],
      request: [ClientRequest],
      data: [Object]
    }
  }
}
MoralisError [Moralis SDK Core Error]: [C0006] Request failed, Unauthorized(401): Invalid key
    at RequestController.makeError (/home/eskillzs/eSKILLZ/node_modules/@moralisweb3/common-core/lib/cjs/index.cjs:1224:20)
    at RequestController.<anonymous> (/home/eskillzs/eSKILLZ/node_modules/@moralisweb3/common-core/lib/cjs/index.cjs:1205:38)
    at step (/home/eskillzs/eSKILLZ/node_modules/@moralisweb3/common-core/lib/cjs/index.cjs:83:23)
    at Object.throw (/home/eskillzs/eSKILLZ/node_modules/@moralisweb3/common-core/lib/cjs/index.cjs:64:53)
    at rejected (/home/eskillzs/eSKILLZ/node_modules/@moralisweb3/common-core/lib/cjs/index.cjs:55:65)
    at runMicrotasks (<anonymous>)
    at processTicksAndRejections (node:internal/process/task_queues:96:5) {
  isMoralisError: true,
  code: 'C0006',
  details: {
    status: 401,
    response: {
      status: 401,
      statusText: 'Unauthorized',
      headers: [Object [AxiosHeaders]],
      config: [Object],
      request: [ClientRequest],
      data: [Object]
    }
  },
  [cause]: AxiosError: Request failed with status code 401
      at settle (/home/eskillzs/eSKILLZ/node_modules/@moralisweb3/common-core/node_modules/axios/dist/node/axios.cjs:1966:12)
      at IncomingMessage.handleStreamEnd (/home/eskillzs/eSKILLZ/node_modules/@moralisweb3/common-core/node_modules/axios/dist/node/axios.cjs:3065:11)
      at IncomingMessage.emit (node:events:525:35)
      at endReadableNT (node:internal/streams/readable:1358:12)
      at processTicksAndRejections (node:internal/process/task_queues:83:21)
      at Axios.request (/home/eskillzs/eSKILLZ/node_modules/@moralisweb3/common-core/node_modules/axios/dist/node/axios.cjs:3876:41)
      at runMicrotasks (<anonymous>)
      at processTicksAndRejections (node:internal/process/task_queues:96:5) {
    code: 'ERR_BAD_REQUEST',
    config: {
      transitional: [Object],
      adapter: [Array],
      transformRequest: [Array],
      transformResponse: [Array],
      timeout: 20000,
      xsrfCookieName: 'XSRF-TOKEN',
      xsrfHeaderName: 'X-XSRF-TOKEN',
      maxContentLength: Infinity,
      maxBodyLength: Infinity,
      env: [Object],
      validateStatus: [Function: validateStatus],
      headers: [Object [AxiosHeaders]],
      method: 'get',
      url: 'https://deep-index.moralis.io/api/v2.2/0x09b54c67b180b67b76ef0012ee29cdeb1ab019a4/nft',
      params: [Object],
      data: undefined
    },
    request: ClientRequest {
      _events: [Object: null prototype],
      _eventsCount: 7,
      _maxListeners: undefined,
      outputData: [],
      outputSize: 0,
      writable: true,
      destroyed: false,
      _last: true,
      chunkedEncoding: false,
      shouldKeepAlive: false,
      maxRequestsOnConnectionReached: false,
      _defaultKeepAlive: true,
      useChunkedEncodingByDefault: false,
      sendDate: false,
      _removedConnection: false,
      _removedContLen: false,
      _removedTE: false,
      strictContentLength: false,
      _contentLength: 0,
      _hasBody: true,
      _trailer: '',
      finished: true,
      _headerSent: true,
      _closed: false,
      socket: [TLSSocket],
      _header: 'GET /api/v2.2/0x09b54c67b180b67b76ef0012ee29cdeb1ab019a4/nft?chain=0x89&format=decimal&token_addresses[]=0xb61df32b42d9f5518f52093caef0f1104e2a4b04&media_items=true HTTP/1.1\r\n' +
        'Accept: application/json, text/plain, */*\r\n' +
        'x-moralis-platform: NodeJS SDK\r\n' +
        'x-moralis-platform-version: 2.25.1\r\n' +
        'x-moralis-build-target: node\r\n' +
        'x-api-key: eyJhbGciOiJIUzI1NiIsInR5cCI6IkpXVCJ9.eyJub25jZSI6Ijk3MjlmNmY0LTA4OTQtNGZkOC04NzBkLTkyZDFmOTZhMTljMiIsIm9yZ0lkIjoiMjk1MTU4IiwidXNlcklkIjoiMzAyMTA4IiwidHlwZUlkIjoiYTAyZmNhYmQtMGY3MC00ZjQ2LTg1NmUtZmQ1YjRmOTJiMWJkIiwidHlwZSI6IlBST0pFQ1QiLCJpYXQiOjE3MTA5MTc2MDMsImV4cCI6NDg2NjY3NzYwM30.bYdWb1zCQPrKR_Mn-CHHtvfBUCK7cSIbb6TQBTiu8j8\r\n' +
        'User-Agent: axios/1.6.8\r\n' +
        'Accept-Encoding: gzip, compress, deflate, br\r\n' +
        'Host: deep-index.moralis.io\r\n' +
        'Connection: close\r\n' +
        '\r\n',
      _keepAliveTimeout: 0,
      _onPendingData: [Function: nop],
      agent: [Agent],
      socketPath: undefined,
      method: 'GET',
      maxHeaderSize: undefined,
      insecureHTTPParser: undefined,
      path: '/api/v2.2/0x09b54c67b180b67b76ef0012ee29cdeb1ab019a4/nft?chain=0x89&format=decimal&token_addresses[]=0xb61df32b42d9f5518f52093caef0f1104e2a4b04&media_items=true',
      _ended: true,
      res: [IncomingMessage],
      aborted: false,
      timeoutCb: null,
      upgradeOrConnect: false,
      parser: null,
      maxHeadersCount: null,
      reusedSocket: false,
      host: 'deep-index.moralis.io',
      protocol: 'https:',
      _redirectable: [Writable],
      [Symbol(kCapture)]: false,
      [Symbol(kBytesWritten)]: 0,
      [Symbol(kEndCalled)]: true,
      [Symbol(kNeedDrain)]: false,
      [Symbol(corked)]: 0,
      [Symbol(kOutHeaders)]: [Object: null prototype],
      [Symbol(kUniqueHeaders)]: null
    },
    response: {
      status: 401,
      statusText: 'Unauthorized',
      headers: [Object [AxiosHeaders]],
      config: [Object],
      request: [ClientRequest],
      data: [Object]
    }
  }
}
MoralisError [Moralis SDK Core Error]: [C0006] Request failed, Unauthorized(401): Invalid key
    at RequestController.makeError (/home/eskillzs/eSKILLZ/node_modules/@moralisweb3/common-core/lib/cjs/index.cjs:1224:20)
    at RequestController.<anonymous> (/home/eskillzs/eSKILLZ/node_modules/@moralisweb3/common-core/lib/cjs/index.cjs:1205:38)
    at step (/home/eskillzs/eSKILLZ/node_modules/@moralisweb3/common-core/lib/cjs/index.cjs:83:23)
    at Object.throw (/home/eskillzs/eSKILLZ/node_modules/@moralisweb3/common-core/lib/cjs/index.cjs:64:53)
    at rejected (/home/eskillzs/eSKILLZ/node_modules/@moralisweb3/common-core/lib/cjs/index.cjs:55:65)
    at runMicrotasks (<anonymous>)
    at processTicksAndRejections (node:internal/process/task_queues:96:5) {
  isMoralisError: true,
  code: 'C0006',
  details: {
    status: 401,
    response: {
      status: 401,
      statusText: 'Unauthorized',
      headers: [Object [AxiosHeaders]],
      config: [Object],
      request: [ClientRequest],
      data: [Object]
    }
  },
  [cause]: AxiosError: Request failed with status code 401
      at settle (/home/eskillzs/eSKILLZ/node_modules/@moralisweb3/common-core/node_modules/axios/dist/node/axios.cjs:1966:12)
      at IncomingMessage.handleStreamEnd (/home/eskillzs/eSKILLZ/node_modules/@moralisweb3/common-core/node_modules/axios/dist/node/axios.cjs:3065:11)
      at IncomingMessage.emit (node:events:525:35)
      at endReadableNT (node:internal/streams/readable:1358:12)
      at processTicksAndRejections (node:internal/process/task_queues:83:21)
      at Axios.request (/home/eskillzs/eSKILLZ/node_modules/@moralisweb3/common-core/node_modules/axios/dist/node/axios.cjs:3876:41)
      at runMicrotasks (<anonymous>)
      at processTicksAndRejections (node:internal/process/task_queues:96:5) {
    code: 'ERR_BAD_REQUEST',
    config: {
      transitional: [Object],
      adapter: [Array],
      transformRequest: [Array],
      transformResponse: [Array],
      timeout: 20000,
      xsrfCookieName: 'XSRF-TOKEN',
      xsrfHeaderName: 'X-XSRF-TOKEN',
      maxContentLength: Infinity,
      maxBodyLength: Infinity,
      env: [Object],
      validateStatus: [Function: validateStatus],
      headers: [Object [AxiosHeaders]],
      method: 'get',
      url: 'https://deep-index.moralis.io/api/v2.2/0x09b54c67b180b67b76ef0012ee29cdeb1ab019a4/nft',
      params: [Object],
      data: undefined
    },
    request: ClientRequest {
      _events: [Object: null prototype],
      _eventsCount: 7,
      _maxListeners: undefined,
      outputData: [],
      outputSize: 0,
      writable: true,
      destroyed: false,
      _last: true,
      chunkedEncoding: false,
      shouldKeepAlive: false,
      maxRequestsOnConnectionReached: false,
      _defaultKeepAlive: true,
      useChunkedEncodingByDefault: false,
      sendDate: false,
      _removedConnection: false,
      _removedContLen: false,
      _removedTE: false,
      strictContentLength: false,
      _contentLength: 0,
      _hasBody: true,
      _trailer: '',
      finished: true,
      _headerSent: true,
      _closed: false,
      socket: [TLSSocket],
      _header: 'GET /api/v2.2/0x09b54c67b180b67b76ef0012ee29cdeb1ab019a4/nft?chain=0x89&format=decimal&token_addresses[]=0x531a63b59ae113adfa318b46ced64bff94989bf8&media_items=true HTTP/1.1\r\n' +
        'Accept: application/json, text/plain, */*\r\n' +
        'x-moralis-platform: NodeJS SDK\r\n' +
        'x-moralis-platform-version: 2.25.1\r\n' +
        'x-moralis-build-target: node\r\n' +
        'x-api-key: eyJhbGciOiJIUzI1NiIsInR5cCI6IkpXVCJ9.eyJub25jZSI6Ijk3MjlmNmY0LTA4OTQtNGZkOC04NzBkLTkyZDFmOTZhMTljMiIsIm9yZ0lkIjoiMjk1MTU4IiwidXNlcklkIjoiMzAyMTA4IiwidHlwZUlkIjoiYTAyZmNhYmQtMGY3MC00ZjQ2LTg1NmUtZmQ1YjRmOTJiMWJkIiwidHlwZSI6IlBST0pFQ1QiLCJpYXQiOjE3MTA5MTc2MDMsImV4cCI6NDg2NjY3NzYwM30.bYdWb1zCQPrKR_Mn-CHHtvfBUCK7cSIbb6TQBTiu8j8\r\n' +
        'User-Agent: axios/1.6.8\r\n' +
        'Accept-Encoding: gzip, compress, deflate, br\r\n' +
        'Host: deep-index.moralis.io\r\n' +
        'Connection: close\r\n' +
        '\r\n',
      _keepAliveTimeout: 0,
      _onPendingData: [Function: nop],
      agent: [Agent],
      socketPath: undefined,
      method: 'GET',
      maxHeaderSize: undefined,
      insecureHTTPParser: undefined,
      path: '/api/v2.2/0x09b54c67b180b67b76ef0012ee29cdeb1ab019a4/nft?chain=0x89&format=decimal&token_addresses[]=0x531a63b59ae113adfa318b46ced64bff94989bf8&media_items=true',
      _ended: true,
      res: [IncomingMessage],
      aborted: false,
      timeoutCb: null,
      upgradeOrConnect: false,
      parser: null,
      maxHeadersCount: null,
      reusedSocket: false,
      host: 'deep-index.moralis.io',
      protocol: 'https:',
      _redirectable: [Writable],
      [Symbol(kCapture)]: false,
      [Symbol(kBytesWritten)]: 0,
      [Symbol(kEndCalled)]: true,
      [Symbol(kNeedDrain)]: false,
      [Symbol(corked)]: 0,
      [Symbol(kOutHeaders)]: [Object: null prototype],
      [Symbol(kUniqueHeaders)]: null
    },
    response: {
      status: 401,
      statusText: 'Unauthorized',
      headers: [Object [AxiosHeaders]],
      config: [Object],
      request: [ClientRequest],
      data: [Object]
    }
  }
}
MoralisError [Moralis SDK Core Error]: [C0006] Request failed, Unauthorized(401): Invalid key
    at RequestController.makeError (/home/eskillzs/eSKILLZ/node_modules/@moralisweb3/common-core/lib/cjs/index.cjs:1224:20)
    at RequestController.<anonymous> (/home/eskillzs/eSKILLZ/node_modules/@moralisweb3/common-core/lib/cjs/index.cjs:1205:38)
    at step (/home/eskillzs/eSKILLZ/node_modules/@moralisweb3/common-core/lib/cjs/index.cjs:83:23)
    at Object.throw (/home/eskillzs/eSKILLZ/node_modules/@moralisweb3/common-core/lib/cjs/index.cjs:64:53)
    at rejected (/home/eskillzs/eSKILLZ/node_modules/@moralisweb3/common-core/lib/cjs/index.cjs:55:65)
    at runMicrotasks (<anonymous>)
    at processTicksAndRejections (node:internal/process/task_queues:96:5) {
  isMoralisError: true,
  code: 'C0006',
  details: {
    status: 401,
    response: {
      status: 401,
      statusText: 'Unauthorized',
      headers: [Object [AxiosHeaders]],
      config: [Object],
      request: [ClientRequest],
      data: [Object]
    }
  },
  [cause]: AxiosError: Request failed with status code 401
      at settle (/home/eskillzs/eSKILLZ/node_modules/@moralisweb3/common-core/node_modules/axios/dist/node/axios.cjs:1966:12)
      at IncomingMessage.handleStreamEnd (/home/eskillzs/eSKILLZ/node_modules/@moralisweb3/common-core/node_modules/axios/dist/node/axios.cjs:3065:11)
      at IncomingMessage.emit (node:events:525:35)
      at endReadableNT (node:internal/streams/readable:1358:12)
      at processTicksAndRejections (node:internal/process/task_queues:83:21)
      at Axios.request (/home/eskillzs/eSKILLZ/node_modules/@moralisweb3/common-core/node_modules/axios/dist/node/axios.cjs:3876:41)
      at runMicrotasks (<anonymous>)
      at processTicksAndRejections (node:internal/process/task_queues:96:5) {
    code: 'ERR_BAD_REQUEST',
    config: {
      transitional: [Object],
      adapter: [Array],
      transformRequest: [Array],
      transformResponse: [Array],
      timeout: 20000,
      xsrfCookieName: 'XSRF-TOKEN',
      xsrfHeaderName: 'X-XSRF-TOKEN',
      maxContentLength: Infinity,
      maxBodyLength: Infinity,
      env: [Object],
      validateStatus: [Function: validateStatus],
      headers: [Object [AxiosHeaders]],
      method: 'get',
      url: 'https://deep-index.moralis.io/api/v2.2/0x09b54c67b180b67b76ef0012ee29cdeb1ab019a4/nft',
      params: [Object],
      data: undefined
    },
    request: ClientRequest {
      _events: [Object: null prototype],
      _eventsCount: 7,
      _maxListeners: undefined,
      outputData: [],
      outputSize: 0,
      writable: true,
      destroyed: false,
      _last: true,
      chunkedEncoding: false,
      shouldKeepAlive: false,
      maxRequestsOnConnectionReached: false,
      _defaultKeepAlive: true,
      useChunkedEncodingByDefault: false,
      sendDate: false,
      _removedConnection: false,
      _removedContLen: false,
      _removedTE: false,
      strictContentLength: false,
      _contentLength: 0,
      _hasBody: true,
      _trailer: '',
      finished: true,
      _headerSent: true,
      _closed: false,
      socket: [TLSSocket],
      _header: 'GET /api/v2.2/0x09b54c67b180b67b76ef0012ee29cdeb1ab019a4/nft?chain=0x89&format=decimal&token_addresses[]=0xd9095c42fab1f40a7f376078431ab984776ace95&media_items=true HTTP/1.1\r\n' +
        'Accept: application/json, text/plain, */*\r\n' +
        'x-moralis-platform: NodeJS SDK\r\n' +
        'x-moralis-platform-version: 2.25.1\r\n' +
        'x-moralis-build-target: node\r\n' +
        'x-api-key: eyJhbGciOiJIUzI1NiIsInR5cCI6IkpXVCJ9.eyJub25jZSI6Ijk3MjlmNmY0LTA4OTQtNGZkOC04NzBkLTkyZDFmOTZhMTljMiIsIm9yZ0lkIjoiMjk1MTU4IiwidXNlcklkIjoiMzAyMTA4IiwidHlwZUlkIjoiYTAyZmNhYmQtMGY3MC00ZjQ2LTg1NmUtZmQ1YjRmOTJiMWJkIiwidHlwZSI6IlBST0pFQ1QiLCJpYXQiOjE3MTA5MTc2MDMsImV4cCI6NDg2NjY3NzYwM30.bYdWb1zCQPrKR_Mn-CHHtvfBUCK7cSIbb6TQBTiu8j8\r\n' +
        'User-Agent: axios/1.6.8\r\n' +
        'Accept-Encoding: gzip, compress, deflate, br\r\n' +
        'Host: deep-index.moralis.io\r\n' +
        'Connection: close\r\n' +
        '\r\n',
      _keepAliveTimeout: 0,
      _onPendingData: [Function: nop],
      agent: [Agent],
      socketPath: undefined,
      method: 'GET',
      maxHeaderSize: undefined,
      insecureHTTPParser: undefined,
      path: '/api/v2.2/0x09b54c67b180b67b76ef0012ee29cdeb1ab019a4/nft?chain=0x89&format=decimal&token_addresses[]=0xd9095c42fab1f40a7f376078431ab984776ace95&media_items=true',
      _ended: true,
      res: [IncomingMessage],
      aborted: false,
      timeoutCb: null,
      upgradeOrConnect: false,
      parser: null,
      maxHeadersCount: null,
      reusedSocket: false,
      host: 'deep-index.moralis.io',
      protocol: 'https:',
      _redirectable: [Writable],
      [Symbol(kCapture)]: false,
      [Symbol(kBytesWritten)]: 0,
      [Symbol(kEndCalled)]: true,
      [Symbol(kNeedDrain)]: false,
      [Symbol(corked)]: 0,
      [Symbol(kOutHeaders)]: [Object: null prototype],
      [Symbol(kUniqueHeaders)]: null
    },
    response: {
      status: 401,
      statusText: 'Unauthorized',
      headers: [Object [AxiosHeaders]],
      config: [Object],
      request: [ClientRequest],
      data: [Object]
    }
  }
}
MoralisError [Moralis SDK Core Error]: [C0006] Request failed, Unauthorized(401): Invalid key
    at RequestController.makeError (/home/eskillzs/eSKILLZ/node_modules/@moralisweb3/common-core/lib/cjs/index.cjs:1224:20)
    at RequestController.<anonymous> (/home/eskillzs/eSKILLZ/node_modules/@moralisweb3/common-core/lib/cjs/index.cjs:1205:38)
    at step (/home/eskillzs/eSKILLZ/node_modules/@moralisweb3/common-core/lib/cjs/index.cjs:83:23)
    at Object.throw (/home/eskillzs/eSKILLZ/node_modules/@moralisweb3/common-core/lib/cjs/index.cjs:64:53)
    at rejected (/home/eskillzs/eSKILLZ/node_modules/@moralisweb3/common-core/lib/cjs/index.cjs:55:65)
    at runMicrotasks (<anonymous>)
    at processTicksAndRejections (node:internal/process/task_queues:96:5) {
  isMoralisError: true,
  code: 'C0006',
  details: {
    status: 401,
    response: {
      status: 401,
      statusText: 'Unauthorized',
      headers: [Object [AxiosHeaders]],
      config: [Object],
      request: [ClientRequest],
      data: [Object]
    }
  },
  [cause]: AxiosError: Request failed with status code 401
      at settle (/home/eskillzs/eSKILLZ/node_modules/@moralisweb3/common-core/node_modules/axios/dist/node/axios.cjs:1966:12)
      at IncomingMessage.handleStreamEnd (/home/eskillzs/eSKILLZ/node_modules/@moralisweb3/common-core/node_modules/axios/dist/node/axios.cjs:3065:11)
      at IncomingMessage.emit (node:events:525:35)
      at endReadableNT (node:internal/streams/readable:1358:12)
      at processTicksAndRejections (node:internal/process/task_queues:83:21)
      at Axios.request (/home/eskillzs/eSKILLZ/node_modules/@moralisweb3/common-core/node_modules/axios/dist/node/axios.cjs:3876:41)
      at runMicrotasks (<anonymous>)
      at processTicksAndRejections (node:internal/process/task_queues:96:5) {
    code: 'ERR_BAD_REQUEST',
    config: {
      transitional: [Object],
      adapter: [Array],
      transformRequest: [Array],
      transformResponse: [Array],
      timeout: 20000,
      xsrfCookieName: 'XSRF-TOKEN',
      xsrfHeaderName: 'X-XSRF-TOKEN',
      maxContentLength: Infinity,
      maxBodyLength: Infinity,
      env: [Object],
      validateStatus: [Function: validateStatus],
      headers: [Object [AxiosHeaders]],
      method: 'get',
      url: 'https://deep-index.moralis.io/api/v2.2/0x09b54c67b180b67b76ef0012ee29cdeb1ab019a4/nft',
      params: [Object],
      data: undefined
    },
    request: ClientRequest {
      _events: [Object: null prototype],
      _eventsCount: 7,
      _maxListeners: undefined,
      outputData: [],
      outputSize: 0,
      writable: true,
      destroyed: false,
      _last: true,
      chunkedEncoding: false,
      shouldKeepAlive: false,
      maxRequestsOnConnectionReached: false,
      _defaultKeepAlive: true,
      useChunkedEncodingByDefault: false,
      sendDate: false,
      _removedConnection: false,
      _removedContLen: false,
      _removedTE: false,
      strictContentLength: false,
      _contentLength: 0,
      _hasBody: true,
      _trailer: '',
      finished: true,
      _headerSent: true,
      _closed: false,
      socket: [TLSSocket],
      _header: 'GET /api/v2.2/0x09b54c67b180b67b76ef0012ee29cdeb1ab019a4/nft?chain=0x89&format=decimal&token_addresses[]=0xc7e269fe785d5def61c29c91dc254067f75568be&media_items=true HTTP/1.1\r\n' +
        'Accept: application/json, text/plain, */*\r\n' +
        'x-moralis-platform: NodeJS SDK\r\n' +
        'x-moralis-platform-version: 2.25.1\r\n' +
        'x-moralis-build-target: node\r\n' +
        'x-api-key: eyJhbGciOiJIUzI1NiIsInR5cCI6IkpXVCJ9.eyJub25jZSI6Ijk3MjlmNmY0LTA4OTQtNGZkOC04NzBkLTkyZDFmOTZhMTljMiIsIm9yZ0lkIjoiMjk1MTU4IiwidXNlcklkIjoiMzAyMTA4IiwidHlwZUlkIjoiYTAyZmNhYmQtMGY3MC00ZjQ2LTg1NmUtZmQ1YjRmOTJiMWJkIiwidHlwZSI6IlBST0pFQ1QiLCJpYXQiOjE3MTA5MTc2MDMsImV4cCI6NDg2NjY3NzYwM30.bYdWb1zCQPrKR_Mn-CHHtvfBUCK7cSIbb6TQBTiu8j8\r\n' +
        'User-Agent: axios/1.6.8\r\n' +
        'Accept-Encoding: gzip, compress, deflate, br\r\n' +
        'Host: deep-index.moralis.io\r\n' +
        'Connection: close\r\n' +
        '\r\n',
      _keepAliveTimeout: 0,
      _onPendingData: [Function: nop],
      agent: [Agent],
      socketPath: undefined,
      method: 'GET',
      maxHeaderSize: undefined,
      insecureHTTPParser: undefined,
      path: '/api/v2.2/0x09b54c67b180b67b76ef0012ee29cdeb1ab019a4/nft?chain=0x89&format=decimal&token_addresses[]=0xc7e269fe785d5def61c29c91dc254067f75568be&media_items=true',
      _ended: true,
      res: [IncomingMessage],
      aborted: false,
      timeoutCb: null,
      upgradeOrConnect: false,
      parser: null,
      maxHeadersCount: null,
      reusedSocket: false,
      host: 'deep-index.moralis.io',
      protocol: 'https:',
      _redirectable: [Writable],
      [Symbol(kCapture)]: false,
      [Symbol(kBytesWritten)]: 0,
      [Symbol(kEndCalled)]: true,
      [Symbol(kNeedDrain)]: false,
      [Symbol(corked)]: 0,
      [Symbol(kOutHeaders)]: [Object: null prototype],
      [Symbol(kUniqueHeaders)]: null
    },
    response: {
      status: 401,
      statusText: 'Unauthorized',
      headers: [Object [AxiosHeaders]],
      config: [Object],
      request: [ClientRequest],
      data: [Object]
    }
  }
}
MoralisError [Moralis SDK Core Error]: [C0006] Request failed, Unauthorized(401): Invalid key
    at RequestController.makeError (/home/eskillzs/eSKILLZ/node_modules/@moralisweb3/common-core/lib/cjs/index.cjs:1224:20)
    at RequestController.<anonymous> (/home/eskillzs/eSKILLZ/node_modules/@moralisweb3/common-core/lib/cjs/index.cjs:1205:38)
    at step (/home/eskillzs/eSKILLZ/node_modules/@moralisweb3/common-core/lib/cjs/index.cjs:83:23)
    at Object.throw (/home/eskillzs/eSKILLZ/node_modules/@moralisweb3/common-core/lib/cjs/index.cjs:64:53)
    at rejected (/home/eskillzs/eSKILLZ/node_modules/@moralisweb3/common-core/lib/cjs/index.cjs:55:65)
    at runMicrotasks (<anonymous>)
    at processTicksAndRejections (node:internal/process/task_queues:96:5) {
  isMoralisError: true,
  code: 'C0006',
  details: {
    status: 401,
    response: {
      status: 401,
      statusText: 'Unauthorized',
      headers: [Object [AxiosHeaders]],
      config: [Object],
      request: [ClientRequest],
      data: [Object]
    }
  },
  [cause]: AxiosError: Request failed with status code 401
      at settle (/home/eskillzs/eSKILLZ/node_modules/@moralisweb3/common-core/node_modules/axios/dist/node/axios.cjs:1966:12)
      at IncomingMessage.handleStreamEnd (/home/eskillzs/eSKILLZ/node_modules/@moralisweb3/common-core/node_modules/axios/dist/node/axios.cjs:3065:11)
      at IncomingMessage.emit (node:events:525:35)
      at endReadableNT (node:internal/streams/readable:1358:12)
      at processTicksAndRejections (node:internal/process/task_queues:83:21)
      at Axios.request (/home/eskillzs/eSKILLZ/node_modules/@moralisweb3/common-core/node_modules/axios/dist/node/axios.cjs:3876:41)
      at runMicrotasks (<anonymous>)
      at processTicksAndRejections (node:internal/process/task_queues:96:5) {
    code: 'ERR_BAD_REQUEST',
    config: {
      transitional: [Object],
      adapter: [Array],
      transformRequest: [Array],
      transformResponse: [Array],
      timeout: 20000,
      xsrfCookieName: 'XSRF-TOKEN',
      xsrfHeaderName: 'X-XSRF-TOKEN',
      maxContentLength: Infinity,
      maxBodyLength: Infinity,
      env: [Object],
      validateStatus: [Function: validateStatus],
      headers: [Object [AxiosHeaders]],
      method: 'get',
      url: 'https://deep-index.moralis.io/api/v2.2/0x09b54c67b180b67b76ef0012ee29cdeb1ab019a4/nft',
      params: [Object],
      data: undefined
    },
    request: ClientRequest {
      _events: [Object: null prototype],
      _eventsCount: 7,
      _maxListeners: undefined,
      outputData: [],
      outputSize: 0,
      writable: true,
      destroyed: false,
      _last: true,
      chunkedEncoding: false,
      shouldKeepAlive: false,
      maxRequestsOnConnectionReached: false,
      _defaultKeepAlive: true,
      useChunkedEncodingByDefault: false,
      sendDate: false,
      _removedConnection: false,
      _removedContLen: false,
      _removedTE: false,
      strictContentLength: false,
      _contentLength: 0,
      _hasBody: true,
      _trailer: '',
      finished: true,
      _headerSent: true,
      _closed: false,
      socket: [TLSSocket],
      _header: 'GET /api/v2.2/0x09b54c67b180b67b76ef0012ee29cdeb1ab019a4/nft?chain=0x89&format=decimal&token_addresses[]=0x072612df4b37004f6f27cf1a03ba3966e1774685&media_items=true HTTP/1.1\r\n' +
        'Accept: application/json, text/plain, */*\r\n' +
        'x-moralis-platform: NodeJS SDK\r\n' +
        'x-moralis-platform-version: 2.25.1\r\n' +
        'x-moralis-build-target: node\r\n' +
        'x-api-key: eyJhbGciOiJIUzI1NiIsInR5cCI6IkpXVCJ9.eyJub25jZSI6Ijk3MjlmNmY0LTA4OTQtNGZkOC04NzBkLTkyZDFmOTZhMTljMiIsIm9yZ0lkIjoiMjk1MTU4IiwidXNlcklkIjoiMzAyMTA4IiwidHlwZUlkIjoiYTAyZmNhYmQtMGY3MC00ZjQ2LTg1NmUtZmQ1YjRmOTJiMWJkIiwidHlwZSI6IlBST0pFQ1QiLCJpYXQiOjE3MTA5MTc2MDMsImV4cCI6NDg2NjY3NzYwM30.bYdWb1zCQPrKR_Mn-CHHtvfBUCK7cSIbb6TQBTiu8j8\r\n' +
        'User-Agent: axios/1.6.8\r\n' +
        'Accept-Encoding: gzip, compress, deflate, br\r\n' +
        'Host: deep-index.moralis.io\r\n' +
        'Connection: close\r\n' +
        '\r\n',
      _keepAliveTimeout: 0,
      _onPendingData: [Function: nop],
      agent: [Agent],
      socketPath: undefined,
      method: 'GET',
      maxHeaderSize: undefined,
      insecureHTTPParser: undefined,
      path: '/api/v2.2/0x09b54c67b180b67b76ef0012ee29cdeb1ab019a4/nft?chain=0x89&format=decimal&token_addresses[]=0x072612df4b37004f6f27cf1a03ba3966e1774685&media_items=true',
      _ended: true,
      res: [IncomingMessage],
      aborted: false,
      timeoutCb: null,
      upgradeOrConnect: false,
      parser: null,
      maxHeadersCount: null,
      reusedSocket: false,
      host: 'deep-index.moralis.io',
      protocol: 'https:',
      _redirectable: [Writable],
      [Symbol(kCapture)]: false,
      [Symbol(kBytesWritten)]: 0,
      [Symbol(kEndCalled)]: true,
      [Symbol(kNeedDrain)]: false,
      [Symbol(corked)]: 0,
      [Symbol(kOutHeaders)]: [Object: null prototype],
      [Symbol(kUniqueHeaders)]: null
    },
    response: {
      status: 401,
      statusText: 'Unauthorized',
      headers: [Object [AxiosHeaders]],
      config: [Object],
      request: [ClientRequest],
      data: [Object]
    }
  }
}
MoralisError [Moralis SDK Core Error]: [C0006] Request failed, Unauthorized(401): Invalid key
    at RequestController.makeError (/home/eskillzs/eSKILLZ/node_modules/@moralisweb3/common-core/lib/cjs/index.cjs:1224:20)
    at RequestController.<anonymous> (/home/eskillzs/eSKILLZ/node_modules/@moralisweb3/common-core/lib/cjs/index.cjs:1205:38)
    at step (/home/eskillzs/eSKILLZ/node_modules/@moralisweb3/common-core/lib/cjs/index.cjs:83:23)
    at Object.throw (/home/eskillzs/eSKILLZ/node_modules/@moralisweb3/common-core/lib/cjs/index.cjs:64:53)
    at rejected (/home/eskillzs/eSKILLZ/node_modules/@moralisweb3/common-core/lib/cjs/index.cjs:55:65)
    at runMicrotasks (<anonymous>)
    at processTicksAndRejections (node:internal/process/task_queues:96:5) {
  isMoralisError: true,
  code: 'C0006',
  details: {
    status: 401,
    response: {
      status: 401,
      statusText: 'Unauthorized',
      headers: [Object [AxiosHeaders]],
      config: [Object],
      request: [ClientRequest],
      data: [Object]
    }
  },
  [cause]: AxiosError: Request failed with status code 401
      at settle (/home/eskillzs/eSKILLZ/node_modules/@moralisweb3/common-core/node_modules/axios/dist/node/axios.cjs:1966:12)
      at IncomingMessage.handleStreamEnd (/home/eskillzs/eSKILLZ/node_modules/@moralisweb3/common-core/node_modules/axios/dist/node/axios.cjs:3065:11)
      at IncomingMessage.emit (node:events:525:35)
      at endReadableNT (node:internal/streams/readable:1358:12)
      at processTicksAndRejections (node:internal/process/task_queues:83:21)
      at Axios.request (/home/eskillzs/eSKILLZ/node_modules/@moralisweb3/common-core/node_modules/axios/dist/node/axios.cjs:3876:41)
      at runMicrotasks (<anonymous>)
      at processTicksAndRejections (node:internal/process/task_queues:96:5) {
    code: 'ERR_BAD_REQUEST',
    config: {
      transitional: [Object],
      adapter: [Array],
      transformRequest: [Array],
      transformResponse: [Array],
      timeout: 20000,
      xsrfCookieName: 'XSRF-TOKEN',
      xsrfHeaderName: 'X-XSRF-TOKEN',
      maxContentLength: Infinity,
      maxBodyLength: Infinity,
      env: [Object],
      validateStatus: [Function: validateStatus],
      headers: [Object [AxiosHeaders]],
      method: 'get',
      url: 'https://deep-index.moralis.io/api/v2.2/0x09b54c67b180b67b76ef0012ee29cdeb1ab019a4/nft',
      params: [Object],
      data: undefined
    },
    request: ClientRequest {
      _events: [Object: null prototype],
      _eventsCount: 7,
      _maxListeners: undefined,
      outputData: [],
      outputSize: 0,
      writable: true,
      destroyed: false,
      _last: true,
      chunkedEncoding: false,
      shouldKeepAlive: false,
      maxRequestsOnConnectionReached: false,
      _defaultKeepAlive: true,
      useChunkedEncodingByDefault: false,
      sendDate: false,
      _removedConnection: false,
      _removedContLen: false,
      _removedTE: false,
      strictContentLength: false,
      _contentLength: 0,
      _hasBody: true,
      _trailer: '',
      finished: true,
      _headerSent: true,
      _closed: false,
      socket: [TLSSocket],
      _header: 'GET /api/v2.2/0x09b54c67b180b67b76ef0012ee29cdeb1ab019a4/nft?chain=0x89&format=decimal&token_addresses[]=0x823a7aa1e0a0d8648c1d19a4cdb0d21098b145ab&media_items=true HTTP/1.1\r\n' +
        'Accept: application/json, text/plain, */*\r\n' +
        'x-moralis-platform: NodeJS SDK\r\n' +
        'x-moralis-platform-version: 2.25.1\r\n' +
        'x-moralis-build-target: node\r\n' +
        'x-api-key: eyJhbGciOiJIUzI1NiIsInR5cCI6IkpXVCJ9.eyJub25jZSI6Ijk3MjlmNmY0LTA4OTQtNGZkOC04NzBkLTkyZDFmOTZhMTljMiIsIm9yZ0lkIjoiMjk1MTU4IiwidXNlcklkIjoiMzAyMTA4IiwidHlwZUlkIjoiYTAyZmNhYmQtMGY3MC00ZjQ2LTg1NmUtZmQ1YjRmOTJiMWJkIiwidHlwZSI6IlBST0pFQ1QiLCJpYXQiOjE3MTA5MTc2MDMsImV4cCI6NDg2NjY3NzYwM30.bYdWb1zCQPrKR_Mn-CHHtvfBUCK7cSIbb6TQBTiu8j8\r\n' +
        'User-Agent: axios/1.6.8\r\n' +
        'Accept-Encoding: gzip, compress, deflate, br\r\n' +
        'Host: deep-index.moralis.io\r\n' +
        'Connection: close\r\n' +
        '\r\n',
      _keepAliveTimeout: 0,
      _onPendingData: [Function: nop],
      agent: [Agent],
      socketPath: undefined,
      method: 'GET',
      maxHeaderSize: undefined,
      insecureHTTPParser: undefined,
      path: '/api/v2.2/0x09b54c67b180b67b76ef0012ee29cdeb1ab019a4/nft?chain=0x89&format=decimal&token_addresses[]=0x823a7aa1e0a0d8648c1d19a4cdb0d21098b145ab&media_items=true',
      _ended: true,
      res: [IncomingMessage],
      aborted: false,
      timeoutCb: null,
      upgradeOrConnect: false,
      parser: null,
      maxHeadersCount: null,
      reusedSocket: false,
      host: 'deep-index.moralis.io',
      protocol: 'https:',
      _redirectable: [Writable],
      [Symbol(kCapture)]: false,
      [Symbol(kBytesWritten)]: 0,
      [Symbol(kEndCalled)]: true,
      [Symbol(kNeedDrain)]: false,
      [Symbol(corked)]: 0,
      [Symbol(kOutHeaders)]: [Object: null prototype],
      [Symbol(kUniqueHeaders)]: null
    },
    response: {
      status: 401,
      statusText: 'Unauthorized',
      headers: [Object [AxiosHeaders]],
      config: [Object],
      request: [ClientRequest],
      data: [Object]
    }
  }
}
MoralisError [Moralis SDK Core Error]: [C0006] Request failed, Unauthorized(401): Invalid key
    at RequestController.makeError (/home/eskillzs/eSKILLZ/node_modules/@moralisweb3/common-core/lib/cjs/index.cjs:1224:20)
    at RequestController.<anonymous> (/home/eskillzs/eSKILLZ/node_modules/@moralisweb3/common-core/lib/cjs/index.cjs:1205:38)
    at step (/home/eskillzs/eSKILLZ/node_modules/@moralisweb3/common-core/lib/cjs/index.cjs:83:23)
    at Object.throw (/home/eskillzs/eSKILLZ/node_modules/@moralisweb3/common-core/lib/cjs/index.cjs:64:53)
    at rejected (/home/eskillzs/eSKILLZ/node_modules/@moralisweb3/common-core/lib/cjs/index.cjs:55:65)
    at runMicrotasks (<anonymous>)
    at processTicksAndRejections (node:internal/process/task_queues:96:5) {
  isMoralisError: true,
  code: 'C0006',
  details: {
    status: 401,
    response: {
      status: 401,
      statusText: 'Unauthorized',
      headers: [Object [AxiosHeaders]],
      config: [Object],
      request: [ClientRequest],
      data: [Object]
    }
  },
  [cause]: AxiosError: Request failed with status code 401
      at settle (/home/eskillzs/eSKILLZ/node_modules/@moralisweb3/common-core/node_modules/axios/dist/node/axios.cjs:1966:12)
      at IncomingMessage.handleStreamEnd (/home/eskillzs/eSKILLZ/node_modules/@moralisweb3/common-core/node_modules/axios/dist/node/axios.cjs:3065:11)
      at IncomingMessage.emit (node:events:525:35)
      at endReadableNT (node:internal/streams/readable:1358:12)
      at processTicksAndRejections (node:internal/process/task_queues:83:21)
      at Axios.request (/home/eskillzs/eSKILLZ/node_modules/@moralisweb3/common-core/node_modules/axios/dist/node/axios.cjs:3876:41)
      at runMicrotasks (<anonymous>)
      at processTicksAndRejections (node:internal/process/task_queues:96:5) {
    code: 'ERR_BAD_REQUEST',
    config: {
      transitional: [Object],
      adapter: [Array],
      transformRequest: [Array],
      transformResponse: [Array],
      timeout: 20000,
      xsrfCookieName: 'XSRF-TOKEN',
      xsrfHeaderName: 'X-XSRF-TOKEN',
      maxContentLength: Infinity,
      maxBodyLength: Infinity,
      env: [Object],
      validateStatus: [Function: validateStatus],
      headers: [Object [AxiosHeaders]],
      method: 'get',
      url: 'https://deep-index.moralis.io/api/v2.2/0x09b54c67b180b67b76ef0012ee29cdeb1ab019a4/nft',
      params: [Object],
      data: undefined
    },
    request: ClientRequest {
      _events: [Object: null prototype],
      _eventsCount: 7,
      _maxListeners: undefined,
      outputData: [],
      outputSize: 0,
      writable: true,
      destroyed: false,
      _last: true,
      chunkedEncoding: false,
      shouldKeepAlive: false,
      maxRequestsOnConnectionReached: false,
      _defaultKeepAlive: true,
      useChunkedEncodingByDefault: false,
      sendDate: false,
      _removedConnection: false,
      _removedContLen: false,
      _removedTE: false,
      strictContentLength: false,
      _contentLength: 0,
      _hasBody: true,
      _trailer: '',
      finished: true,
      _headerSent: true,
      _closed: false,
      socket: [TLSSocket],
      _header: 'GET /api/v2.2/0x09b54c67b180b67b76ef0012ee29cdeb1ab019a4/nft?chain=0x89&format=decimal&token_addresses[]=0xcd03575fd76aa553aea26812e9d68d0df5ad1ae3&media_items=true HTTP/1.1\r\n' +
        'Accept: application/json, text/plain, */*\r\n' +
        'x-moralis-platform: NodeJS SDK\r\n' +
        'x-moralis-platform-version: 2.25.1\r\n' +
        'x-moralis-build-target: node\r\n' +
        'x-api-key: eyJhbGciOiJIUzI1NiIsInR5cCI6IkpXVCJ9.eyJub25jZSI6Ijk3MjlmNmY0LTA4OTQtNGZkOC04NzBkLTkyZDFmOTZhMTljMiIsIm9yZ0lkIjoiMjk1MTU4IiwidXNlcklkIjoiMzAyMTA4IiwidHlwZUlkIjoiYTAyZmNhYmQtMGY3MC00ZjQ2LTg1NmUtZmQ1YjRmOTJiMWJkIiwidHlwZSI6IlBST0pFQ1QiLCJpYXQiOjE3MTA5MTc2MDMsImV4cCI6NDg2NjY3NzYwM30.bYdWb1zCQPrKR_Mn-CHHtvfBUCK7cSIbb6TQBTiu8j8\r\n' +
        'User-Agent: axios/1.6.8\r\n' +
        'Accept-Encoding: gzip, compress, deflate, br\r\n' +
        'Host: deep-index.moralis.io\r\n' +
        'Connection: close\r\n' +
        '\r\n',
      _keepAliveTimeout: 0,
      _onPendingData: [Function: nop],
      agent: [Agent],
      socketPath: undefined,
      method: 'GET',
      maxHeaderSize: undefined,
      insecureHTTPParser: undefined,
      path: '/api/v2.2/0x09b54c67b180b67b76ef0012ee29cdeb1ab019a4/nft?chain=0x89&format=decimal&token_addresses[]=0xcd03575fd76aa553aea26812e9d68d0df5ad1ae3&media_items=true',
      _ended: true,
      res: [IncomingMessage],
      aborted: false,
      timeoutCb: null,
      upgradeOrConnect: false,
      parser: null,
      maxHeadersCount: null,
      reusedSocket: false,
      host: 'deep-index.moralis.io',
      protocol: 'https:',
      _redirectable: [Writable],
      [Symbol(kCapture)]: false,
      [Symbol(kBytesWritten)]: 0,
      [Symbol(kEndCalled)]: true,
      [Symbol(kNeedDrain)]: false,
      [Symbol(corked)]: 0,
      [Symbol(kOutHeaders)]: [Object: null prototype],
      [Symbol(kUniqueHeaders)]: null
    },
    response: {
      status: 401,
      statusText: 'Unauthorized',
      headers: [Object [AxiosHeaders]],
      config: [Object],
      request: [ClientRequest],
      data: [Object]
    }
  }
}
MoralisError [Moralis SDK Core Error]: [C0006] Request failed, Unauthorized(401): Invalid key
    at RequestController.makeError (/home/eskillzs/eSKILLZ/node_modules/@moralisweb3/common-core/lib/cjs/index.cjs:1224:20)
    at RequestController.<anonymous> (/home/eskillzs/eSKILLZ/node_modules/@moralisweb3/common-core/lib/cjs/index.cjs:1205:38)
    at step (/home/eskillzs/eSKILLZ/node_modules/@moralisweb3/common-core/lib/cjs/index.cjs:83:23)
    at Object.throw (/home/eskillzs/eSKILLZ/node_modules/@moralisweb3/common-core/lib/cjs/index.cjs:64:53)
    at rejected (/home/eskillzs/eSKILLZ/node_modules/@moralisweb3/common-core/lib/cjs/index.cjs:55:65)
    at runMicrotasks (<anonymous>)
    at processTicksAndRejections (node:internal/process/task_queues:96:5) {
  isMoralisError: true,
  code: 'C0006',
  details: {
    status: 401,
    response: {
      status: 401,
      statusText: 'Unauthorized',
      headers: [Object [AxiosHeaders]],
      config: [Object],
      request: [ClientRequest],
      data: [Object]
    }
  },
  [cause]: AxiosError: Request failed with status code 401
      at settle (/home/eskillzs/eSKILLZ/node_modules/@moralisweb3/common-core/node_modules/axios/dist/node/axios.cjs:1966:12)
      at IncomingMessage.handleStreamEnd (/home/eskillzs/eSKILLZ/node_modules/@moralisweb3/common-core/node_modules/axios/dist/node/axios.cjs:3065:11)
      at IncomingMessage.emit (node:events:525:35)
      at endReadableNT (node:internal/streams/readable:1358:12)
      at processTicksAndRejections (node:internal/process/task_queues:83:21)
      at Axios.request (/home/eskillzs/eSKILLZ/node_modules/@moralisweb3/common-core/node_modules/axios/dist/node/axios.cjs:3876:41)
      at runMicrotasks (<anonymous>)
      at processTicksAndRejections (node:internal/process/task_queues:96:5) {
    code: 'ERR_BAD_REQUEST',
    config: {
      transitional: [Object],
      adapter: [Array],
      transformRequest: [Array],
      transformResponse: [Array],
      timeout: 20000,
      xsrfCookieName: 'XSRF-TOKEN',
      xsrfHeaderName: 'X-XSRF-TOKEN',
      maxContentLength: Infinity,
      maxBodyLength: Infinity,
      env: [Object],
      validateStatus: [Function: validateStatus],
      headers: [Object [AxiosHeaders]],
      method: 'get',
      url: 'https://deep-index.moralis.io/api/v2.2/0x09b54c67b180b67b76ef0012ee29cdeb1ab019a4/nft',
      params: [Object],
      data: undefined
    },
    request: ClientRequest {
      _events: [Object: null prototype],
      _eventsCount: 7,
      _maxListeners: undefined,
      outputData: [],
      outputSize: 0,
      writable: true,
      destroyed: false,
      _last: true,
      chunkedEncoding: false,
      shouldKeepAlive: false,
      maxRequestsOnConnectionReached: false,
      _defaultKeepAlive: true,
      useChunkedEncodingByDefault: false,
      sendDate: false,
      _removedConnection: false,
      _removedContLen: false,
      _removedTE: false,
      strictContentLength: false,
      _contentLength: 0,
      _hasBody: true,
      _trailer: '',
      finished: true,
      _headerSent: true,
      _closed: false,
      socket: [TLSSocket],
      _header: 'GET /api/v2.2/0x09b54c67b180b67b76ef0012ee29cdeb1ab019a4/nft?chain=0x89&format=decimal&token_addresses[]=0x39d007bae99bdd1e4c3cec4a58496b05330fec0a&media_items=true HTTP/1.1\r\n' +
        'Accept: application/json, text/plain, */*\r\n' +
        'x-moralis-platform: NodeJS SDK\r\n' +
        'x-moralis-platform-version: 2.25.1\r\n' +
        'x-moralis-build-target: node\r\n' +
        'x-api-key: eyJhbGciOiJIUzI1NiIsInR5cCI6IkpXVCJ9.eyJub25jZSI6Ijk3MjlmNmY0LTA4OTQtNGZkOC04NzBkLTkyZDFmOTZhMTljMiIsIm9yZ0lkIjoiMjk1MTU4IiwidXNlcklkIjoiMzAyMTA4IiwidHlwZUlkIjoiYTAyZmNhYmQtMGY3MC00ZjQ2LTg1NmUtZmQ1YjRmOTJiMWJkIiwidHlwZSI6IlBST0pFQ1QiLCJpYXQiOjE3MTA5MTc2MDMsImV4cCI6NDg2NjY3NzYwM30.bYdWb1zCQPrKR_Mn-CHHtvfBUCK7cSIbb6TQBTiu8j8\r\n' +
        'User-Agent: axios/1.6.8\r\n' +
        'Accept-Encoding: gzip, compress, deflate, br\r\n' +
        'Host: deep-index.moralis.io\r\n' +
        'Connection: close\r\n' +
        '\r\n',
      _keepAliveTimeout: 0,
      _onPendingData: [Function: nop],
      agent: [Agent],
      socketPath: undefined,
      method: 'GET',
      maxHeaderSize: undefined,
      insecureHTTPParser: undefined,
      path: '/api/v2.2/0x09b54c67b180b67b76ef0012ee29cdeb1ab019a4/nft?chain=0x89&format=decimal&token_addresses[]=0x39d007bae99bdd1e4c3cec4a58496b05330fec0a&media_items=true',
      _ended: true,
      res: [IncomingMessage],
      aborted: false,
      timeoutCb: null,
      upgradeOrConnect: false,
      parser: null,
      maxHeadersCount: null,
      reusedSocket: false,
      host: 'deep-index.moralis.io',
      protocol: 'https:',
      _redirectable: [Writable],
      [Symbol(kCapture)]: false,
      [Symbol(kBytesWritten)]: 0,
      [Symbol(kEndCalled)]: true,
      [Symbol(kNeedDrain)]: false,
      [Symbol(corked)]: 0,
      [Symbol(kOutHeaders)]: [Object: null prototype],
      [Symbol(kUniqueHeaders)]: null
    },
    response: {
      status: 401,
      statusText: 'Unauthorized',
      headers: [Object [AxiosHeaders]],
      config: [Object],
      request: [ClientRequest],
      data: [Object]
    }
  }
}
MoralisError [Moralis SDK Core Error]: [C0006] Request failed, Unauthorized(401): Invalid key
    at RequestController.makeError (/home/eskillzs/eSKILLZ/node_modules/@moralisweb3/common-core/lib/cjs/index.cjs:1224:20)
    at RequestController.<anonymous> (/home/eskillzs/eSKILLZ/node_modules/@moralisweb3/common-core/lib/cjs/index.cjs:1205:38)
    at step (/home/eskillzs/eSKILLZ/node_modules/@moralisweb3/common-core/lib/cjs/index.cjs:83:23)
    at Object.throw (/home/eskillzs/eSKILLZ/node_modules/@moralisweb3/common-core/lib/cjs/index.cjs:64:53)
    at rejected (/home/eskillzs/eSKILLZ/node_modules/@moralisweb3/common-core/lib/cjs/index.cjs:55:65)
    at runMicrotasks (<anonymous>)
    at processTicksAndRejections (node:internal/process/task_queues:96:5) {
  isMoralisError: true,
  code: 'C0006',
  details: {
    status: 401,
    response: {
      status: 401,
      statusText: 'Unauthorized',
      headers: [Object [AxiosHeaders]],
      config: [Object],
      request: [ClientRequest],
      data: [Object]
    }
  },
  [cause]: AxiosError: Request failed with status code 401
      at settle (/home/eskillzs/eSKILLZ/node_modules/@moralisweb3/common-core/node_modules/axios/dist/node/axios.cjs:1966:12)
      at IncomingMessage.handleStreamEnd (/home/eskillzs/eSKILLZ/node_modules/@moralisweb3/common-core/node_modules/axios/dist/node/axios.cjs:3065:11)
      at IncomingMessage.emit (node:events:525:35)
      at endReadableNT (node:internal/streams/readable:1358:12)
      at processTicksAndRejections (node:internal/process/task_queues:83:21)
      at Axios.request (/home/eskillzs/eSKILLZ/node_modules/@moralisweb3/common-core/node_modules/axios/dist/node/axios.cjs:3876:41)
      at runMicrotasks (<anonymous>)
      at processTicksAndRejections (node:internal/process/task_queues:96:5) {
    code: 'ERR_BAD_REQUEST',
    config: {
      transitional: [Object],
      adapter: [Array],
      transformRequest: [Array],
      transformResponse: [Array],
      timeout: 20000,
      xsrfCookieName: 'XSRF-TOKEN',
      xsrfHeaderName: 'X-XSRF-TOKEN',
      maxContentLength: Infinity,
      maxBodyLength: Infinity,
      env: [Object],
      validateStatus: [Function: validateStatus],
      headers: [Object [AxiosHeaders]],
      method: 'get',
      url: 'https://deep-index.moralis.io/api/v2.2/0x09b54c67b180b67b76ef0012ee29cdeb1ab019a4/nft',
      params: [Object],
      data: undefined
    },
    request: ClientRequest {
      _events: [Object: null prototype],
      _eventsCount: 7,
      _maxListeners: undefined,
      outputData: [],
      outputSize: 0,
      writable: true,
      destroyed: false,
      _last: true,
      chunkedEncoding: false,
      shouldKeepAlive: false,
      maxRequestsOnConnectionReached: false,
      _defaultKeepAlive: true,
      useChunkedEncodingByDefault: false,
      sendDate: false,
      _removedConnection: false,
      _removedContLen: false,
      _removedTE: false,
      strictContentLength: false,
      _contentLength: 0,
      _hasBody: true,
      _trailer: '',
      finished: true,
      _headerSent: true,
      _closed: false,
      socket: [TLSSocket],
      _header: 'GET /api/v2.2/0x09b54c67b180b67b76ef0012ee29cdeb1ab019a4/nft?chain=0x89&format=decimal&token_addresses[]=0xb61df32b42d9f5518f52093caef0f1104e2a4b04&media_items=true HTTP/1.1\r\n' +
        'Accept: application/json, text/plain, */*\r\n' +
        'x-moralis-platform: NodeJS SDK\r\n' +
        'x-moralis-platform-version: 2.25.1\r\n' +
        'x-moralis-build-target: node\r\n' +
        'x-api-key: eyJhbGciOiJIUzI1NiIsInR5cCI6IkpXVCJ9.eyJub25jZSI6Ijk3MjlmNmY0LTA4OTQtNGZkOC04NzBkLTkyZDFmOTZhMTljMiIsIm9yZ0lkIjoiMjk1MTU4IiwidXNlcklkIjoiMzAyMTA4IiwidHlwZUlkIjoiYTAyZmNhYmQtMGY3MC00ZjQ2LTg1NmUtZmQ1YjRmOTJiMWJkIiwidHlwZSI6IlBST0pFQ1QiLCJpYXQiOjE3MTA5MTc2MDMsImV4cCI6NDg2NjY3NzYwM30.bYdWb1zCQPrKR_Mn-CHHtvfBUCK7cSIbb6TQBTiu8j8\r\n' +
        'User-Agent: axios/1.6.8\r\n' +
        'Accept-Encoding: gzip, compress, deflate, br\r\n' +
        'Host: deep-index.moralis.io\r\n' +
        'Connection: close\r\n' +
        '\r\n',
      _keepAliveTimeout: 0,
      _onPendingData: [Function: nop],
      agent: [Agent],
      socketPath: undefined,
      method: 'GET',
      maxHeaderSize: undefined,
      insecureHTTPParser: undefined,
      path: '/api/v2.2/0x09b54c67b180b67b76ef0012ee29cdeb1ab019a4/nft?chain=0x89&format=decimal&token_addresses[]=0xb61df32b42d9f5518f52093caef0f1104e2a4b04&media_items=true',
      _ended: true,
      res: [IncomingMessage],
      aborted: false,
      timeoutCb: null,
      upgradeOrConnect: false,
      parser: null,
      maxHeadersCount: null,
      reusedSocket: false,
      host: 'deep-index.moralis.io',
      protocol: 'https:',
      _redirectable: [Writable],
      [Symbol(kCapture)]: false,
      [Symbol(kBytesWritten)]: 0,
      [Symbol(kEndCalled)]: true,
      [Symbol(kNeedDrain)]: false,
      [Symbol(corked)]: 0,
      [Symbol(kOutHeaders)]: [Object: null prototype],
      [Symbol(kUniqueHeaders)]: null
    },
    response: {
      status: 401,
      statusText: 'Unauthorized',
      headers: [Object [AxiosHeaders]],
      config: [Object],
      request: [ClientRequest],
      data: [Object]
    }
  }
}
MoralisError [Moralis SDK Core Error]: [C0006] Request failed, Unauthorized(401): Invalid key
    at RequestController.makeError (/home/eskillzs/eSKILLZ/node_modules/@moralisweb3/common-core/lib/cjs/index.cjs:1224:20)
    at RequestController.<anonymous> (/home/eskillzs/eSKILLZ/node_modules/@moralisweb3/common-core/lib/cjs/index.cjs:1205:38)
    at step (/home/eskillzs/eSKILLZ/node_modules/@moralisweb3/common-core/lib/cjs/index.cjs:83:23)
    at Object.throw (/home/eskillzs/eSKILLZ/node_modules/@moralisweb3/common-core/lib/cjs/index.cjs:64:53)
    at rejected (/home/eskillzs/eSKILLZ/node_modules/@moralisweb3/common-core/lib/cjs/index.cjs:55:65)
    at runMicrotasks (<anonymous>)
    at processTicksAndRejections (node:internal/process/task_queues:96:5) {
  isMoralisError: true,
  code: 'C0006',
  details: {
    status: 401,
    response: {
      status: 401,
      statusText: 'Unauthorized',
      headers: [Object [AxiosHeaders]],
      config: [Object],
      request: [ClientRequest],
      data: [Object]
    }
  },
  [cause]: AxiosError: Request failed with status code 401
      at settle (/home/eskillzs/eSKILLZ/node_modules/@moralisweb3/common-core/node_modules/axios/dist/node/axios.cjs:1966:12)
      at IncomingMessage.handleStreamEnd (/home/eskillzs/eSKILLZ/node_modules/@moralisweb3/common-core/node_modules/axios/dist/node/axios.cjs:3065:11)
      at IncomingMessage.emit (node:events:525:35)
      at endReadableNT (node:internal/streams/readable:1358:12)
      at processTicksAndRejections (node:internal/process/task_queues:83:21)
      at Axios.request (/home/eskillzs/eSKILLZ/node_modules/@moralisweb3/common-core/node_modules/axios/dist/node/axios.cjs:3876:41)
      at runMicrotasks (<anonymous>)
      at processTicksAndRejections (node:internal/process/task_queues:96:5) {
    code: 'ERR_BAD_REQUEST',
    config: {
      transitional: [Object],
      adapter: [Array],
      transformRequest: [Array],
      transformResponse: [Array],
      timeout: 20000,
      xsrfCookieName: 'XSRF-TOKEN',
      xsrfHeaderName: 'X-XSRF-TOKEN',
      maxContentLength: Infinity,
      maxBodyLength: Infinity,
      env: [Object],
      validateStatus: [Function: validateStatus],
      headers: [Object [AxiosHeaders]],
      method: 'get',
      url: 'https://deep-index.moralis.io/api/v2.2/0x09b54c67b180b67b76ef0012ee29cdeb1ab019a4/nft',
      params: [Object],
      data: undefined
    },
    request: ClientRequest {
      _events: [Object: null prototype],
      _eventsCount: 7,
      _maxListeners: undefined,
      outputData: [],
      outputSize: 0,
      writable: true,
      destroyed: false,
      _last: true,
      chunkedEncoding: false,
      shouldKeepAlive: false,
      maxRequestsOnConnectionReached: false,
      _defaultKeepAlive: true,
      useChunkedEncodingByDefault: false,
      sendDate: false,
      _removedConnection: false,
      _removedContLen: false,
      _removedTE: false,
      strictContentLength: false,
      _contentLength: 0,
      _hasBody: true,
      _trailer: '',
      finished: true,
      _headerSent: true,
      _closed: false,
      socket: [TLSSocket],
      _header: 'GET /api/v2.2/0x09b54c67b180b67b76ef0012ee29cdeb1ab019a4/nft?chain=0x89&format=decimal&token_addresses[]=0x531a63b59ae113adfa318b46ced64bff94989bf8&media_items=true HTTP/1.1\r\n' +
        'Accept: application/json, text/plain, */*\r\n' +
        'x-moralis-platform: NodeJS SDK\r\n' +
        'x-moralis-platform-version: 2.25.1\r\n' +
        'x-moralis-build-target: node\r\n' +
        'x-api-key: eyJhbGciOiJIUzI1NiIsInR5cCI6IkpXVCJ9.eyJub25jZSI6Ijk3MjlmNmY0LTA4OTQtNGZkOC04NzBkLTkyZDFmOTZhMTljMiIsIm9yZ0lkIjoiMjk1MTU4IiwidXNlcklkIjoiMzAyMTA4IiwidHlwZUlkIjoiYTAyZmNhYmQtMGY3MC00ZjQ2LTg1NmUtZmQ1YjRmOTJiMWJkIiwidHlwZSI6IlBST0pFQ1QiLCJpYXQiOjE3MTA5MTc2MDMsImV4cCI6NDg2NjY3NzYwM30.bYdWb1zCQPrKR_Mn-CHHtvfBUCK7cSIbb6TQBTiu8j8\r\n' +
        'User-Agent: axios/1.6.8\r\n' +
        'Accept-Encoding: gzip, compress, deflate, br\r\n' +
        'Host: deep-index.moralis.io\r\n' +
        'Connection: close\r\n' +
        '\r\n',
      _keepAliveTimeout: 0,
      _onPendingData: [Function: nop],
      agent: [Agent],
      socketPath: undefined,
      method: 'GET',
      maxHeaderSize: undefined,
      insecureHTTPParser: undefined,
      path: '/api/v2.2/0x09b54c67b180b67b76ef0012ee29cdeb1ab019a4/nft?chain=0x89&format=decimal&token_addresses[]=0x531a63b59ae113adfa318b46ced64bff94989bf8&media_items=true',
      _ended: true,
      res: [IncomingMessage],
      aborted: false,
      timeoutCb: null,
      upgradeOrConnect: false,
      parser: null,
      maxHeadersCount: null,
      reusedSocket: false,
      host: 'deep-index.moralis.io',
      protocol: 'https:',
      _redirectable: [Writable],
      [Symbol(kCapture)]: false,
      [Symbol(kBytesWritten)]: 0,
      [Symbol(kEndCalled)]: true,
      [Symbol(kNeedDrain)]: false,
      [Symbol(corked)]: 0,
      [Symbol(kOutHeaders)]: [Object: null prototype],
      [Symbol(kUniqueHeaders)]: null
    },
    response: {
      status: 401,
      statusText: 'Unauthorized',
      headers: [Object [AxiosHeaders]],
      config: [Object],
      request: [ClientRequest],
      data: [Object]
    }
  }
}
MoralisError [Moralis SDK Core Error]: [C0006] Request failed, Unauthorized(401): Invalid key
    at RequestController.makeError (/home/eskillzs/eSKILLZ/node_modules/@moralisweb3/common-core/lib/cjs/index.cjs:1224:20)
    at RequestController.<anonymous> (/home/eskillzs/eSKILLZ/node_modules/@moralisweb3/common-core/lib/cjs/index.cjs:1205:38)
    at step (/home/eskillzs/eSKILLZ/node_modules/@moralisweb3/common-core/lib/cjs/index.cjs:83:23)
    at Object.throw (/home/eskillzs/eSKILLZ/node_modules/@moralisweb3/common-core/lib/cjs/index.cjs:64:53)
    at rejected (/home/eskillzs/eSKILLZ/node_modules/@moralisweb3/common-core/lib/cjs/index.cjs:55:65)
    at runMicrotasks (<anonymous>)
    at processTicksAndRejections (node:internal/process/task_queues:96:5) {
  isMoralisError: true,
  code: 'C0006',
  details: {
    status: 401,
    response: {
      status: 401,
      statusText: 'Unauthorized',
      headers: [Object [AxiosHeaders]],
      config: [Object],
      request: [ClientRequest],
      data: [Object]
    }
  },
  [cause]: AxiosError: Request failed with status code 401
      at settle (/home/eskillzs/eSKILLZ/node_modules/@moralisweb3/common-core/node_modules/axios/dist/node/axios.cjs:1966:12)
      at IncomingMessage.handleStreamEnd (/home/eskillzs/eSKILLZ/node_modules/@moralisweb3/common-core/node_modules/axios/dist/node/axios.cjs:3065:11)
      at IncomingMessage.emit (node:events:525:35)
      at endReadableNT (node:internal/streams/readable:1358:12)
      at processTicksAndRejections (node:internal/process/task_queues:83:21)
      at Axios.request (/home/eskillzs/eSKILLZ/node_modules/@moralisweb3/common-core/node_modules/axios/dist/node/axios.cjs:3876:41)
      at runMicrotasks (<anonymous>)
      at processTicksAndRejections (node:internal/process/task_queues:96:5) {
    code: 'ERR_BAD_REQUEST',
    config: {
      transitional: [Object],
      adapter: [Array],
      transformRequest: [Array],
      transformResponse: [Array],
      timeout: 20000,
      xsrfCookieName: 'XSRF-TOKEN',
      xsrfHeaderName: 'X-XSRF-TOKEN',
      maxContentLength: Infinity,
      maxBodyLength: Infinity,
      env: [Object],
      validateStatus: [Function: validateStatus],
      headers: [Object [AxiosHeaders]],
      method: 'get',
      url: 'https://deep-index.moralis.io/api/v2.2/0x09b54c67b180b67b76ef0012ee29cdeb1ab019a4/nft',
      params: [Object],
      data: undefined
    },
    request: ClientRequest {
      _events: [Object: null prototype],
      _eventsCount: 7,
      _maxListeners: undefined,
      outputData: [],
      outputSize: 0,
      writable: true,
      destroyed: false,
      _last: true,
      chunkedEncoding: false,
      shouldKeepAlive: false,
      maxRequestsOnConnectionReached: false,
      _defaultKeepAlive: true,
      useChunkedEncodingByDefault: false,
      sendDate: false,
      _removedConnection: false,
      _removedContLen: false,
      _removedTE: false,
      strictContentLength: false,
      _contentLength: 0,
      _hasBody: true,
      _trailer: '',
      finished: true,
      _headerSent: true,
      _closed: false,
      socket: [TLSSocket],
      _header: 'GET /api/v2.2/0x09b54c67b180b67b76ef0012ee29cdeb1ab019a4/nft?chain=0x89&format=decimal&token_addresses[]=0xd9095c42fab1f40a7f376078431ab984776ace95&media_items=true HTTP/1.1\r\n' +
        'Accept: application/json, text/plain, */*\r\n' +
        'x-moralis-platform: NodeJS SDK\r\n' +
        'x-moralis-platform-version: 2.25.1\r\n' +
        'x-moralis-build-target: node\r\n' +
        'x-api-key: eyJhbGciOiJIUzI1NiIsInR5cCI6IkpXVCJ9.eyJub25jZSI6Ijk3MjlmNmY0LTA4OTQtNGZkOC04NzBkLTkyZDFmOTZhMTljMiIsIm9yZ0lkIjoiMjk1MTU4IiwidXNlcklkIjoiMzAyMTA4IiwidHlwZUlkIjoiYTAyZmNhYmQtMGY3MC00ZjQ2LTg1NmUtZmQ1YjRmOTJiMWJkIiwidHlwZSI6IlBST0pFQ1QiLCJpYXQiOjE3MTA5MTc2MDMsImV4cCI6NDg2NjY3NzYwM30.bYdWb1zCQPrKR_Mn-CHHtvfBUCK7cSIbb6TQBTiu8j8\r\n' +
        'User-Agent: axios/1.6.8\r\n' +
        'Accept-Encoding: gzip, compress, deflate, br\r\n' +
        'Host: deep-index.moralis.io\r\n' +
        'Connection: close\r\n' +
        '\r\n',
      _keepAliveTimeout: 0,
      _onPendingData: [Function: nop],
      agent: [Agent],
      socketPath: undefined,
      method: 'GET',
      maxHeaderSize: undefined,
      insecureHTTPParser: undefined,
      path: '/api/v2.2/0x09b54c67b180b67b76ef0012ee29cdeb1ab019a4/nft?chain=0x89&format=decimal&token_addresses[]=0xd9095c42fab1f40a7f376078431ab984776ace95&media_items=true',
      _ended: true,
      res: [IncomingMessage],
      aborted: false,
      timeoutCb: null,
      upgradeOrConnect: false,
      parser: null,
      maxHeadersCount: null,
      reusedSocket: false,
      host: 'deep-index.moralis.io',
      protocol: 'https:',
      _redirectable: [Writable],
      [Symbol(kCapture)]: false,
      [Symbol(kBytesWritten)]: 0,
      [Symbol(kEndCalled)]: true,
      [Symbol(kNeedDrain)]: false,
      [Symbol(corked)]: 0,
      [Symbol(kOutHeaders)]: [Object: null prototype],
      [Symbol(kUniqueHeaders)]: null
    },
    response: {
      status: 401,
      statusText: 'Unauthorized',
      headers: [Object [AxiosHeaders]],
      config: [Object],
      request: [ClientRequest],
      data: [Object]
    }
  }
}
MoralisError [Moralis SDK Core Error]: [C0006] Request failed, Unauthorized(401): Invalid key
    at RequestController.makeError (/home/eskillzs/eSKILLZ/node_modules/@moralisweb3/common-core/lib/cjs/index.cjs:1224:20)
    at RequestController.<anonymous> (/home/eskillzs/eSKILLZ/node_modules/@moralisweb3/common-core/lib/cjs/index.cjs:1205:38)
    at step (/home/eskillzs/eSKILLZ/node_modules/@moralisweb3/common-core/lib/cjs/index.cjs:83:23)
    at Object.throw (/home/eskillzs/eSKILLZ/node_modules/@moralisweb3/common-core/lib/cjs/index.cjs:64:53)
    at rejected (/home/eskillzs/eSKILLZ/node_modules/@moralisweb3/common-core/lib/cjs/index.cjs:55:65)
    at runMicrotasks (<anonymous>)
    at processTicksAndRejections (node:internal/process/task_queues:96:5) {
  isMoralisError: true,
  code: 'C0006',
  details: {
    status: 401,
    response: {
      status: 401,
      statusText: 'Unauthorized',
      headers: [Object [AxiosHeaders]],
      config: [Object],
      request: [ClientRequest],
      data: [Object]
    }
  },
  [cause]: AxiosError: Request failed with status code 401
      at settle (/home/eskillzs/eSKILLZ/node_modules/@moralisweb3/common-core/node_modules/axios/dist/node/axios.cjs:1966:12)
      at IncomingMessage.handleStreamEnd (/home/eskillzs/eSKILLZ/node_modules/@moralisweb3/common-core/node_modules/axios/dist/node/axios.cjs:3065:11)
      at IncomingMessage.emit (node:events:525:35)
      at endReadableNT (node:internal/streams/readable:1358:12)
      at processTicksAndRejections (node:internal/process/task_queues:83:21)
      at Axios.request (/home/eskillzs/eSKILLZ/node_modules/@moralisweb3/common-core/node_modules/axios/dist/node/axios.cjs:3876:41)
      at runMicrotasks (<anonymous>)
      at processTicksAndRejections (node:internal/process/task_queues:96:5) {
    code: 'ERR_BAD_REQUEST',
    config: {
      transitional: [Object],
      adapter: [Array],
      transformRequest: [Array],
      transformResponse: [Array],
      timeout: 20000,
      xsrfCookieName: 'XSRF-TOKEN',
      xsrfHeaderName: 'X-XSRF-TOKEN',
      maxContentLength: Infinity,
      maxBodyLength: Infinity,
      env: [Object],
      validateStatus: [Function: validateStatus],
      headers: [Object [AxiosHeaders]],
      method: 'get',
      url: 'https://deep-index.moralis.io/api/v2.2/0x09b54c67b180b67b76ef0012ee29cdeb1ab019a4/nft',
      params: [Object],
      data: undefined
    },
    request: ClientRequest {
      _events: [Object: null prototype],
      _eventsCount: 7,
      _maxListeners: undefined,
      outputData: [],
      outputSize: 0,
      writable: true,
      destroyed: false,
      _last: true,
      chunkedEncoding: false,
      shouldKeepAlive: false,
      maxRequestsOnConnectionReached: false,
      _defaultKeepAlive: true,
      useChunkedEncodingByDefault: false,
      sendDate: false,
      _removedConnection: false,
      _removedContLen: false,
      _removedTE: false,
      strictContentLength: false,
      _contentLength: 0,
      _hasBody: true,
      _trailer: '',
      finished: true,
      _headerSent: true,
      _closed: false,
      socket: [TLSSocket],
      _header: 'GET /api/v2.2/0x09b54c67b180b67b76ef0012ee29cdeb1ab019a4/nft?chain=0x89&format=decimal&token_addresses[]=0xc7e269fe785d5def61c29c91dc254067f75568be&media_items=true HTTP/1.1\r\n' +
        'Accept: application/json, text/plain, */*\r\n' +
        'x-moralis-platform: NodeJS SDK\r\n' +
        'x-moralis-platform-version: 2.25.1\r\n' +
        'x-moralis-build-target: node\r\n' +
        'x-api-key: eyJhbGciOiJIUzI1NiIsInR5cCI6IkpXVCJ9.eyJub25jZSI6Ijk3MjlmNmY0LTA4OTQtNGZkOC04NzBkLTkyZDFmOTZhMTljMiIsIm9yZ0lkIjoiMjk1MTU4IiwidXNlcklkIjoiMzAyMTA4IiwidHlwZUlkIjoiYTAyZmNhYmQtMGY3MC00ZjQ2LTg1NmUtZmQ1YjRmOTJiMWJkIiwidHlwZSI6IlBST0pFQ1QiLCJpYXQiOjE3MTA5MTc2MDMsImV4cCI6NDg2NjY3NzYwM30.bYdWb1zCQPrKR_Mn-CHHtvfBUCK7cSIbb6TQBTiu8j8\r\n' +
        'User-Agent: axios/1.6.8\r\n' +
        'Accept-Encoding: gzip, compress, deflate, br\r\n' +
        'Host: deep-index.moralis.io\r\n' +
        'Connection: close\r\n' +
        '\r\n',
      _keepAliveTimeout: 0,
      _onPendingData: [Function: nop],
      agent: [Agent],
      socketPath: undefined,
      method: 'GET',
      maxHeaderSize: undefined,
      insecureHTTPParser: undefined,
      path: '/api/v2.2/0x09b54c67b180b67b76ef0012ee29cdeb1ab019a4/nft?chain=0x89&format=decimal&token_addresses[]=0xc7e269fe785d5def61c29c91dc254067f75568be&media_items=true',
      _ended: true,
      res: [IncomingMessage],
      aborted: false,
      timeoutCb: null,
      upgradeOrConnect: false,
      parser: null,
      maxHeadersCount: null,
      reusedSocket: false,
      host: 'deep-index.moralis.io',
      protocol: 'https:',
      _redirectable: [Writable],
      [Symbol(kCapture)]: false,
      [Symbol(kBytesWritten)]: 0,
      [Symbol(kEndCalled)]: true,
      [Symbol(kNeedDrain)]: false,
      [Symbol(corked)]: 0,
      [Symbol(kOutHeaders)]: [Object: null prototype],
      [Symbol(kUniqueHeaders)]: null
    },
    response: {
      status: 401,
      statusText: 'Unauthorized',
      headers: [Object [AxiosHeaders]],
      config: [Object],
      request: [ClientRequest],
      data: [Object]
    }
  }
}
MoralisError [Moralis SDK Core Error]: [C0006] Request failed, Unauthorized(401): Invalid key
    at RequestController.makeError (/home/eskillzs/eSKILLZ/node_modules/@moralisweb3/common-core/lib/cjs/index.cjs:1224:20)
    at RequestController.<anonymous> (/home/eskillzs/eSKILLZ/node_modules/@moralisweb3/common-core/lib/cjs/index.cjs:1205:38)
    at step (/home/eskillzs/eSKILLZ/node_modules/@moralisweb3/common-core/lib/cjs/index.cjs:83:23)
    at Object.throw (/home/eskillzs/eSKILLZ/node_modules/@moralisweb3/common-core/lib/cjs/index.cjs:64:53)
    at rejected (/home/eskillzs/eSKILLZ/node_modules/@moralisweb3/common-core/lib/cjs/index.cjs:55:65)
    at runMicrotasks (<anonymous>)
    at processTicksAndRejections (node:internal/process/task_queues:96:5) {
  isMoralisError: true,
  code: 'C0006',
  details: {
    status: 401,
    response: {
      status: 401,
      statusText: 'Unauthorized',
      headers: [Object [AxiosHeaders]],
      config: [Object],
      request: [ClientRequest],
      data: [Object]
    }
  },
  [cause]: AxiosError: Request failed with status code 401
      at settle (/home/eskillzs/eSKILLZ/node_modules/@moralisweb3/common-core/node_modules/axios/dist/node/axios.cjs:1966:12)
      at IncomingMessage.handleStreamEnd (/home/eskillzs/eSKILLZ/node_modules/@moralisweb3/common-core/node_modules/axios/dist/node/axios.cjs:3065:11)
      at IncomingMessage.emit (node:events:525:35)
      at endReadableNT (node:internal/streams/readable:1358:12)
      at processTicksAndRejections (node:internal/process/task_queues:83:21)
      at Axios.request (/home/eskillzs/eSKILLZ/node_modules/@moralisweb3/common-core/node_modules/axios/dist/node/axios.cjs:3876:41)
      at runMicrotasks (<anonymous>)
      at processTicksAndRejections (node:internal/process/task_queues:96:5) {
    code: 'ERR_BAD_REQUEST',
    config: {
      transitional: [Object],
      adapter: [Array],
      transformRequest: [Array],
      transformResponse: [Array],
      timeout: 20000,
      xsrfCookieName: 'XSRF-TOKEN',
      xsrfHeaderName: 'X-XSRF-TOKEN',
      maxContentLength: Infinity,
      maxBodyLength: Infinity,
      env: [Object],
      validateStatus: [Function: validateStatus],
      headers: [Object [AxiosHeaders]],
      method: 'get',
      url: 'https://deep-index.moralis.io/api/v2.2/0x09b54c67b180b67b76ef0012ee29cdeb1ab019a4/nft',
      params: [Object],
      data: undefined
    },
    request: ClientRequest {
      _events: [Object: null prototype],
      _eventsCount: 7,
      _maxListeners: undefined,
      outputData: [],
      outputSize: 0,
      writable: true,
      destroyed: false,
      _last: true,
      chunkedEncoding: false,
      shouldKeepAlive: false,
      maxRequestsOnConnectionReached: false,
      _defaultKeepAlive: true,
      useChunkedEncodingByDefault: false,
      sendDate: false,
      _removedConnection: false,
      _removedContLen: false,
      _removedTE: false,
      strictContentLength: false,
      _contentLength: 0,
      _hasBody: true,
      _trailer: '',
      finished: true,
      _headerSent: true,
      _closed: false,
      socket: [TLSSocket],
      _header: 'GET /api/v2.2/0x09b54c67b180b67b76ef0012ee29cdeb1ab019a4/nft?chain=0x89&format=decimal&token_addresses[]=0x072612df4b37004f6f27cf1a03ba3966e1774685&media_items=true HTTP/1.1\r\n' +
        'Accept: application/json, text/plain, */*\r\n' +
        'x-moralis-platform: NodeJS SDK\r\n' +
        'x-moralis-platform-version: 2.25.1\r\n' +
        'x-moralis-build-target: node\r\n' +
        'x-api-key: eyJhbGciOiJIUzI1NiIsInR5cCI6IkpXVCJ9.eyJub25jZSI6Ijk3MjlmNmY0LTA4OTQtNGZkOC04NzBkLTkyZDFmOTZhMTljMiIsIm9yZ0lkIjoiMjk1MTU4IiwidXNlcklkIjoiMzAyMTA4IiwidHlwZUlkIjoiYTAyZmNhYmQtMGY3MC00ZjQ2LTg1NmUtZmQ1YjRmOTJiMWJkIiwidHlwZSI6IlBST0pFQ1QiLCJpYXQiOjE3MTA5MTc2MDMsImV4cCI6NDg2NjY3NzYwM30.bYdWb1zCQPrKR_Mn-CHHtvfBUCK7cSIbb6TQBTiu8j8\r\n' +
        'User-Agent: axios/1.6.8\r\n' +
        'Accept-Encoding: gzip, compress, deflate, br\r\n' +
        'Host: deep-index.moralis.io\r\n' +
        'Connection: close\r\n' +
        '\r\n',
      _keepAliveTimeout: 0,
      _onPendingData: [Function: nop],
      agent: [Agent],
      socketPath: undefined,
      method: 'GET',
      maxHeaderSize: undefined,
      insecureHTTPParser: undefined,
      path: '/api/v2.2/0x09b54c67b180b67b76ef0012ee29cdeb1ab019a4/nft?chain=0x89&format=decimal&token_addresses[]=0x072612df4b37004f6f27cf1a03ba3966e1774685&media_items=true',
      _ended: true,
      res: [IncomingMessage],
      aborted: false,
      timeoutCb: null,
      upgradeOrConnect: false,
      parser: null,
      maxHeadersCount: null,
      reusedSocket: false,
      host: 'deep-index.moralis.io',
      protocol: 'https:',
      _redirectable: [Writable],
      [Symbol(kCapture)]: false,
      [Symbol(kBytesWritten)]: 0,
      [Symbol(kEndCalled)]: true,
      [Symbol(kNeedDrain)]: false,
      [Symbol(corked)]: 0,
      [Symbol(kOutHeaders)]: [Object: null prototype],
      [Symbol(kUniqueHeaders)]: null
    },
    response: {
      status: 401,
      statusText: 'Unauthorized',
      headers: [Object [AxiosHeaders]],
      config: [Object],
      request: [ClientRequest],
      data: [Object]
    }
  }
}
Error: Returned error: request failed or timed out
    at Object.ErrorResponse (/home/eskillzs/eSKILLZ/node_modules/web3/node_modules/web3-core-helpers/lib/errors.js:28:19)
    at /home/eskillzs/eSKILLZ/node_modules/web3/node_modules/web3-core-requestmanager/lib/index.js:300:36
    at /home/eskillzs/eSKILLZ/node_modules/web3/node_modules/web3-providers-http/lib/index.js:124:13
    at runMicrotasks (<anonymous>)
    at processTicksAndRejections (node:internal/process/task_queues:96:5) {
  data: null
}
Error: Returned error: request failed or timed out
    at Object.ErrorResponse (/home/eskillzs/eSKILLZ/node_modules/web3/node_modules/web3-core-helpers/lib/errors.js:28:19)
    at /home/eskillzs/eSKILLZ/node_modules/web3/node_modules/web3-core-requestmanager/lib/index.js:300:36
    at /home/eskillzs/eSKILLZ/node_modules/web3/node_modules/web3-providers-http/lib/index.js:124:13
    at runMicrotasks (<anonymous>)
    at processTicksAndRejections (node:internal/process/task_queues:96:5) {
  data: null
}
Error: Returned error: request failed or timed out
    at Object.ErrorResponse (/home/eskillzs/eSKILLZ/node_modules/web3/node_modules/web3-core-helpers/lib/errors.js:28:19)
    at /home/eskillzs/eSKILLZ/node_modules/web3/node_modules/web3-core-requestmanager/lib/index.js:300:36
    at /home/eskillzs/eSKILLZ/node_modules/web3/node_modules/web3-providers-http/lib/index.js:124:13
    at runMicrotasks (<anonymous>)
    at processTicksAndRejections (node:internal/process/task_queues:96:5) {
  data: null
}
Error: Returned error: request failed or timed out
    at Object.ErrorResponse (/home/eskillzs/eSKILLZ/node_modules/web3/node_modules/web3-core-helpers/lib/errors.js:28:19)
    at /home/eskillzs/eSKILLZ/node_modules/web3/node_modules/web3-core-requestmanager/lib/index.js:300:36
    at /home/eskillzs/eSKILLZ/node_modules/web3/node_modules/web3-providers-http/lib/index.js:124:13
    at runMicrotasks (<anonymous>)
    at processTicksAndRejections (node:internal/process/task_queues:96:5) {
  data: null
}
MoralisError [Moralis SDK Core Error]: [C0006] Request failed, Bad Request(400): apiKeyId should not be empty
    at RequestController.makeError (/home/eskillzs/eSKILLZ/node_modules/@moralisweb3/common-core/lib/cjs/index.cjs:1224:20)
    at RequestController.<anonymous> (/home/eskillzs/eSKILLZ/node_modules/@moralisweb3/common-core/lib/cjs/index.cjs:1205:38)
    at step (/home/eskillzs/eSKILLZ/node_modules/@moralisweb3/common-core/lib/cjs/index.cjs:83:23)
    at Object.throw (/home/eskillzs/eSKILLZ/node_modules/@moralisweb3/common-core/lib/cjs/index.cjs:64:53)
    at rejected (/home/eskillzs/eSKILLZ/node_modules/@moralisweb3/common-core/lib/cjs/index.cjs:55:65)
    at runMicrotasks (<anonymous>)
    at processTicksAndRejections (node:internal/process/task_queues:96:5) {
  isMoralisError: true,
  code: 'C0006',
  details: {
    status: 400,
    response: {
      status: 400,
      statusText: 'Bad Request',
      headers: [Object [AxiosHeaders]],
      config: [Object],
      request: [ClientRequest],
      data: [Object]
    }
  },
  [cause]: AxiosError: Request failed with status code 400
      at settle (/home/eskillzs/eSKILLZ/node_modules/@moralisweb3/common-core/node_modules/axios/dist/node/axios.cjs:1966:12)
      at IncomingMessage.handleStreamEnd (/home/eskillzs/eSKILLZ/node_modules/@moralisweb3/common-core/node_modules/axios/dist/node/axios.cjs:3065:11)
      at IncomingMessage.emit (node:events:525:35)
      at endReadableNT (node:internal/streams/readable:1358:12)
      at processTicksAndRejections (node:internal/process/task_queues:83:21)
      at Axios.request (/home/eskillzs/eSKILLZ/node_modules/@moralisweb3/common-core/node_modules/axios/dist/node/axios.cjs:3876:41)
      at runMicrotasks (<anonymous>)
      at processTicksAndRejections (node:internal/process/task_queues:96:5) {
    code: 'ERR_BAD_REQUEST',
    config: {
      transitional: [Object],
      adapter: [Array],
      transformRequest: [Array],
      transformResponse: [Array],
      timeout: 20000,
      xsrfCookieName: 'XSRF-TOKEN',
      xsrfHeaderName: 'X-XSRF-TOKEN',
      maxContentLength: Infinity,
      maxBodyLength: Infinity,
      env: [Object],
      validateStatus: [Function: validateStatus],
      headers: [Object [AxiosHeaders]],
      method: 'get',
      url: 'https://deep-index.moralis.io/api/v2.2/0xca67b23590e0a6f69b18a1abace2ea73b8d98322/nft',
      params: [Object],
      data: undefined
    },
    request: ClientRequest {
      _events: [Object: null prototype],
      _eventsCount: 7,
      _maxListeners: undefined,
      outputData: [],
      outputSize: 0,
      writable: true,
      destroyed: false,
      _last: true,
      chunkedEncoding: false,
      shouldKeepAlive: false,
      maxRequestsOnConnectionReached: false,
      _defaultKeepAlive: true,
      useChunkedEncodingByDefault: false,
      sendDate: false,
      _removedConnection: false,
      _removedContLen: false,
      _removedTE: false,
      strictContentLength: false,
      _contentLength: 0,
      _hasBody: true,
      _trailer: '',
      finished: true,
      _headerSent: true,
      _closed: false,
      socket: [TLSSocket],
      _header: 'GET /api/v2.2/0xca67b23590e0a6f69b18a1abace2ea73b8d98322/nft?chain=0x89&format=decimal&token_addresses[]=0xcd03575fd76aa553aea26812e9d68d0df5ad1ae3&media_items=true HTTP/1.1\r\n' +
        'Accept: application/json, text/plain, */*\r\n' +
        'x-moralis-platform: NodeJS SDK\r\n' +
        'x-moralis-platform-version: 2.25.1\r\n' +
        'x-moralis-build-target: node\r\n' +
        'x-api-key: eyJhbGciOiJIUzI1NiIsInR5cCI6IkpXVCJ9.eyJub25jZSI6Ijk3MjlmNmY0LTA4OTQtNGZkOC04NzBkLTkyZDFmOTZhMTljMiIsIm9yZ0lkIjoiMjk1MTU4IiwidXNlcklkIjoiMzAyMTA4IiwidHlwZUlkIjoiYTAyZmNhYmQtMGY3MC00ZjQ2LTg1NmUtZmQ1YjRmOTJiMWJkIiwidHlwZSI6IlBST0pFQ1QiLCJpYXQiOjE3MTA5MTc2MDMsImV4cCI6NDg2NjY3NzYwM30.bYdWb1zCQPrKR_Mn-CHHtvfBUCK7cSIbb6TQBTiu8j8\r\n' +
        'User-Agent: axios/1.6.8\r\n' +
        'Accept-Encoding: gzip, compress, deflate, br\r\n' +
        'Host: deep-index.moralis.io\r\n' +
        'Connection: close\r\n' +
        '\r\n',
      _keepAliveTimeout: 0,
      _onPendingData: [Function: nop],
      agent: [Agent],
      socketPath: undefined,
      method: 'GET',
      maxHeaderSize: undefined,
      insecureHTTPParser: undefined,
      path: '/api/v2.2/0xca67b23590e0a6f69b18a1abace2ea73b8d98322/nft?chain=0x89&format=decimal&token_addresses[]=0xcd03575fd76aa553aea26812e9d68d0df5ad1ae3&media_items=true',
      _ended: true,
      res: [IncomingMessage],
      aborted: false,
      timeoutCb: null,
      upgradeOrConnect: false,
      parser: null,
      maxHeadersCount: null,
      reusedSocket: false,
      host: 'deep-index.moralis.io',
      protocol: 'https:',
      _redirectable: [Writable],
      [Symbol(kCapture)]: false,
      [Symbol(kBytesWritten)]: 0,
      [Symbol(kEndCalled)]: true,
      [Symbol(kNeedDrain)]: false,
      [Symbol(corked)]: 0,
      [Symbol(kOutHeaders)]: [Object: null prototype],
      [Symbol(kUniqueHeaders)]: null
    },
    response: {
      status: 400,
      statusText: 'Bad Request',
      headers: [Object [AxiosHeaders]],
      config: [Object],
      request: [ClientRequest],
      data: [Object]
    }
  }
}
MoralisError [Moralis SDK Core Error]: [C0006] Request failed, Bad Request(400): apiKeyId should not be empty
    at RequestController.makeError (/home/eskillzs/eSKILLZ/node_modules/@moralisweb3/common-core/lib/cjs/index.cjs:1224:20)
    at RequestController.<anonymous> (/home/eskillzs/eSKILLZ/node_modules/@moralisweb3/common-core/lib/cjs/index.cjs:1205:38)
    at step (/home/eskillzs/eSKILLZ/node_modules/@moralisweb3/common-core/lib/cjs/index.cjs:83:23)
    at Object.throw (/home/eskillzs/eSKILLZ/node_modules/@moralisweb3/common-core/lib/cjs/index.cjs:64:53)
    at rejected (/home/eskillzs/eSKILLZ/node_modules/@moralisweb3/common-core/lib/cjs/index.cjs:55:65)
    at runMicrotasks (<anonymous>)
    at processTicksAndRejections (node:internal/process/task_queues:96:5) {
  isMoralisError: true,
  code: 'C0006',
  details: {
    status: 400,
    response: {
      status: 400,
      statusText: 'Bad Request',
      headers: [Object [AxiosHeaders]],
      config: [Object],
      request: [ClientRequest],
      data: [Object]
    }
  },
  [cause]: AxiosError: Request failed with status code 400
      at settle (/home/eskillzs/eSKILLZ/node_modules/@moralisweb3/common-core/node_modules/axios/dist/node/axios.cjs:1966:12)
      at IncomingMessage.handleStreamEnd (/home/eskillzs/eSKILLZ/node_modules/@moralisweb3/common-core/node_modules/axios/dist/node/axios.cjs:3065:11)
      at IncomingMessage.emit (node:events:525:35)
      at endReadableNT (node:internal/streams/readable:1358:12)
      at processTicksAndRejections (node:internal/process/task_queues:83:21)
      at Axios.request (/home/eskillzs/eSKILLZ/node_modules/@moralisweb3/common-core/node_modules/axios/dist/node/axios.cjs:3876:41)
      at runMicrotasks (<anonymous>)
      at processTicksAndRejections (node:internal/process/task_queues:96:5) {
    code: 'ERR_BAD_REQUEST',
    config: {
      transitional: [Object],
      adapter: [Array],
      transformRequest: [Array],
      transformResponse: [Array],
      timeout: 20000,
      xsrfCookieName: 'XSRF-TOKEN',
      xsrfHeaderName: 'X-XSRF-TOKEN',
      maxContentLength: Infinity,
      maxBodyLength: Infinity,
      env: [Object],
      validateStatus: [Function: validateStatus],
      headers: [Object [AxiosHeaders]],
      method: 'get',
      url: 'https://deep-index.moralis.io/api/v2.2/0xca67b23590e0a6f69b18a1abace2ea73b8d98322/nft',
      params: [Object],
      data: undefined
    },
    request: ClientRequest {
      _events: [Object: null prototype],
      _eventsCount: 7,
      _maxListeners: undefined,
      outputData: [],
      outputSize: 0,
      writable: true,
      destroyed: false,
      _last: true,
      chunkedEncoding: false,
      shouldKeepAlive: false,
      maxRequestsOnConnectionReached: false,
      _defaultKeepAlive: true,
      useChunkedEncodingByDefault: false,
      sendDate: false,
      _removedConnection: false,
      _removedContLen: false,
      _removedTE: false,
      strictContentLength: false,
      _contentLength: 0,
      _hasBody: true,
      _trailer: '',
      finished: true,
      _headerSent: true,
      _closed: false,
      socket: [TLSSocket],
      _header: 'GET /api/v2.2/0xca67b23590e0a6f69b18a1abace2ea73b8d98322/nft?chain=0x89&format=decimal&token_addresses[]=0x39d007bae99bdd1e4c3cec4a58496b05330fec0a&media_items=true HTTP/1.1\r\n' +
        'Accept: application/json, text/plain, */*\r\n' +
        'x-moralis-platform: NodeJS SDK\r\n' +
        'x-moralis-platform-version: 2.25.1\r\n' +
        'x-moralis-build-target: node\r\n' +
        'x-api-key: eyJhbGciOiJIUzI1NiIsInR5cCI6IkpXVCJ9.eyJub25jZSI6Ijk3MjlmNmY0LTA4OTQtNGZkOC04NzBkLTkyZDFmOTZhMTljMiIsIm9yZ0lkIjoiMjk1MTU4IiwidXNlcklkIjoiMzAyMTA4IiwidHlwZUlkIjoiYTAyZmNhYmQtMGY3MC00ZjQ2LTg1NmUtZmQ1YjRmOTJiMWJkIiwidHlwZSI6IlBST0pFQ1QiLCJpYXQiOjE3MTA5MTc2MDMsImV4cCI6NDg2NjY3NzYwM30.bYdWb1zCQPrKR_Mn-CHHtvfBUCK7cSIbb6TQBTiu8j8\r\n' +
        'User-Agent: axios/1.6.8\r\n' +
        'Accept-Encoding: gzip, compress, deflate, br\r\n' +
        'Host: deep-index.moralis.io\r\n' +
        'Connection: close\r\n' +
        '\r\n',
      _keepAliveTimeout: 0,
      _onPendingData: [Function: nop],
      agent: [Agent],
      socketPath: undefined,
      method: 'GET',
      maxHeaderSize: undefined,
      insecureHTTPParser: undefined,
      path: '/api/v2.2/0xca67b23590e0a6f69b18a1abace2ea73b8d98322/nft?chain=0x89&format=decimal&token_addresses[]=0x39d007bae99bdd1e4c3cec4a58496b05330fec0a&media_items=true',
      _ended: true,
      res: [IncomingMessage],
      aborted: false,
      timeoutCb: null,
      upgradeOrConnect: false,
      parser: null,
      maxHeadersCount: null,
      reusedSocket: false,
      host: 'deep-index.moralis.io',
      protocol: 'https:',
      _redirectable: [Writable],
      [Symbol(kCapture)]: false,
      [Symbol(kBytesWritten)]: 0,
      [Symbol(kEndCalled)]: true,
      [Symbol(kNeedDrain)]: false,
      [Symbol(corked)]: 0,
      [Symbol(kOutHeaders)]: [Object: null prototype],
      [Symbol(kUniqueHeaders)]: null
    },
    response: {
      status: 400,
      statusText: 'Bad Request',
      headers: [Object [AxiosHeaders]],
      config: [Object],
      request: [ClientRequest],
      data: [Object]
    }
  }
}
MoralisError [Moralis SDK Core Error]: [C0006] Request failed, Bad Request(400): apiKeyId should not be empty
    at RequestController.makeError (/home/eskillzs/eSKILLZ/node_modules/@moralisweb3/common-core/lib/cjs/index.cjs:1224:20)
    at RequestController.<anonymous> (/home/eskillzs/eSKILLZ/node_modules/@moralisweb3/common-core/lib/cjs/index.cjs:1205:38)
    at step (/home/eskillzs/eSKILLZ/node_modules/@moralisweb3/common-core/lib/cjs/index.cjs:83:23)
    at Object.throw (/home/eskillzs/eSKILLZ/node_modules/@moralisweb3/common-core/lib/cjs/index.cjs:64:53)
    at rejected (/home/eskillzs/eSKILLZ/node_modules/@moralisweb3/common-core/lib/cjs/index.cjs:55:65)
    at runMicrotasks (<anonymous>)
    at processTicksAndRejections (node:internal/process/task_queues:96:5) {
  isMoralisError: true,
  code: 'C0006',
  details: {
    status: 400,
    response: {
      status: 400,
      statusText: 'Bad Request',
      headers: [Object [AxiosHeaders]],
      config: [Object],
      request: [ClientRequest],
      data: [Object]
    }
  },
  [cause]: AxiosError: Request failed with status code 400
      at settle (/home/eskillzs/eSKILLZ/node_modules/@moralisweb3/common-core/node_modules/axios/dist/node/axios.cjs:1966:12)
      at IncomingMessage.handleStreamEnd (/home/eskillzs/eSKILLZ/node_modules/@moralisweb3/common-core/node_modules/axios/dist/node/axios.cjs:3065:11)
      at IncomingMessage.emit (node:events:525:35)
      at endReadableNT (node:internal/streams/readable:1358:12)
      at processTicksAndRejections (node:internal/process/task_queues:83:21)
      at Axios.request (/home/eskillzs/eSKILLZ/node_modules/@moralisweb3/common-core/node_modules/axios/dist/node/axios.cjs:3876:41)
      at runMicrotasks (<anonymous>)
      at processTicksAndRejections (node:internal/process/task_queues:96:5) {
    code: 'ERR_BAD_REQUEST',
    config: {
      transitional: [Object],
      adapter: [Array],
      transformRequest: [Array],
      transformResponse: [Array],
      timeout: 20000,
      xsrfCookieName: 'XSRF-TOKEN',
      xsrfHeaderName: 'X-XSRF-TOKEN',
      maxContentLength: Infinity,
      maxBodyLength: Infinity,
      env: [Object],
      validateStatus: [Function: validateStatus],
      headers: [Object [AxiosHeaders]],
      method: 'get',
      url: 'https://deep-index.moralis.io/api/v2.2/0xca67b23590e0a6f69b18a1abace2ea73b8d98322/nft',
      params: [Object],
      data: undefined
    },
    request: ClientRequest {
      _events: [Object: null prototype],
      _eventsCount: 7,
      _maxListeners: undefined,
      outputData: [],
      outputSize: 0,
      writable: true,
      destroyed: false,
      _last: true,
      chunkedEncoding: false,
      shouldKeepAlive: false,
      maxRequestsOnConnectionReached: false,
      _defaultKeepAlive: true,
      useChunkedEncodingByDefault: false,
      sendDate: false,
      _removedConnection: false,
      _removedContLen: false,
      _removedTE: false,
      strictContentLength: false,
      _contentLength: 0,
      _hasBody: true,
      _trailer: '',
      finished: true,
      _headerSent: true,
      _closed: false,
      socket: [TLSSocket],
      _header: 'GET /api/v2.2/0xca67b23590e0a6f69b18a1abace2ea73b8d98322/nft?chain=0x89&format=decimal&token_addresses[]=0xb61df32b42d9f5518f52093caef0f1104e2a4b04&media_items=true HTTP/1.1\r\n' +
        'Accept: application/json, text/plain, */*\r\n' +
        'x-moralis-platform: NodeJS SDK\r\n' +
        'x-moralis-platform-version: 2.25.1\r\n' +
        'x-moralis-build-target: node\r\n' +
        'x-api-key: eyJhbGciOiJIUzI1NiIsInR5cCI6IkpXVCJ9.eyJub25jZSI6Ijk3MjlmNmY0LTA4OTQtNGZkOC04NzBkLTkyZDFmOTZhMTljMiIsIm9yZ0lkIjoiMjk1MTU4IiwidXNlcklkIjoiMzAyMTA4IiwidHlwZUlkIjoiYTAyZmNhYmQtMGY3MC00ZjQ2LTg1NmUtZmQ1YjRmOTJiMWJkIiwidHlwZSI6IlBST0pFQ1QiLCJpYXQiOjE3MTA5MTc2MDMsImV4cCI6NDg2NjY3NzYwM30.bYdWb1zCQPrKR_Mn-CHHtvfBUCK7cSIbb6TQBTiu8j8\r\n' +
        'User-Agent: axios/1.6.8\r\n' +
        'Accept-Encoding: gzip, compress, deflate, br\r\n' +
        'Host: deep-index.moralis.io\r\n' +
        'Connection: close\r\n' +
        '\r\n',
      _keepAliveTimeout: 0,
      _onPendingData: [Function: nop],
      agent: [Agent],
      socketPath: undefined,
      method: 'GET',
      maxHeaderSize: undefined,
      insecureHTTPParser: undefined,
      path: '/api/v2.2/0xca67b23590e0a6f69b18a1abace2ea73b8d98322/nft?chain=0x89&format=decimal&token_addresses[]=0xb61df32b42d9f5518f52093caef0f1104e2a4b04&media_items=true',
      _ended: true,
      res: [IncomingMessage],
      aborted: false,
      timeoutCb: null,
      upgradeOrConnect: false,
      parser: null,
      maxHeadersCount: null,
      reusedSocket: false,
      host: 'deep-index.moralis.io',
      protocol: 'https:',
      _redirectable: [Writable],
      [Symbol(kCapture)]: false,
      [Symbol(kBytesWritten)]: 0,
      [Symbol(kEndCalled)]: true,
      [Symbol(kNeedDrain)]: false,
      [Symbol(corked)]: 0,
      [Symbol(kOutHeaders)]: [Object: null prototype],
      [Symbol(kUniqueHeaders)]: null
    },
    response: {
      status: 400,
      statusText: 'Bad Request',
      headers: [Object [AxiosHeaders]],
      config: [Object],
      request: [ClientRequest],
      data: [Object]
    }
  }
}
MoralisError [Moralis SDK Core Error]: [C0006] Request failed, Bad Request(400): apiKeyId should not be empty
    at RequestController.makeError (/home/eskillzs/eSKILLZ/node_modules/@moralisweb3/common-core/lib/cjs/index.cjs:1224:20)
    at RequestController.<anonymous> (/home/eskillzs/eSKILLZ/node_modules/@moralisweb3/common-core/lib/cjs/index.cjs:1205:38)
    at step (/home/eskillzs/eSKILLZ/node_modules/@moralisweb3/common-core/lib/cjs/index.cjs:83:23)
    at Object.throw (/home/eskillzs/eSKILLZ/node_modules/@moralisweb3/common-core/lib/cjs/index.cjs:64:53)
    at rejected (/home/eskillzs/eSKILLZ/node_modules/@moralisweb3/common-core/lib/cjs/index.cjs:55:65)
    at runMicrotasks (<anonymous>)
    at processTicksAndRejections (node:internal/process/task_queues:96:5) {
  isMoralisError: true,
  code: 'C0006',
  details: {
    status: 400,
    response: {
      status: 400,
      statusText: 'Bad Request',
      headers: [Object [AxiosHeaders]],
      config: [Object],
      request: [ClientRequest],
      data: [Object]
    }
  },
  [cause]: AxiosError: Request failed with status code 400
      at settle (/home/eskillzs/eSKILLZ/node_modules/@moralisweb3/common-core/node_modules/axios/dist/node/axios.cjs:1966:12)
      at IncomingMessage.handleStreamEnd (/home/eskillzs/eSKILLZ/node_modules/@moralisweb3/common-core/node_modules/axios/dist/node/axios.cjs:3065:11)
      at IncomingMessage.emit (node:events:525:35)
      at endReadableNT (node:internal/streams/readable:1358:12)
      at processTicksAndRejections (node:internal/process/task_queues:83:21)
      at Axios.request (/home/eskillzs/eSKILLZ/node_modules/@moralisweb3/common-core/node_modules/axios/dist/node/axios.cjs:3876:41)
      at runMicrotasks (<anonymous>)
      at processTicksAndRejections (node:internal/process/task_queues:96:5) {
    code: 'ERR_BAD_REQUEST',
    config: {
      transitional: [Object],
      adapter: [Array],
      transformRequest: [Array],
      transformResponse: [Array],
      timeout: 20000,
      xsrfCookieName: 'XSRF-TOKEN',
      xsrfHeaderName: 'X-XSRF-TOKEN',
      maxContentLength: Infinity,
      maxBodyLength: Infinity,
      env: [Object],
      validateStatus: [Function: validateStatus],
      headers: [Object [AxiosHeaders]],
      method: 'get',
      url: 'https://deep-index.moralis.io/api/v2.2/0xca67b23590e0a6f69b18a1abace2ea73b8d98322/nft',
      params: [Object],
      data: undefined
    },
    request: ClientRequest {
      _events: [Object: null prototype],
      _eventsCount: 7,
      _maxListeners: undefined,
      outputData: [],
      outputSize: 0,
      writable: true,
      destroyed: false,
      _last: true,
      chunkedEncoding: false,
      shouldKeepAlive: false,
      maxRequestsOnConnectionReached: false,
      _defaultKeepAlive: true,
      useChunkedEncodingByDefault: false,
      sendDate: false,
      _removedConnection: false,
      _removedContLen: false,
      _removedTE: false,
      strictContentLength: false,
      _contentLength: 0,
      _hasBody: true,
      _trailer: '',
      finished: true,
      _headerSent: true,
      _closed: false,
      socket: [TLSSocket],
      _header: 'GET /api/v2.2/0xca67b23590e0a6f69b18a1abace2ea73b8d98322/nft?chain=0x89&format=decimal&token_addresses[]=0x531a63b59ae113adfa318b46ced64bff94989bf8&media_items=true HTTP/1.1\r\n' +
        'Accept: application/json, text/plain, */*\r\n' +
        'x-moralis-platform: NodeJS SDK\r\n' +
        'x-moralis-platform-version: 2.25.1\r\n' +
        'x-moralis-build-target: node\r\n' +
        'x-api-key: eyJhbGciOiJIUzI1NiIsInR5cCI6IkpXVCJ9.eyJub25jZSI6Ijk3MjlmNmY0LTA4OTQtNGZkOC04NzBkLTkyZDFmOTZhMTljMiIsIm9yZ0lkIjoiMjk1MTU4IiwidXNlcklkIjoiMzAyMTA4IiwidHlwZUlkIjoiYTAyZmNhYmQtMGY3MC00ZjQ2LTg1NmUtZmQ1YjRmOTJiMWJkIiwidHlwZSI6IlBST0pFQ1QiLCJpYXQiOjE3MTA5MTc2MDMsImV4cCI6NDg2NjY3NzYwM30.bYdWb1zCQPrKR_Mn-CHHtvfBUCK7cSIbb6TQBTiu8j8\r\n' +
        'User-Agent: axios/1.6.8\r\n' +
        'Accept-Encoding: gzip, compress, deflate, br\r\n' +
        'Host: deep-index.moralis.io\r\n' +
        'Connection: close\r\n' +
        '\r\n',
      _keepAliveTimeout: 0,
      _onPendingData: [Function: nop],
      agent: [Agent],
      socketPath: undefined,
      method: 'GET',
      maxHeaderSize: undefined,
      insecureHTTPParser: undefined,
      path: '/api/v2.2/0xca67b23590e0a6f69b18a1abace2ea73b8d98322/nft?chain=0x89&format=decimal&token_addresses[]=0x531a63b59ae113adfa318b46ced64bff94989bf8&media_items=true',
      _ended: true,
      res: [IncomingMessage],
      aborted: false,
      timeoutCb: null,
      upgradeOrConnect: false,
      parser: null,
      maxHeadersCount: null,
      reusedSocket: false,
      host: 'deep-index.moralis.io',
      protocol: 'https:',
      _redirectable: [Writable],
      [Symbol(kCapture)]: false,
      [Symbol(kBytesWritten)]: 0,
      [Symbol(kEndCalled)]: true,
      [Symbol(kNeedDrain)]: false,
      [Symbol(corked)]: 0,
      [Symbol(kOutHeaders)]: [Object: null prototype],
      [Symbol(kUniqueHeaders)]: null
    },
    response: {
      status: 400,
      statusText: 'Bad Request',
      headers: [Object [AxiosHeaders]],
      config: [Object],
      request: [ClientRequest],
      data: [Object]
    }
  }
}
MoralisError [Moralis SDK Core Error]: [C0006] Request failed, Bad Request(400): apiKeyId should not be empty
    at RequestController.makeError (/home/eskillzs/eSKILLZ/node_modules/@moralisweb3/common-core/lib/cjs/index.cjs:1224:20)
    at RequestController.<anonymous> (/home/eskillzs/eSKILLZ/node_modules/@moralisweb3/common-core/lib/cjs/index.cjs:1205:38)
    at step (/home/eskillzs/eSKILLZ/node_modules/@moralisweb3/common-core/lib/cjs/index.cjs:83:23)
    at Object.throw (/home/eskillzs/eSKILLZ/node_modules/@moralisweb3/common-core/lib/cjs/index.cjs:64:53)
    at rejected (/home/eskillzs/eSKILLZ/node_modules/@moralisweb3/common-core/lib/cjs/index.cjs:55:65)
    at runMicrotasks (<anonymous>)
    at processTicksAndRejections (node:internal/process/task_queues:96:5) {
  isMoralisError: true,
  code: 'C0006',
  details: {
    status: 400,
    response: {
      status: 400,
      statusText: 'Bad Request',
      headers: [Object [AxiosHeaders]],
      config: [Object],
      request: [ClientRequest],
      data: [Object]
    }
  },
  [cause]: AxiosError: Request failed with status code 400
      at settle (/home/eskillzs/eSKILLZ/node_modules/@moralisweb3/common-core/node_modules/axios/dist/node/axios.cjs:1966:12)
      at IncomingMessage.handleStreamEnd (/home/eskillzs/eSKILLZ/node_modules/@moralisweb3/common-core/node_modules/axios/dist/node/axios.cjs:3065:11)
      at IncomingMessage.emit (node:events:525:35)
      at endReadableNT (node:internal/streams/readable:1358:12)
      at processTicksAndRejections (node:internal/process/task_queues:83:21)
      at Axios.request (/home/eskillzs/eSKILLZ/node_modules/@moralisweb3/common-core/node_modules/axios/dist/node/axios.cjs:3876:41)
      at runMicrotasks (<anonymous>)
      at processTicksAndRejections (node:internal/process/task_queues:96:5) {
    code: 'ERR_BAD_REQUEST',
    config: {
      transitional: [Object],
      adapter: [Array],
      transformRequest: [Array],
      transformResponse: [Array],
      timeout: 20000,
      xsrfCookieName: 'XSRF-TOKEN',
      xsrfHeaderName: 'X-XSRF-TOKEN',
      maxContentLength: Infinity,
      maxBodyLength: Infinity,
      env: [Object],
      validateStatus: [Function: validateStatus],
      headers: [Object [AxiosHeaders]],
      method: 'get',
      url: 'https://deep-index.moralis.io/api/v2.2/0xca67b23590e0a6f69b18a1abace2ea73b8d98322/nft',
      params: [Object],
      data: undefined
    },
    request: ClientRequest {
      _events: [Object: null prototype],
      _eventsCount: 7,
      _maxListeners: undefined,
      outputData: [],
      outputSize: 0,
      writable: true,
      destroyed: false,
      _last: true,
      chunkedEncoding: false,
      shouldKeepAlive: false,
      maxRequestsOnConnectionReached: false,
      _defaultKeepAlive: true,
      useChunkedEncodingByDefault: false,
      sendDate: false,
      _removedConnection: false,
      _removedContLen: false,
      _removedTE: false,
      strictContentLength: false,
      _contentLength: 0,
      _hasBody: true,
      _trailer: '',
      finished: true,
      _headerSent: true,
      _closed: false,
      socket: [TLSSocket],
      _header: 'GET /api/v2.2/0xca67b23590e0a6f69b18a1abace2ea73b8d98322/nft?chain=0x89&format=decimal&token_addresses[]=0xd9095c42fab1f40a7f376078431ab984776ace95&media_items=true HTTP/1.1\r\n' +
        'Accept: application/json, text/plain, */*\r\n' +
        'x-moralis-platform: NodeJS SDK\r\n' +
        'x-moralis-platform-version: 2.25.1\r\n' +
        'x-moralis-build-target: node\r\n' +
        'x-api-key: eyJhbGciOiJIUzI1NiIsInR5cCI6IkpXVCJ9.eyJub25jZSI6Ijk3MjlmNmY0LTA4OTQtNGZkOC04NzBkLTkyZDFmOTZhMTljMiIsIm9yZ0lkIjoiMjk1MTU4IiwidXNlcklkIjoiMzAyMTA4IiwidHlwZUlkIjoiYTAyZmNhYmQtMGY3MC00ZjQ2LTg1NmUtZmQ1YjRmOTJiMWJkIiwidHlwZSI6IlBST0pFQ1QiLCJpYXQiOjE3MTA5MTc2MDMsImV4cCI6NDg2NjY3NzYwM30.bYdWb1zCQPrKR_Mn-CHHtvfBUCK7cSIbb6TQBTiu8j8\r\n' +
        'User-Agent: axios/1.6.8\r\n' +
        'Accept-Encoding: gzip, compress, deflate, br\r\n' +
        'Host: deep-index.moralis.io\r\n' +
        'Connection: close\r\n' +
        '\r\n',
      _keepAliveTimeout: 0,
      _onPendingData: [Function: nop],
      agent: [Agent],
      socketPath: undefined,
      method: 'GET',
      maxHeaderSize: undefined,
      insecureHTTPParser: undefined,
      path: '/api/v2.2/0xca67b23590e0a6f69b18a1abace2ea73b8d98322/nft?chain=0x89&format=decimal&token_addresses[]=0xd9095c42fab1f40a7f376078431ab984776ace95&media_items=true',
      _ended: true,
      res: [IncomingMessage],
      aborted: false,
      timeoutCb: null,
      upgradeOrConnect: false,
      parser: null,
      maxHeadersCount: null,
      reusedSocket: false,
      host: 'deep-index.moralis.io',
      protocol: 'https:',
      _redirectable: [Writable],
      [Symbol(kCapture)]: false,
      [Symbol(kBytesWritten)]: 0,
      [Symbol(kEndCalled)]: true,
      [Symbol(kNeedDrain)]: false,
      [Symbol(corked)]: 0,
      [Symbol(kOutHeaders)]: [Object: null prototype],
      [Symbol(kUniqueHeaders)]: null
    },
    response: {
      status: 400,
      statusText: 'Bad Request',
      headers: [Object [AxiosHeaders]],
      config: [Object],
      request: [ClientRequest],
      data: [Object]
    }
  }
}
MoralisError [Moralis SDK Core Error]: [C0006] Request failed, Bad Request(400): apiKeyId should not be empty
    at RequestController.makeError (/home/eskillzs/eSKILLZ/node_modules/@moralisweb3/common-core/lib/cjs/index.cjs:1224:20)
    at RequestController.<anonymous> (/home/eskillzs/eSKILLZ/node_modules/@moralisweb3/common-core/lib/cjs/index.cjs:1205:38)
    at step (/home/eskillzs/eSKILLZ/node_modules/@moralisweb3/common-core/lib/cjs/index.cjs:83:23)
    at Object.throw (/home/eskillzs/eSKILLZ/node_modules/@moralisweb3/common-core/lib/cjs/index.cjs:64:53)
    at rejected (/home/eskillzs/eSKILLZ/node_modules/@moralisweb3/common-core/lib/cjs/index.cjs:55:65)
    at runMicrotasks (<anonymous>)
    at processTicksAndRejections (node:internal/process/task_queues:96:5) {
  isMoralisError: true,
  code: 'C0006',
  details: {
    status: 400,
    response: {
      status: 400,
      statusText: 'Bad Request',
      headers: [Object [AxiosHeaders]],
      config: [Object],
      request: [ClientRequest],
      data: [Object]
    }
  },
  [cause]: AxiosError: Request failed with status code 400
      at settle (/home/eskillzs/eSKILLZ/node_modules/@moralisweb3/common-core/node_modules/axios/dist/node/axios.cjs:1966:12)
      at IncomingMessage.handleStreamEnd (/home/eskillzs/eSKILLZ/node_modules/@moralisweb3/common-core/node_modules/axios/dist/node/axios.cjs:3065:11)
      at IncomingMessage.emit (node:events:525:35)
      at endReadableNT (node:internal/streams/readable:1358:12)
      at processTicksAndRejections (node:internal/process/task_queues:83:21)
      at Axios.request (/home/eskillzs/eSKILLZ/node_modules/@moralisweb3/common-core/node_modules/axios/dist/node/axios.cjs:3876:41)
      at runMicrotasks (<anonymous>)
      at processTicksAndRejections (node:internal/process/task_queues:96:5) {
    code: 'ERR_BAD_REQUEST',
    config: {
      transitional: [Object],
      adapter: [Array],
      transformRequest: [Array],
      transformResponse: [Array],
      timeout: 20000,
      xsrfCookieName: 'XSRF-TOKEN',
      xsrfHeaderName: 'X-XSRF-TOKEN',
      maxContentLength: Infinity,
      maxBodyLength: Infinity,
      env: [Object],
      validateStatus: [Function: validateStatus],
      headers: [Object [AxiosHeaders]],
      method: 'get',
      url: 'https://deep-index.moralis.io/api/v2.2/0xca67b23590e0a6f69b18a1abace2ea73b8d98322/nft',
      params: [Object],
      data: undefined
    },
    request: ClientRequest {
      _events: [Object: null prototype],
      _eventsCount: 7,
      _maxListeners: undefined,
      outputData: [],
      outputSize: 0,
      writable: true,
      destroyed: false,
      _last: true,
      chunkedEncoding: false,
      shouldKeepAlive: false,
      maxRequestsOnConnectionReached: false,
      _defaultKeepAlive: true,
      useChunkedEncodingByDefault: false,
      sendDate: false,
      _removedConnection: false,
      _removedContLen: false,
      _removedTE: false,
      strictContentLength: false,
      _contentLength: 0,
      _hasBody: true,
      _trailer: '',
      finished: true,
      _headerSent: true,
      _closed: false,
      socket: [TLSSocket],
      _header: 'GET /api/v2.2/0xca67b23590e0a6f69b18a1abace2ea73b8d98322/nft?chain=0x89&format=decimal&token_addresses[]=0xc7e269fe785d5def61c29c91dc254067f75568be&media_items=true HTTP/1.1\r\n' +
        'Accept: application/json, text/plain, */*\r\n' +
        'x-moralis-platform: NodeJS SDK\r\n' +
        'x-moralis-platform-version: 2.25.1\r\n' +
        'x-moralis-build-target: node\r\n' +
        'x-api-key: eyJhbGciOiJIUzI1NiIsInR5cCI6IkpXVCJ9.eyJub25jZSI6Ijk3MjlmNmY0LTA4OTQtNGZkOC04NzBkLTkyZDFmOTZhMTljMiIsIm9yZ0lkIjoiMjk1MTU4IiwidXNlcklkIjoiMzAyMTA4IiwidHlwZUlkIjoiYTAyZmNhYmQtMGY3MC00ZjQ2LTg1NmUtZmQ1YjRmOTJiMWJkIiwidHlwZSI6IlBST0pFQ1QiLCJpYXQiOjE3MTA5MTc2MDMsImV4cCI6NDg2NjY3NzYwM30.bYdWb1zCQPrKR_Mn-CHHtvfBUCK7cSIbb6TQBTiu8j8\r\n' +
        'User-Agent: axios/1.6.8\r\n' +
        'Accept-Encoding: gzip, compress, deflate, br\r\n' +
        'Host: deep-index.moralis.io\r\n' +
        'Connection: close\r\n' +
        '\r\n',
      _keepAliveTimeout: 0,
      _onPendingData: [Function: nop],
      agent: [Agent],
      socketPath: undefined,
      method: 'GET',
      maxHeaderSize: undefined,
      insecureHTTPParser: undefined,
      path: '/api/v2.2/0xca67b23590e0a6f69b18a1abace2ea73b8d98322/nft?chain=0x89&format=decimal&token_addresses[]=0xc7e269fe785d5def61c29c91dc254067f75568be&media_items=true',
      _ended: true,
      res: [IncomingMessage],
      aborted: false,
      timeoutCb: null,
      upgradeOrConnect: false,
      parser: null,
      maxHeadersCount: null,
      reusedSocket: false,
      host: 'deep-index.moralis.io',
      protocol: 'https:',
      _redirectable: [Writable],
      [Symbol(kCapture)]: false,
      [Symbol(kBytesWritten)]: 0,
      [Symbol(kEndCalled)]: true,
      [Symbol(kNeedDrain)]: false,
      [Symbol(corked)]: 0,
      [Symbol(kOutHeaders)]: [Object: null prototype],
      [Symbol(kUniqueHeaders)]: null
    },
    response: {
      status: 400,
      statusText: 'Bad Request',
      headers: [Object [AxiosHeaders]],
      config: [Object],
      request: [ClientRequest],
      data: [Object]
    }
  }
}
MoralisError [Moralis SDK Core Error]: [C0006] Request failed, Bad Request(400): apiKeyId should not be empty
    at RequestController.makeError (/home/eskillzs/eSKILLZ/node_modules/@moralisweb3/common-core/lib/cjs/index.cjs:1224:20)
    at RequestController.<anonymous> (/home/eskillzs/eSKILLZ/node_modules/@moralisweb3/common-core/lib/cjs/index.cjs:1205:38)
    at step (/home/eskillzs/eSKILLZ/node_modules/@moralisweb3/common-core/lib/cjs/index.cjs:83:23)
    at Object.throw (/home/eskillzs/eSKILLZ/node_modules/@moralisweb3/common-core/lib/cjs/index.cjs:64:53)
    at rejected (/home/eskillzs/eSKILLZ/node_modules/@moralisweb3/common-core/lib/cjs/index.cjs:55:65)
    at runMicrotasks (<anonymous>)
    at processTicksAndRejections (node:internal/process/task_queues:96:5) {
  isMoralisError: true,
  code: 'C0006',
  details: {
    status: 400,
    response: {
      status: 400,
      statusText: 'Bad Request',
      headers: [Object [AxiosHeaders]],
      config: [Object],
      request: [ClientRequest],
      data: [Object]
    }
  },
  [cause]: AxiosError: Request failed with status code 400
      at settle (/home/eskillzs/eSKILLZ/node_modules/@moralisweb3/common-core/node_modules/axios/dist/node/axios.cjs:1966:12)
      at IncomingMessage.handleStreamEnd (/home/eskillzs/eSKILLZ/node_modules/@moralisweb3/common-core/node_modules/axios/dist/node/axios.cjs:3065:11)
      at IncomingMessage.emit (node:events:525:35)
      at endReadableNT (node:internal/streams/readable:1358:12)
      at processTicksAndRejections (node:internal/process/task_queues:83:21)
      at Axios.request (/home/eskillzs/eSKILLZ/node_modules/@moralisweb3/common-core/node_modules/axios/dist/node/axios.cjs:3876:41)
      at runMicrotasks (<anonymous>)
      at processTicksAndRejections (node:internal/process/task_queues:96:5) {
    code: 'ERR_BAD_REQUEST',
    config: {
      transitional: [Object],
      adapter: [Array],
      transformRequest: [Array],
      transformResponse: [Array],
      timeout: 20000,
      xsrfCookieName: 'XSRF-TOKEN',
      xsrfHeaderName: 'X-XSRF-TOKEN',
      maxContentLength: Infinity,
      maxBodyLength: Infinity,
      env: [Object],
      validateStatus: [Function: validateStatus],
      headers: [Object [AxiosHeaders]],
      method: 'get',
      url: 'https://deep-index.moralis.io/api/v2.2/0xca67b23590e0a6f69b18a1abace2ea73b8d98322/nft',
      params: [Object],
      data: undefined
    },
    request: ClientRequest {
      _events: [Object: null prototype],
      _eventsCount: 7,
      _maxListeners: undefined,
      outputData: [],
      outputSize: 0,
      writable: true,
      destroyed: false,
      _last: true,
      chunkedEncoding: false,
      shouldKeepAlive: false,
      maxRequestsOnConnectionReached: false,
      _defaultKeepAlive: true,
      useChunkedEncodingByDefault: false,
      sendDate: false,
      _removedConnection: false,
      _removedContLen: false,
      _removedTE: false,
      strictContentLength: false,
      _contentLength: 0,
      _hasBody: true,
      _trailer: '',
      finished: true,
      _headerSent: true,
      _closed: false,
      socket: [TLSSocket],
      _header: 'GET /api/v2.2/0xca67b23590e0a6f69b18a1abace2ea73b8d98322/nft?chain=0x89&format=decimal&token_addresses[]=0x072612df4b37004f6f27cf1a03ba3966e1774685&media_items=true HTTP/1.1\r\n' +
        'Accept: application/json, text/plain, */*\r\n' +
        'x-moralis-platform: NodeJS SDK\r\n' +
        'x-moralis-platform-version: 2.25.1\r\n' +
        'x-moralis-build-target: node\r\n' +
        'x-api-key: eyJhbGciOiJIUzI1NiIsInR5cCI6IkpXVCJ9.eyJub25jZSI6Ijk3MjlmNmY0LTA4OTQtNGZkOC04NzBkLTkyZDFmOTZhMTljMiIsIm9yZ0lkIjoiMjk1MTU4IiwidXNlcklkIjoiMzAyMTA4IiwidHlwZUlkIjoiYTAyZmNhYmQtMGY3MC00ZjQ2LTg1NmUtZmQ1YjRmOTJiMWJkIiwidHlwZSI6IlBST0pFQ1QiLCJpYXQiOjE3MTA5MTc2MDMsImV4cCI6NDg2NjY3NzYwM30.bYdWb1zCQPrKR_Mn-CHHtvfBUCK7cSIbb6TQBTiu8j8\r\n' +
        'User-Agent: axios/1.6.8\r\n' +
        'Accept-Encoding: gzip, compress, deflate, br\r\n' +
        'Host: deep-index.moralis.io\r\n' +
        'Connection: close\r\n' +
        '\r\n',
      _keepAliveTimeout: 0,
      _onPendingData: [Function: nop],
      agent: [Agent],
      socketPath: undefined,
      method: 'GET',
      maxHeaderSize: undefined,
      insecureHTTPParser: undefined,
      path: '/api/v2.2/0xca67b23590e0a6f69b18a1abace2ea73b8d98322/nft?chain=0x89&format=decimal&token_addresses[]=0x072612df4b37004f6f27cf1a03ba3966e1774685&media_items=true',
      _ended: true,
      res: [IncomingMessage],
      aborted: false,
      timeoutCb: null,
      upgradeOrConnect: false,
      parser: null,
      maxHeadersCount: null,
      reusedSocket: false,
      host: 'deep-index.moralis.io',
      protocol: 'https:',
      _redirectable: [Writable],
      [Symbol(kCapture)]: false,
      [Symbol(kBytesWritten)]: 0,
      [Symbol(kEndCalled)]: true,
      [Symbol(kNeedDrain)]: false,
      [Symbol(corked)]: 0,
      [Symbol(kOutHeaders)]: [Object: null prototype],
      [Symbol(kUniqueHeaders)]: null
    },
    response: {
      status: 400,
      statusText: 'Bad Request',
      headers: [Object [AxiosHeaders]],
      config: [Object],
      request: [ClientRequest],
      data: [Object]
    }
  }
}
MoralisError [Moralis SDK Core Error]: [C0006] Request failed, Internal Server Error(500): Unknown error occurred. Please try again or contact support.
    at RequestController.makeError (/home/eskillzs/eSKILLZ/node_modules/@moralisweb3/common-core/lib/cjs/index.cjs:1224:20)
    at RequestController.<anonymous> (/home/eskillzs/eSKILLZ/node_modules/@moralisweb3/common-core/lib/cjs/index.cjs:1205:38)
    at step (/home/eskillzs/eSKILLZ/node_modules/@moralisweb3/common-core/lib/cjs/index.cjs:83:23)
    at Object.throw (/home/eskillzs/eSKILLZ/node_modules/@moralisweb3/common-core/lib/cjs/index.cjs:64:53)
    at rejected (/home/eskillzs/eSKILLZ/node_modules/@moralisweb3/common-core/lib/cjs/index.cjs:55:65)
    at processTicksAndRejections (node:internal/process/task_queues:96:5) {
  isMoralisError: true,
  code: 'C0006',
  details: {
    status: 500,
    response: {
      status: 500,
      statusText: 'Internal Server Error',
      headers: [Object [AxiosHeaders]],
      config: [Object],
      request: [ClientRequest],
      data: [Object]
    }
  },
  [cause]: AxiosError: Request failed with status code 500
      at settle (/home/eskillzs/eSKILLZ/node_modules/@moralisweb3/common-core/node_modules/axios/dist/node/axios.cjs:1966:12)
      at IncomingMessage.handleStreamEnd (/home/eskillzs/eSKILLZ/node_modules/@moralisweb3/common-core/node_modules/axios/dist/node/axios.cjs:3065:11)
      at IncomingMessage.emit (node:events:525:35)
      at endReadableNT (node:internal/streams/readable:1358:12)
      at processTicksAndRejections (node:internal/process/task_queues:83:21)
      at Axios.request (/home/eskillzs/eSKILLZ/node_modules/@moralisweb3/common-core/node_modules/axios/dist/node/axios.cjs:3876:41)
      at processTicksAndRejections (node:internal/process/task_queues:96:5) {
    code: 'ERR_BAD_RESPONSE',
    config: {
      transitional: [Object],
      adapter: [Array],
      transformRequest: [Array],
      transformResponse: [Array],
      timeout: 20000,
      xsrfCookieName: 'XSRF-TOKEN',
      xsrfHeaderName: 'X-XSRF-TOKEN',
      maxContentLength: Infinity,
      maxBodyLength: Infinity,
      env: [Object],
      validateStatus: [Function: validateStatus],
      headers: [Object [AxiosHeaders]],
      method: 'get',
      url: 'https://deep-index.moralis.io/api/v2.2/0xebacaddb6b28241b59c53d01aeca53a4ae12eaa4/nft',
      params: [Object],
      data: undefined
    },
    request: ClientRequest {
      _events: [Object: null prototype],
      _eventsCount: 7,
      _maxListeners: undefined,
      outputData: [],
      outputSize: 0,
      writable: true,
      destroyed: false,
      _last: true,
      chunkedEncoding: false,
      shouldKeepAlive: false,
      maxRequestsOnConnectionReached: false,
      _defaultKeepAlive: true,
      useChunkedEncodingByDefault: false,
      sendDate: false,
      _removedConnection: false,
      _removedContLen: false,
      _removedTE: false,
      strictContentLength: false,
      _contentLength: 0,
      _hasBody: true,
      _trailer: '',
      finished: true,
      _headerSent: true,
      _closed: false,
      socket: [TLSSocket],
      _header: 'GET /api/v2.2/0xebacaddb6b28241b59c53d01aeca53a4ae12eaa4/nft?chain=0x89&format=decimal&token_addresses[]=0x823a7aa1e0a0d8648c1d19a4cdb0d21098b145ab&media_items=true HTTP/1.1\r\n' +
        'Accept: application/json, text/plain, */*\r\n' +
        'x-moralis-platform: NodeJS SDK\r\n' +
        'x-moralis-platform-version: 2.25.1\r\n' +
        'x-moralis-build-target: node\r\n' +
        'x-api-key: eyJhbGciOiJIUzI1NiIsInR5cCI6IkpXVCJ9.eyJub25jZSI6Ijk3MjlmNmY0LTA4OTQtNGZkOC04NzBkLTkyZDFmOTZhMTljMiIsIm9yZ0lkIjoiMjk1MTU4IiwidXNlcklkIjoiMzAyMTA4IiwidHlwZUlkIjoiYTAyZmNhYmQtMGY3MC00ZjQ2LTg1NmUtZmQ1YjRmOTJiMWJkIiwidHlwZSI6IlBST0pFQ1QiLCJpYXQiOjE3MTA5MTc2MDMsImV4cCI6NDg2NjY3NzYwM30.bYdWb1zCQPrKR_Mn-CHHtvfBUCK7cSIbb6TQBTiu8j8\r\n' +
        'User-Agent: axios/1.6.8\r\n' +
        'Accept-Encoding: gzip, compress, deflate, br\r\n' +
        'Host: deep-index.moralis.io\r\n' +
        'Connection: close\r\n' +
        '\r\n',
      _keepAliveTimeout: 0,
      _onPendingData: [Function: nop],
      agent: [Agent],
      socketPath: undefined,
      method: 'GET',
      maxHeaderSize: undefined,
      insecureHTTPParser: undefined,
      path: '/api/v2.2/0xebacaddb6b28241b59c53d01aeca53a4ae12eaa4/nft?chain=0x89&format=decimal&token_addresses[]=0x823a7aa1e0a0d8648c1d19a4cdb0d21098b145ab&media_items=true',
      _ended: true,
      res: [IncomingMessage],
      aborted: false,
      timeoutCb: null,
      upgradeOrConnect: false,
      parser: null,
      maxHeadersCount: null,
      reusedSocket: false,
      host: 'deep-index.moralis.io',
      protocol: 'https:',
      _redirectable: [Writable],
      [Symbol(kCapture)]: false,
      [Symbol(kBytesWritten)]: 0,
      [Symbol(kEndCalled)]: true,
      [Symbol(kNeedDrain)]: false,
      [Symbol(corked)]: 0,
      [Symbol(kOutHeaders)]: [Object: null prototype],
      [Symbol(kUniqueHeaders)]: null
    },
    response: {
      status: 500,
      statusText: 'Internal Server Error',
      headers: [Object [AxiosHeaders]],
      config: [Object],
      request: [ClientRequest],
      data: [Object]
    }
  }
}
MoralisError [Moralis SDK Core Error]: [C0006] Request failed, Internal Server Error(500): Unknown error occurred. Please try again or contact support.
    at RequestController.makeError (/home/eskillzs/eSKILLZ/node_modules/@moralisweb3/common-core/lib/cjs/index.cjs:1224:20)
    at RequestController.<anonymous> (/home/eskillzs/eSKILLZ/node_modules/@moralisweb3/common-core/lib/cjs/index.cjs:1205:38)
    at step (/home/eskillzs/eSKILLZ/node_modules/@moralisweb3/common-core/lib/cjs/index.cjs:83:23)
    at Object.throw (/home/eskillzs/eSKILLZ/node_modules/@moralisweb3/common-core/lib/cjs/index.cjs:64:53)
    at rejected (/home/eskillzs/eSKILLZ/node_modules/@moralisweb3/common-core/lib/cjs/index.cjs:55:65)
    at processTicksAndRejections (node:internal/process/task_queues:96:5) {
  isMoralisError: true,
  code: 'C0006',
  details: {
    status: 500,
    response: {
      status: 500,
      statusText: 'Internal Server Error',
      headers: [Object [AxiosHeaders]],
      config: [Object],
      request: [ClientRequest],
      data: [Object]
    }
  },
  [cause]: AxiosError: Request failed with status code 500
      at settle (/home/eskillzs/eSKILLZ/node_modules/@moralisweb3/common-core/node_modules/axios/dist/node/axios.cjs:1966:12)
      at IncomingMessage.handleStreamEnd (/home/eskillzs/eSKILLZ/node_modules/@moralisweb3/common-core/node_modules/axios/dist/node/axios.cjs:3065:11)
      at IncomingMessage.emit (node:events:525:35)
      at endReadableNT (node:internal/streams/readable:1358:12)
      at processTicksAndRejections (node:internal/process/task_queues:83:21)
      at Axios.request (/home/eskillzs/eSKILLZ/node_modules/@moralisweb3/common-core/node_modules/axios/dist/node/axios.cjs:3876:41)
      at processTicksAndRejections (node:internal/process/task_queues:96:5) {
    code: 'ERR_BAD_RESPONSE',
    config: {
      transitional: [Object],
      adapter: [Array],
      transformRequest: [Array],
      transformResponse: [Array],
      timeout: 20000,
      xsrfCookieName: 'XSRF-TOKEN',
      xsrfHeaderName: 'X-XSRF-TOKEN',
      maxContentLength: Infinity,
      maxBodyLength: Infinity,
      env: [Object],
      validateStatus: [Function: validateStatus],
      headers: [Object [AxiosHeaders]],
      method: 'get',
      url: 'https://deep-index.moralis.io/api/v2.2/0xebacaddb6b28241b59c53d01aeca53a4ae12eaa4/nft',
      params: [Object],
      data: undefined
    },
    request: ClientRequest {
      _events: [Object: null prototype],
      _eventsCount: 7,
      _maxListeners: undefined,
      outputData: [],
      outputSize: 0,
      writable: true,
      destroyed: false,
      _last: true,
      chunkedEncoding: false,
      shouldKeepAlive: false,
      maxRequestsOnConnectionReached: false,
      _defaultKeepAlive: true,
      useChunkedEncodingByDefault: false,
      sendDate: false,
      _removedConnection: false,
      _removedContLen: false,
      _removedTE: false,
      strictContentLength: false,
      _contentLength: 0,
      _hasBody: true,
      _trailer: '',
      finished: true,
      _headerSent: true,
      _closed: false,
      socket: [TLSSocket],
      _header: 'GET /api/v2.2/0xebacaddb6b28241b59c53d01aeca53a4ae12eaa4/nft?chain=0x89&format=decimal&token_addresses[]=0xcd03575fd76aa553aea26812e9d68d0df5ad1ae3&media_items=true HTTP/1.1\r\n' +
        'Accept: application/json, text/plain, */*\r\n' +
        'x-moralis-platform: NodeJS SDK\r\n' +
        'x-moralis-platform-version: 2.25.1\r\n' +
        'x-moralis-build-target: node\r\n' +
        'x-api-key: eyJhbGciOiJIUzI1NiIsInR5cCI6IkpXVCJ9.eyJub25jZSI6Ijk3MjlmNmY0LTA4OTQtNGZkOC04NzBkLTkyZDFmOTZhMTljMiIsIm9yZ0lkIjoiMjk1MTU4IiwidXNlcklkIjoiMzAyMTA4IiwidHlwZUlkIjoiYTAyZmNhYmQtMGY3MC00ZjQ2LTg1NmUtZmQ1YjRmOTJiMWJkIiwidHlwZSI6IlBST0pFQ1QiLCJpYXQiOjE3MTA5MTc2MDMsImV4cCI6NDg2NjY3NzYwM30.bYdWb1zCQPrKR_Mn-CHHtvfBUCK7cSIbb6TQBTiu8j8\r\n' +
        'User-Agent: axios/1.6.8\r\n' +
        'Accept-Encoding: gzip, compress, deflate, br\r\n' +
        'Host: deep-index.moralis.io\r\n' +
        'Connection: close\r\n' +
        '\r\n',
      _keepAliveTimeout: 0,
      _onPendingData: [Function: nop],
      agent: [Agent],
      socketPath: undefined,
      method: 'GET',
      maxHeaderSize: undefined,
      insecureHTTPParser: undefined,
      path: '/api/v2.2/0xebacaddb6b28241b59c53d01aeca53a4ae12eaa4/nft?chain=0x89&format=decimal&token_addresses[]=0xcd03575fd76aa553aea26812e9d68d0df5ad1ae3&media_items=true',
      _ended: true,
      res: [IncomingMessage],
      aborted: false,
      timeoutCb: null,
      upgradeOrConnect: false,
      parser: null,
      maxHeadersCount: null,
      reusedSocket: false,
      host: 'deep-index.moralis.io',
      protocol: 'https:',
      _redirectable: [Writable],
      [Symbol(kCapture)]: false,
      [Symbol(kBytesWritten)]: 0,
      [Symbol(kEndCalled)]: true,
      [Symbol(kNeedDrain)]: false,
      [Symbol(corked)]: 0,
      [Symbol(kOutHeaders)]: [Object: null prototype],
      [Symbol(kUniqueHeaders)]: null
    },
    response: {
      status: 500,
      statusText: 'Internal Server Error',
      headers: [Object [AxiosHeaders]],
      config: [Object],
      request: [ClientRequest],
      data: [Object]
    }
  }
}
MoralisError [Moralis SDK Core Error]: [C0006] Request failed, Internal Server Error(500): Unknown error occurred. Please try again or contact support.
    at RequestController.makeError (/home/eskillzs/eSKILLZ/node_modules/@moralisweb3/common-core/lib/cjs/index.cjs:1224:20)
    at RequestController.<anonymous> (/home/eskillzs/eSKILLZ/node_modules/@moralisweb3/common-core/lib/cjs/index.cjs:1205:38)
    at step (/home/eskillzs/eSKILLZ/node_modules/@moralisweb3/common-core/lib/cjs/index.cjs:83:23)
    at Object.throw (/home/eskillzs/eSKILLZ/node_modules/@moralisweb3/common-core/lib/cjs/index.cjs:64:53)
    at rejected (/home/eskillzs/eSKILLZ/node_modules/@moralisweb3/common-core/lib/cjs/index.cjs:55:65)
    at processTicksAndRejections (node:internal/process/task_queues:96:5) {
  isMoralisError: true,
  code: 'C0006',
  details: {
    status: 500,
    response: {
      status: 500,
      statusText: 'Internal Server Error',
      headers: [Object [AxiosHeaders]],
      config: [Object],
      request: [ClientRequest],
      data: [Object]
    }
  },
  [cause]: AxiosError: Request failed with status code 500
      at settle (/home/eskillzs/eSKILLZ/node_modules/@moralisweb3/common-core/node_modules/axios/dist/node/axios.cjs:1966:12)
      at IncomingMessage.handleStreamEnd (/home/eskillzs/eSKILLZ/node_modules/@moralisweb3/common-core/node_modules/axios/dist/node/axios.cjs:3065:11)
      at IncomingMessage.emit (node:events:525:35)
      at endReadableNT (node:internal/streams/readable:1358:12)
      at processTicksAndRejections (node:internal/process/task_queues:83:21)
      at Axios.request (/home/eskillzs/eSKILLZ/node_modules/@moralisweb3/common-core/node_modules/axios/dist/node/axios.cjs:3876:41)
      at processTicksAndRejections (node:internal/process/task_queues:96:5) {
    code: 'ERR_BAD_RESPONSE',
    config: {
      transitional: [Object],
      adapter: [Array],
      transformRequest: [Array],
      transformResponse: [Array],
      timeout: 20000,
      xsrfCookieName: 'XSRF-TOKEN',
      xsrfHeaderName: 'X-XSRF-TOKEN',
      maxContentLength: Infinity,
      maxBodyLength: Infinity,
      env: [Object],
      validateStatus: [Function: validateStatus],
      headers: [Object [AxiosHeaders]],
      method: 'get',
      url: 'https://deep-index.moralis.io/api/v2.2/0xebacaddb6b28241b59c53d01aeca53a4ae12eaa4/nft',
      params: [Object],
      data: undefined
    },
    request: ClientRequest {
      _events: [Object: null prototype],
      _eventsCount: 7,
      _maxListeners: undefined,
      outputData: [],
      outputSize: 0,
      writable: true,
      destroyed: false,
      _last: true,
      chunkedEncoding: false,
      shouldKeepAlive: false,
      maxRequestsOnConnectionReached: false,
      _defaultKeepAlive: true,
      useChunkedEncodingByDefault: false,
      sendDate: false,
      _removedConnection: false,
      _removedContLen: false,
      _removedTE: false,
      strictContentLength: false,
      _contentLength: 0,
      _hasBody: true,
      _trailer: '',
      finished: true,
      _headerSent: true,
      _closed: false,
      socket: [TLSSocket],
      _header: 'GET /api/v2.2/0xebacaddb6b28241b59c53d01aeca53a4ae12eaa4/nft?chain=0x89&format=decimal&token_addresses[]=0x39d007bae99bdd1e4c3cec4a58496b05330fec0a&media_items=true HTTP/1.1\r\n' +
        'Accept: application/json, text/plain, */*\r\n' +
        'x-moralis-platform: NodeJS SDK\r\n' +
        'x-moralis-platform-version: 2.25.1\r\n' +
        'x-moralis-build-target: node\r\n' +
        'x-api-key: eyJhbGciOiJIUzI1NiIsInR5cCI6IkpXVCJ9.eyJub25jZSI6Ijk3MjlmNmY0LTA4OTQtNGZkOC04NzBkLTkyZDFmOTZhMTljMiIsIm9yZ0lkIjoiMjk1MTU4IiwidXNlcklkIjoiMzAyMTA4IiwidHlwZUlkIjoiYTAyZmNhYmQtMGY3MC00ZjQ2LTg1NmUtZmQ1YjRmOTJiMWJkIiwidHlwZSI6IlBST0pFQ1QiLCJpYXQiOjE3MTA5MTc2MDMsImV4cCI6NDg2NjY3NzYwM30.bYdWb1zCQPrKR_Mn-CHHtvfBUCK7cSIbb6TQBTiu8j8\r\n' +
        'User-Agent: axios/1.6.8\r\n' +
        'Accept-Encoding: gzip, compress, deflate, br\r\n' +
        'Host: deep-index.moralis.io\r\n' +
        'Connection: close\r\n' +
        '\r\n',
      _keepAliveTimeout: 0,
      _onPendingData: [Function: nop],
      agent: [Agent],
      socketPath: undefined,
      method: 'GET',
      maxHeaderSize: undefined,
      insecureHTTPParser: undefined,
      path: '/api/v2.2/0xebacaddb6b28241b59c53d01aeca53a4ae12eaa4/nft?chain=0x89&format=decimal&token_addresses[]=0x39d007bae99bdd1e4c3cec4a58496b05330fec0a&media_items=true',
      _ended: true,
      res: [IncomingMessage],
      aborted: false,
      timeoutCb: null,
      upgradeOrConnect: false,
      parser: null,
      maxHeadersCount: null,
      reusedSocket: false,
      host: 'deep-index.moralis.io',
      protocol: 'https:',
      _redirectable: [Writable],
      [Symbol(kCapture)]: false,
      [Symbol(kBytesWritten)]: 0,
      [Symbol(kEndCalled)]: true,
      [Symbol(kNeedDrain)]: false,
      [Symbol(corked)]: 0,
      [Symbol(kOutHeaders)]: [Object: null prototype],
      [Symbol(kUniqueHeaders)]: null
    },
    response: {
      status: 500,
      statusText: 'Internal Server Error',
      headers: [Object [AxiosHeaders]],
      config: [Object],
      request: [ClientRequest],
      data: [Object]
    }
  }
}
MoralisError [Moralis SDK Core Error]: [C0006] Request failed, Internal Server Error(500): Unknown error occurred. Please try again or contact support.
    at RequestController.makeError (/home/eskillzs/eSKILLZ/node_modules/@moralisweb3/common-core/lib/cjs/index.cjs:1224:20)
    at RequestController.<anonymous> (/home/eskillzs/eSKILLZ/node_modules/@moralisweb3/common-core/lib/cjs/index.cjs:1205:38)
    at step (/home/eskillzs/eSKILLZ/node_modules/@moralisweb3/common-core/lib/cjs/index.cjs:83:23)
    at Object.throw (/home/eskillzs/eSKILLZ/node_modules/@moralisweb3/common-core/lib/cjs/index.cjs:64:53)
    at rejected (/home/eskillzs/eSKILLZ/node_modules/@moralisweb3/common-core/lib/cjs/index.cjs:55:65)
    at processTicksAndRejections (node:internal/process/task_queues:96:5) {
  isMoralisError: true,
  code: 'C0006',
  details: {
    status: 500,
    response: {
      status: 500,
      statusText: 'Internal Server Error',
      headers: [Object [AxiosHeaders]],
      config: [Object],
      request: [ClientRequest],
      data: [Object]
    }
  },
  [cause]: AxiosError: Request failed with status code 500
      at settle (/home/eskillzs/eSKILLZ/node_modules/@moralisweb3/common-core/node_modules/axios/dist/node/axios.cjs:1966:12)
      at IncomingMessage.handleStreamEnd (/home/eskillzs/eSKILLZ/node_modules/@moralisweb3/common-core/node_modules/axios/dist/node/axios.cjs:3065:11)
      at IncomingMessage.emit (node:events:525:35)
      at endReadableNT (node:internal/streams/readable:1358:12)
      at processTicksAndRejections (node:internal/process/task_queues:83:21)
      at Axios.request (/home/eskillzs/eSKILLZ/node_modules/@moralisweb3/common-core/node_modules/axios/dist/node/axios.cjs:3876:41)
      at processTicksAndRejections (node:internal/process/task_queues:96:5) {
    code: 'ERR_BAD_RESPONSE',
    config: {
      transitional: [Object],
      adapter: [Array],
      transformRequest: [Array],
      transformResponse: [Array],
      timeout: 20000,
      xsrfCookieName: 'XSRF-TOKEN',
      xsrfHeaderName: 'X-XSRF-TOKEN',
      maxContentLength: Infinity,
      maxBodyLength: Infinity,
      env: [Object],
      validateStatus: [Function: validateStatus],
      headers: [Object [AxiosHeaders]],
      method: 'get',
      url: 'https://deep-index.moralis.io/api/v2.2/0xebacaddb6b28241b59c53d01aeca53a4ae12eaa4/nft',
      params: [Object],
      data: undefined
    },
    request: ClientRequest {
      _events: [Object: null prototype],
      _eventsCount: 7,
      _maxListeners: undefined,
      outputData: [],
      outputSize: 0,
      writable: true,
      destroyed: false,
      _last: true,
      chunkedEncoding: false,
      shouldKeepAlive: false,
      maxRequestsOnConnectionReached: false,
      _defaultKeepAlive: true,
      useChunkedEncodingByDefault: false,
      sendDate: false,
      _removedConnection: false,
      _removedContLen: false,
      _removedTE: false,
      strictContentLength: false,
      _contentLength: 0,
      _hasBody: true,
      _trailer: '',
      finished: true,
      _headerSent: true,
      _closed: false,
      socket: [TLSSocket],
      _header: 'GET /api/v2.2/0xebacaddb6b28241b59c53d01aeca53a4ae12eaa4/nft?chain=0x89&format=decimal&token_addresses[]=0xb61df32b42d9f5518f52093caef0f1104e2a4b04&media_items=true HTTP/1.1\r\n' +
        'Accept: application/json, text/plain, */*\r\n' +
        'x-moralis-platform: NodeJS SDK\r\n' +
        'x-moralis-platform-version: 2.25.1\r\n' +
        'x-moralis-build-target: node\r\n' +
        'x-api-key: eyJhbGciOiJIUzI1NiIsInR5cCI6IkpXVCJ9.eyJub25jZSI6Ijk3MjlmNmY0LTA4OTQtNGZkOC04NzBkLTkyZDFmOTZhMTljMiIsIm9yZ0lkIjoiMjk1MTU4IiwidXNlcklkIjoiMzAyMTA4IiwidHlwZUlkIjoiYTAyZmNhYmQtMGY3MC00ZjQ2LTg1NmUtZmQ1YjRmOTJiMWJkIiwidHlwZSI6IlBST0pFQ1QiLCJpYXQiOjE3MTA5MTc2MDMsImV4cCI6NDg2NjY3NzYwM30.bYdWb1zCQPrKR_Mn-CHHtvfBUCK7cSIbb6TQBTiu8j8\r\n' +
        'User-Agent: axios/1.6.8\r\n' +
        'Accept-Encoding: gzip, compress, deflate, br\r\n' +
        'Host: deep-index.moralis.io\r\n' +
        'Connection: close\r\n' +
        '\r\n',
      _keepAliveTimeout: 0,
      _onPendingData: [Function: nop],
      agent: [Agent],
      socketPath: undefined,
      method: 'GET',
      maxHeaderSize: undefined,
      insecureHTTPParser: undefined,
      path: '/api/v2.2/0xebacaddb6b28241b59c53d01aeca53a4ae12eaa4/nft?chain=0x89&format=decimal&token_addresses[]=0xb61df32b42d9f5518f52093caef0f1104e2a4b04&media_items=true',
      _ended: true,
      res: [IncomingMessage],
      aborted: false,
      timeoutCb: null,
      upgradeOrConnect: false,
      parser: null,
      maxHeadersCount: null,
      reusedSocket: false,
      host: 'deep-index.moralis.io',
      protocol: 'https:',
      _redirectable: [Writable],
      [Symbol(kCapture)]: false,
      [Symbol(kBytesWritten)]: 0,
      [Symbol(kEndCalled)]: true,
      [Symbol(kNeedDrain)]: false,
      [Symbol(corked)]: 0,
      [Symbol(kOutHeaders)]: [Object: null prototype],
      [Symbol(kUniqueHeaders)]: null
    },
    response: {
      status: 500,
      statusText: 'Internal Server Error',
      headers: [Object [AxiosHeaders]],
      config: [Object],
      request: [ClientRequest],
      data: [Object]
    }
  }
}
MoralisError [Moralis SDK Core Error]: [C0006] Request failed, Internal Server Error(500): Unknown error occurred. Please try again or contact support.
    at RequestController.makeError (/home/eskillzs/eSKILLZ/node_modules/@moralisweb3/common-core/lib/cjs/index.cjs:1224:20)
    at RequestController.<anonymous> (/home/eskillzs/eSKILLZ/node_modules/@moralisweb3/common-core/lib/cjs/index.cjs:1205:38)
    at step (/home/eskillzs/eSKILLZ/node_modules/@moralisweb3/common-core/lib/cjs/index.cjs:83:23)
    at Object.throw (/home/eskillzs/eSKILLZ/node_modules/@moralisweb3/common-core/lib/cjs/index.cjs:64:53)
    at rejected (/home/eskillzs/eSKILLZ/node_modules/@moralisweb3/common-core/lib/cjs/index.cjs:55:65)
    at processTicksAndRejections (node:internal/process/task_queues:96:5) {
  isMoralisError: true,
  code: 'C0006',
  details: {
    status: 500,
    response: {
      status: 500,
      statusText: 'Internal Server Error',
      headers: [Object [AxiosHeaders]],
      config: [Object],
      request: [ClientRequest],
      data: [Object]
    }
  },
  [cause]: AxiosError: Request failed with status code 500
      at settle (/home/eskillzs/eSKILLZ/node_modules/@moralisweb3/common-core/node_modules/axios/dist/node/axios.cjs:1966:12)
      at IncomingMessage.handleStreamEnd (/home/eskillzs/eSKILLZ/node_modules/@moralisweb3/common-core/node_modules/axios/dist/node/axios.cjs:3065:11)
      at IncomingMessage.emit (node:events:525:35)
      at endReadableNT (node:internal/streams/readable:1358:12)
      at processTicksAndRejections (node:internal/process/task_queues:83:21)
      at Axios.request (/home/eskillzs/eSKILLZ/node_modules/@moralisweb3/common-core/node_modules/axios/dist/node/axios.cjs:3876:41)
      at processTicksAndRejections (node:internal/process/task_queues:96:5) {
    code: 'ERR_BAD_RESPONSE',
    config: {
      transitional: [Object],
      adapter: [Array],
      transformRequest: [Array],
      transformResponse: [Array],
      timeout: 20000,
      xsrfCookieName: 'XSRF-TOKEN',
      xsrfHeaderName: 'X-XSRF-TOKEN',
      maxContentLength: Infinity,
      maxBodyLength: Infinity,
      env: [Object],
      validateStatus: [Function: validateStatus],
      headers: [Object [AxiosHeaders]],
      method: 'get',
      url: 'https://deep-index.moralis.io/api/v2.2/0xebacaddb6b28241b59c53d01aeca53a4ae12eaa4/nft',
      params: [Object],
      data: undefined
    },
    request: ClientRequest {
      _events: [Object: null prototype],
      _eventsCount: 7,
      _maxListeners: undefined,
      outputData: [],
      outputSize: 0,
      writable: true,
      destroyed: false,
      _last: true,
      chunkedEncoding: false,
      shouldKeepAlive: false,
      maxRequestsOnConnectionReached: false,
      _defaultKeepAlive: true,
      useChunkedEncodingByDefault: false,
      sendDate: false,
      _removedConnection: false,
      _removedContLen: false,
      _removedTE: false,
      strictContentLength: false,
      _contentLength: 0,
      _hasBody: true,
      _trailer: '',
      finished: true,
      _headerSent: true,
      _closed: false,
      socket: [TLSSocket],
      _header: 'GET /api/v2.2/0xebacaddb6b28241b59c53d01aeca53a4ae12eaa4/nft?chain=0x89&format=decimal&token_addresses[]=0x531a63b59ae113adfa318b46ced64bff94989bf8&media_items=true HTTP/1.1\r\n' +
        'Accept: application/json, text/plain, */*\r\n' +
        'x-moralis-platform: NodeJS SDK\r\n' +
        'x-moralis-platform-version: 2.25.1\r\n' +
        'x-moralis-build-target: node\r\n' +
        'x-api-key: eyJhbGciOiJIUzI1NiIsInR5cCI6IkpXVCJ9.eyJub25jZSI6Ijk3MjlmNmY0LTA4OTQtNGZkOC04NzBkLTkyZDFmOTZhMTljMiIsIm9yZ0lkIjoiMjk1MTU4IiwidXNlcklkIjoiMzAyMTA4IiwidHlwZUlkIjoiYTAyZmNhYmQtMGY3MC00ZjQ2LTg1NmUtZmQ1YjRmOTJiMWJkIiwidHlwZSI6IlBST0pFQ1QiLCJpYXQiOjE3MTA5MTc2MDMsImV4cCI6NDg2NjY3NzYwM30.bYdWb1zCQPrKR_Mn-CHHtvfBUCK7cSIbb6TQBTiu8j8\r\n' +
        'User-Agent: axios/1.6.8\r\n' +
        'Accept-Encoding: gzip, compress, deflate, br\r\n' +
        'Host: deep-index.moralis.io\r\n' +
        'Connection: close\r\n' +
        '\r\n',
      _keepAliveTimeout: 0,
      _onPendingData: [Function: nop],
      agent: [Agent],
      socketPath: undefined,
      method: 'GET',
      maxHeaderSize: undefined,
      insecureHTTPParser: undefined,
      path: '/api/v2.2/0xebacaddb6b28241b59c53d01aeca53a4ae12eaa4/nft?chain=0x89&format=decimal&token_addresses[]=0x531a63b59ae113adfa318b46ced64bff94989bf8&media_items=true',
      _ended: true,
      res: [IncomingMessage],
      aborted: false,
      timeoutCb: null,
      upgradeOrConnect: false,
      parser: null,
      maxHeadersCount: null,
      reusedSocket: false,
      host: 'deep-index.moralis.io',
      protocol: 'https:',
      _redirectable: [Writable],
      [Symbol(kCapture)]: false,
      [Symbol(kBytesWritten)]: 0,
      [Symbol(kEndCalled)]: true,
      [Symbol(kNeedDrain)]: false,
      [Symbol(corked)]: 0,
      [Symbol(kOutHeaders)]: [Object: null prototype],
      [Symbol(kUniqueHeaders)]: null
    },
    response: {
      status: 500,
      statusText: 'Internal Server Error',
      headers: [Object [AxiosHeaders]],
      config: [Object],
      request: [ClientRequest],
      data: [Object]
    }
  }
}
MoralisError [Moralis SDK Core Error]: [C0006] Request failed, Internal Server Error(500): Unknown error occurred. Please try again or contact support.
    at RequestController.makeError (/home/eskillzs/eSKILLZ/node_modules/@moralisweb3/common-core/lib/cjs/index.cjs:1224:20)
    at RequestController.<anonymous> (/home/eskillzs/eSKILLZ/node_modules/@moralisweb3/common-core/lib/cjs/index.cjs:1205:38)
    at step (/home/eskillzs/eSKILLZ/node_modules/@moralisweb3/common-core/lib/cjs/index.cjs:83:23)
    at Object.throw (/home/eskillzs/eSKILLZ/node_modules/@moralisweb3/common-core/lib/cjs/index.cjs:64:53)
    at rejected (/home/eskillzs/eSKILLZ/node_modules/@moralisweb3/common-core/lib/cjs/index.cjs:55:65)
    at processTicksAndRejections (node:internal/process/task_queues:96:5) {
  isMoralisError: true,
  code: 'C0006',
  details: {
    status: 500,
    response: {
      status: 500,
      statusText: 'Internal Server Error',
      headers: [Object [AxiosHeaders]],
      config: [Object],
      request: [ClientRequest],
      data: [Object]
    }
  },
  [cause]: AxiosError: Request failed with status code 500
      at settle (/home/eskillzs/eSKILLZ/node_modules/@moralisweb3/common-core/node_modules/axios/dist/node/axios.cjs:1966:12)
      at IncomingMessage.handleStreamEnd (/home/eskillzs/eSKILLZ/node_modules/@moralisweb3/common-core/node_modules/axios/dist/node/axios.cjs:3065:11)
      at IncomingMessage.emit (node:events:525:35)
      at endReadableNT (node:internal/streams/readable:1358:12)
      at processTicksAndRejections (node:internal/process/task_queues:83:21)
      at Axios.request (/home/eskillzs/eSKILLZ/node_modules/@moralisweb3/common-core/node_modules/axios/dist/node/axios.cjs:3876:41)
      at processTicksAndRejections (node:internal/process/task_queues:96:5) {
    code: 'ERR_BAD_RESPONSE',
    config: {
      transitional: [Object],
      adapter: [Array],
      transformRequest: [Array],
      transformResponse: [Array],
      timeout: 20000,
      xsrfCookieName: 'XSRF-TOKEN',
      xsrfHeaderName: 'X-XSRF-TOKEN',
      maxContentLength: Infinity,
      maxBodyLength: Infinity,
      env: [Object],
      validateStatus: [Function: validateStatus],
      headers: [Object [AxiosHeaders]],
      method: 'get',
      url: 'https://deep-index.moralis.io/api/v2.2/0xebacaddb6b28241b59c53d01aeca53a4ae12eaa4/nft',
      params: [Object],
      data: undefined
    },
    request: ClientRequest {
      _events: [Object: null prototype],
      _eventsCount: 7,
      _maxListeners: undefined,
      outputData: [],
      outputSize: 0,
      writable: true,
      destroyed: false,
      _last: true,
      chunkedEncoding: false,
      shouldKeepAlive: false,
      maxRequestsOnConnectionReached: false,
      _defaultKeepAlive: true,
      useChunkedEncodingByDefault: false,
      sendDate: false,
      _removedConnection: false,
      _removedContLen: false,
      _removedTE: false,
      strictContentLength: false,
      _contentLength: 0,
      _hasBody: true,
      _trailer: '',
      finished: true,
      _headerSent: true,
      _closed: false,
      socket: [TLSSocket],
      _header: 'GET /api/v2.2/0xebacaddb6b28241b59c53d01aeca53a4ae12eaa4/nft?chain=0x89&format=decimal&token_addresses[]=0xd9095c42fab1f40a7f376078431ab984776ace95&media_items=true HTTP/1.1\r\n' +
        'Accept: application/json, text/plain, */*\r\n' +
        'x-moralis-platform: NodeJS SDK\r\n' +
        'x-moralis-platform-version: 2.25.1\r\n' +
        'x-moralis-build-target: node\r\n' +
        'x-api-key: eyJhbGciOiJIUzI1NiIsInR5cCI6IkpXVCJ9.eyJub25jZSI6Ijk3MjlmNmY0LTA4OTQtNGZkOC04NzBkLTkyZDFmOTZhMTljMiIsIm9yZ0lkIjoiMjk1MTU4IiwidXNlcklkIjoiMzAyMTA4IiwidHlwZUlkIjoiYTAyZmNhYmQtMGY3MC00ZjQ2LTg1NmUtZmQ1YjRmOTJiMWJkIiwidHlwZSI6IlBST0pFQ1QiLCJpYXQiOjE3MTA5MTc2MDMsImV4cCI6NDg2NjY3NzYwM30.bYdWb1zCQPrKR_Mn-CHHtvfBUCK7cSIbb6TQBTiu8j8\r\n' +
        'User-Agent: axios/1.6.8\r\n' +
        'Accept-Encoding: gzip, compress, deflate, br\r\n' +
        'Host: deep-index.moralis.io\r\n' +
        'Connection: close\r\n' +
        '\r\n',
      _keepAliveTimeout: 0,
      _onPendingData: [Function: nop],
      agent: [Agent],
      socketPath: undefined,
      method: 'GET',
      maxHeaderSize: undefined,
      insecureHTTPParser: undefined,
      path: '/api/v2.2/0xebacaddb6b28241b59c53d01aeca53a4ae12eaa4/nft?chain=0x89&format=decimal&token_addresses[]=0xd9095c42fab1f40a7f376078431ab984776ace95&media_items=true',
      _ended: true,
      res: [IncomingMessage],
      aborted: false,
      timeoutCb: null,
      upgradeOrConnect: false,
      parser: null,
      maxHeadersCount: null,
      reusedSocket: false,
      host: 'deep-index.moralis.io',
      protocol: 'https:',
      _redirectable: [Writable],
      [Symbol(kCapture)]: false,
      [Symbol(kBytesWritten)]: 0,
      [Symbol(kEndCalled)]: true,
      [Symbol(kNeedDrain)]: false,
      [Symbol(corked)]: 0,
      [Symbol(kOutHeaders)]: [Object: null prototype],
      [Symbol(kUniqueHeaders)]: null
    },
    response: {
      status: 500,
      statusText: 'Internal Server Error',
      headers: [Object [AxiosHeaders]],
      config: [Object],
      request: [ClientRequest],
      data: [Object]
    }
  }
}
MoralisError [Moralis SDK Core Error]: [C0006] Request failed, Internal Server Error(500): Unknown error occurred. Please try again or contact support.
    at RequestController.makeError (/home/eskillzs/eSKILLZ/node_modules/@moralisweb3/common-core/lib/cjs/index.cjs:1224:20)
    at RequestController.<anonymous> (/home/eskillzs/eSKILLZ/node_modules/@moralisweb3/common-core/lib/cjs/index.cjs:1205:38)
    at step (/home/eskillzs/eSKILLZ/node_modules/@moralisweb3/common-core/lib/cjs/index.cjs:83:23)
    at Object.throw (/home/eskillzs/eSKILLZ/node_modules/@moralisweb3/common-core/lib/cjs/index.cjs:64:53)
    at rejected (/home/eskillzs/eSKILLZ/node_modules/@moralisweb3/common-core/lib/cjs/index.cjs:55:65)
    at processTicksAndRejections (node:internal/process/task_queues:96:5) {
  isMoralisError: true,
  code: 'C0006',
  details: {
    status: 500,
    response: {
      status: 500,
      statusText: 'Internal Server Error',
      headers: [Object [AxiosHeaders]],
      config: [Object],
      request: [ClientRequest],
      data: [Object]
    }
  },
  [cause]: AxiosError: Request failed with status code 500
      at settle (/home/eskillzs/eSKILLZ/node_modules/@moralisweb3/common-core/node_modules/axios/dist/node/axios.cjs:1966:12)
      at IncomingMessage.handleStreamEnd (/home/eskillzs/eSKILLZ/node_modules/@moralisweb3/common-core/node_modules/axios/dist/node/axios.cjs:3065:11)
      at IncomingMessage.emit (node:events:525:35)
      at endReadableNT (node:internal/streams/readable:1358:12)
      at processTicksAndRejections (node:internal/process/task_queues:83:21)
      at Axios.request (/home/eskillzs/eSKILLZ/node_modules/@moralisweb3/common-core/node_modules/axios/dist/node/axios.cjs:3876:41)
      at processTicksAndRejections (node:internal/process/task_queues:96:5) {
    code: 'ERR_BAD_RESPONSE',
    config: {
      transitional: [Object],
      adapter: [Array],
      transformRequest: [Array],
      transformResponse: [Array],
      timeout: 20000,
      xsrfCookieName: 'XSRF-TOKEN',
      xsrfHeaderName: 'X-XSRF-TOKEN',
      maxContentLength: Infinity,
      maxBodyLength: Infinity,
      env: [Object],
      validateStatus: [Function: validateStatus],
      headers: [Object [AxiosHeaders]],
      method: 'get',
      url: 'https://deep-index.moralis.io/api/v2.2/0xebacaddb6b28241b59c53d01aeca53a4ae12eaa4/nft',
      params: [Object],
      data: undefined
    },
    request: ClientRequest {
      _events: [Object: null prototype],
      _eventsCount: 7,
      _maxListeners: undefined,
      outputData: [],
      outputSize: 0,
      writable: true,
      destroyed: false,
      _last: true,
      chunkedEncoding: false,
      shouldKeepAlive: false,
      maxRequestsOnConnectionReached: false,
      _defaultKeepAlive: true,
      useChunkedEncodingByDefault: false,
      sendDate: false,
      _removedConnection: false,
      _removedContLen: false,
      _removedTE: false,
      strictContentLength: false,
      _contentLength: 0,
      _hasBody: true,
      _trailer: '',
      finished: true,
      _headerSent: true,
      _closed: false,
      socket: [TLSSocket],
      _header: 'GET /api/v2.2/0xebacaddb6b28241b59c53d01aeca53a4ae12eaa4/nft?chain=0x89&format=decimal&token_addresses[]=0xc7e269fe785d5def61c29c91dc254067f75568be&media_items=true HTTP/1.1\r\n' +
        'Accept: application/json, text/plain, */*\r\n' +
        'x-moralis-platform: NodeJS SDK\r\n' +
        'x-moralis-platform-version: 2.25.1\r\n' +
        'x-moralis-build-target: node\r\n' +
        'x-api-key: eyJhbGciOiJIUzI1NiIsInR5cCI6IkpXVCJ9.eyJub25jZSI6Ijk3MjlmNmY0LTA4OTQtNGZkOC04NzBkLTkyZDFmOTZhMTljMiIsIm9yZ0lkIjoiMjk1MTU4IiwidXNlcklkIjoiMzAyMTA4IiwidHlwZUlkIjoiYTAyZmNhYmQtMGY3MC00ZjQ2LTg1NmUtZmQ1YjRmOTJiMWJkIiwidHlwZSI6IlBST0pFQ1QiLCJpYXQiOjE3MTA5MTc2MDMsImV4cCI6NDg2NjY3NzYwM30.bYdWb1zCQPrKR_Mn-CHHtvfBUCK7cSIbb6TQBTiu8j8\r\n' +
        'User-Agent: axios/1.6.8\r\n' +
        'Accept-Encoding: gzip, compress, deflate, br\r\n' +
        'Host: deep-index.moralis.io\r\n' +
        'Connection: close\r\n' +
        '\r\n',
      _keepAliveTimeout: 0,
      _onPendingData: [Function: nop],
      agent: [Agent],
      socketPath: undefined,
      method: 'GET',
      maxHeaderSize: undefined,
      insecureHTTPParser: undefined,
      path: '/api/v2.2/0xebacaddb6b28241b59c53d01aeca53a4ae12eaa4/nft?chain=0x89&format=decimal&token_addresses[]=0xc7e269fe785d5def61c29c91dc254067f75568be&media_items=true',
      _ended: true,
      res: [IncomingMessage],
      aborted: false,
      timeoutCb: null,
      upgradeOrConnect: false,
      parser: null,
      maxHeadersCount: null,
      reusedSocket: false,
      host: 'deep-index.moralis.io',
      protocol: 'https:',
      _redirectable: [Writable],
      [Symbol(kCapture)]: false,
      [Symbol(kBytesWritten)]: 0,
      [Symbol(kEndCalled)]: true,
      [Symbol(kNeedDrain)]: false,
      [Symbol(corked)]: 0,
      [Symbol(kOutHeaders)]: [Object: null prototype],
      [Symbol(kUniqueHeaders)]: null
    },
    response: {
      status: 500,
      statusText: 'Internal Server Error',
      headers: [Object [AxiosHeaders]],
      config: [Object],
      request: [ClientRequest],
      data: [Object]
    }
  }
}
MoralisError [Moralis SDK Core Error]: [C0006] Request failed, Internal Server Error(500): Unknown error occurred. Please try again or contact support.
    at RequestController.makeError (/home/eskillzs/eSKILLZ/node_modules/@moralisweb3/common-core/lib/cjs/index.cjs:1224:20)
    at RequestController.<anonymous> (/home/eskillzs/eSKILLZ/node_modules/@moralisweb3/common-core/lib/cjs/index.cjs:1205:38)
    at step (/home/eskillzs/eSKILLZ/node_modules/@moralisweb3/common-core/lib/cjs/index.cjs:83:23)
    at Object.throw (/home/eskillzs/eSKILLZ/node_modules/@moralisweb3/common-core/lib/cjs/index.cjs:64:53)
    at rejected (/home/eskillzs/eSKILLZ/node_modules/@moralisweb3/common-core/lib/cjs/index.cjs:55:65)
    at processTicksAndRejections (node:internal/process/task_queues:96:5) {
  isMoralisError: true,
  code: 'C0006',
  details: {
    status: 500,
    response: {
      status: 500,
      statusText: 'Internal Server Error',
      headers: [Object [AxiosHeaders]],
      config: [Object],
      request: [ClientRequest],
      data: [Object]
    }
  },
  [cause]: AxiosError: Request failed with status code 500
      at settle (/home/eskillzs/eSKILLZ/node_modules/@moralisweb3/common-core/node_modules/axios/dist/node/axios.cjs:1966:12)
      at IncomingMessage.handleStreamEnd (/home/eskillzs/eSKILLZ/node_modules/@moralisweb3/common-core/node_modules/axios/dist/node/axios.cjs:3065:11)
      at IncomingMessage.emit (node:events:525:35)
      at endReadableNT (node:internal/streams/readable:1358:12)
      at processTicksAndRejections (node:internal/process/task_queues:83:21)
      at Axios.request (/home/eskillzs/eSKILLZ/node_modules/@moralisweb3/common-core/node_modules/axios/dist/node/axios.cjs:3876:41)
      at processTicksAndRejections (node:internal/process/task_queues:96:5) {
    code: 'ERR_BAD_RESPONSE',
    config: {
      transitional: [Object],
      adapter: [Array],
      transformRequest: [Array],
      transformResponse: [Array],
      timeout: 20000,
      xsrfCookieName: 'XSRF-TOKEN',
      xsrfHeaderName: 'X-XSRF-TOKEN',
      maxContentLength: Infinity,
      maxBodyLength: Infinity,
      env: [Object],
      validateStatus: [Function: validateStatus],
      headers: [Object [AxiosHeaders]],
      method: 'get',
      url: 'https://deep-index.moralis.io/api/v2.2/0xebacaddb6b28241b59c53d01aeca53a4ae12eaa4/nft',
      params: [Object],
      data: undefined
    },
    request: ClientRequest {
      _events: [Object: null prototype],
      _eventsCount: 7,
      _maxListeners: undefined,
      outputData: [],
      outputSize: 0,
      writable: true,
      destroyed: false,
      _last: true,
      chunkedEncoding: false,
      shouldKeepAlive: false,
      maxRequestsOnConnectionReached: false,
      _defaultKeepAlive: true,
      useChunkedEncodingByDefault: false,
      sendDate: false,
      _removedConnection: false,
      _removedContLen: false,
      _removedTE: false,
      strictContentLength: false,
      _contentLength: 0,
      _hasBody: true,
      _trailer: '',
      finished: true,
      _headerSent: true,
      _closed: false,
      socket: [TLSSocket],
      _header: 'GET /api/v2.2/0xebacaddb6b28241b59c53d01aeca53a4ae12eaa4/nft?chain=0x89&format=decimal&token_addresses[]=0x072612df4b37004f6f27cf1a03ba3966e1774685&media_items=true HTTP/1.1\r\n' +
        'Accept: application/json, text/plain, */*\r\n' +
        'x-moralis-platform: NodeJS SDK\r\n' +
        'x-moralis-platform-version: 2.25.1\r\n' +
        'x-moralis-build-target: node\r\n' +
        'x-api-key: eyJhbGciOiJIUzI1NiIsInR5cCI6IkpXVCJ9.eyJub25jZSI6Ijk3MjlmNmY0LTA4OTQtNGZkOC04NzBkLTkyZDFmOTZhMTljMiIsIm9yZ0lkIjoiMjk1MTU4IiwidXNlcklkIjoiMzAyMTA4IiwidHlwZUlkIjoiYTAyZmNhYmQtMGY3MC00ZjQ2LTg1NmUtZmQ1YjRmOTJiMWJkIiwidHlwZSI6IlBST0pFQ1QiLCJpYXQiOjE3MTA5MTc2MDMsImV4cCI6NDg2NjY3NzYwM30.bYdWb1zCQPrKR_Mn-CHHtvfBUCK7cSIbb6TQBTiu8j8\r\n' +
        'User-Agent: axios/1.6.8\r\n' +
        'Accept-Encoding: gzip, compress, deflate, br\r\n' +
        'Host: deep-index.moralis.io\r\n' +
        'Connection: close\r\n' +
        '\r\n',
      _keepAliveTimeout: 0,
      _onPendingData: [Function: nop],
      agent: [Agent],
      socketPath: undefined,
      method: 'GET',
      maxHeaderSize: undefined,
      insecureHTTPParser: undefined,
      path: '/api/v2.2/0xebacaddb6b28241b59c53d01aeca53a4ae12eaa4/nft?chain=0x89&format=decimal&token_addresses[]=0x072612df4b37004f6f27cf1a03ba3966e1774685&media_items=true',
      _ended: true,
      res: [IncomingMessage],
      aborted: false,
      timeoutCb: null,
      upgradeOrConnect: false,
      parser: null,
      maxHeadersCount: null,
      reusedSocket: false,
      host: 'deep-index.moralis.io',
      protocol: 'https:',
      _redirectable: [Writable],
      [Symbol(kCapture)]: false,
      [Symbol(kBytesWritten)]: 0,
      [Symbol(kEndCalled)]: true,
      [Symbol(kNeedDrain)]: false,
      [Symbol(corked)]: 0,
      [Symbol(kOutHeaders)]: [Object: null prototype],
      [Symbol(kUniqueHeaders)]: null
    },
    response: {
      status: 500,
      statusText: 'Internal Server Error',
      headers: [Object [AxiosHeaders]],
      config: [Object],
      request: [ClientRequest],
      data: [Object]
    }
  }
}
